{
"type": "FeatureCollection",
"name": "linhas_onibus_osm",
"crs": { "type": "name", "properties": { "name": "urn:ogc:def:crs:OGC:1.3:CRS84" } },
"features": [
{ "type": "Feature", "properties": { "id_osm": 1250084, "nome": "312 - Setor O/ Rodoviária do Plano Piloto (via Estrutural)", "ref": "312" }, "geometry": { "type": "MultiLineString", "coordinates": [ [ [ -47.9391981, -15.7800882 ], [ -47.9389309, -15.7792624 ], [ -47.938824, -15.7789321 ] ], [ [ -47.938824, -15.7789321 ], [ -47.938735, -15.7786675 ], [ -47.9386858, -15.7785212 ], [ -47.9385922, -15.7782428 ], [ -47.9384224, -15.7777375 ], [ -47.9383735, -15.7775921 ] ], [ [ -47.9397192, -15.7824089 ], [ -47.9393698, -15.7813939 ] ], [ [ -48.1227228, -15.7916353 ], [ -48.1223543, -15.7925755 ], [ -48.1222968, -15.7927543 ], [ -48.1219989, -15.7935421 ], [ -48.1219156, -15.7937624 ], [ -48.1218691, -15.7938852 ], [ -48.1213328, -15.7952469 ], [ -48.1212635, -15.7954162 ], [ -48.1210065, -15.7961152 ], [ -48.1208696, -15.7964756 ], [ -48.1207675, -15.7967444 ], [ -48.1207404, -15.7968158 ], [ -48.1206894, -15.7969441 ], [ -48.1205676, -15.7972506 ], [ -48.1204502, -15.797546 ], [ -48.1202845, -15.797963 ], [ -48.1202178, -15.7981523 ], [ -48.1201015, -15.7984853 ], [ -48.1199821, -15.7987957 ], [ -48.1199602, -15.798918 ] ], [ [ -48.119501, -15.7990194 ], [ -48.1195093, -15.7989491 ], [ -48.1195317, -15.7989136 ], [ -48.1195696, -15.798874 ], [ -48.1196475, -15.7988371 ], [ -48.1196675, -15.7988332 ], [ -48.1197166, -15.7988273 ], [ -48.1197986, -15.7988349 ], [ -48.1198496, -15.7988529 ], [ -48.1199602, -15.798918 ], [ -48.11998, -15.7989542 ], [ -48.1200072, -15.7990068 ], [ -48.1200293, -15.7990522 ], [ -48.1200317, -15.7991282 ], [ -48.1200158, -15.7991725 ], [ -48.1199827, -15.7992097 ], [ -48.1199133, -15.7992476 ], [ -48.1198684, -15.7992575 ], [ -48.1198092, -15.7992672 ], [ -48.1197148, -15.7992369 ], [ -48.1196591, -15.7992149 ], [ -48.1195562, -15.7991472 ], [ -48.1195421, -15.7991278 ], [ -48.1195254, -15.7990872 ], [ -48.1195113, -15.7990553 ], [ -48.119501, -15.7990194 ] ], [ [ -48.115955, -15.7972678 ], [ -48.1158833, -15.7973293 ], [ -48.1158362, -15.7974081 ], [ -48.115705, -15.7976471 ] ], [ [ -48.115705, -15.7976471 ], [ -48.1154508, -15.7980697 ], [ -48.1153322, -15.7982931 ], [ -48.1149378, -15.7989982 ], [ -48.1146346, -15.7995502 ], [ -48.1145116, -15.7997741 ] ], [ [ -48.1145116, -15.7997741 ], [ -48.114247, -15.8002556 ], [ -48.1141632, -15.8004082 ] ], [ [ -48.1141632, -15.8004082 ], [ -48.1139834, -15.8007061 ], [ -48.113645, -15.8013352 ] ], [ [ -48.113645, -15.8013352 ], [ -48.1135431, -15.8013939 ], [ -48.1134941, -15.8014106 ], [ -48.1134401, -15.8014234 ], [ -48.1133641, -15.8014255 ], [ -48.1132983, -15.8014132 ], [ -48.113234, -15.8013939 ], [ -48.1131334, -15.8013443 ] ], [ [ -48.1131334, -15.8013443 ], [ -48.1130006, -15.8013042 ], [ -48.1129101, -15.8012893 ], [ -48.1128471, -15.8012997 ], [ -48.1127784, -15.8013422 ], [ -48.1126606, -15.8015035 ], [ -48.1122087, -15.8020881 ], [ -48.1115975, -15.8028946 ], [ -48.111172, -15.803456 ], [ -48.1110627, -15.8036134 ], [ -48.1107563, -15.8040224 ], [ -48.1104579, -15.8044072 ], [ -48.1102949, -15.8046173 ], [ -48.1099751, -15.8050341 ], [ -48.1098121, -15.8052522 ], [ -48.1088077, -15.8065632 ], [ -48.1087096, -15.8066908 ], [ -48.107779, -15.8079014 ], [ -48.1076328, -15.8080982 ], [ -48.1070535, -15.8088526 ], [ -48.1065989, -15.8094447 ], [ -48.1065015, -15.809578 ], [ -48.1064691, -15.8096224 ], [ -48.1060619, -15.8101589 ], [ -48.1054314, -15.8109896 ], [ -48.1053476, -15.8111013 ], [ -48.1051499, -15.8113533 ], [ -48.1050991, -15.8114125 ], [ -48.1048554, -15.8117312 ], [ -48.1043941, -15.8123144 ], [ -48.1043176, -15.8124209 ], [ -48.104201, -15.8125906 ], [ -48.1038932, -15.8130041 ], [ -48.103591, -15.8133986 ], [ -48.1033129, -15.8137564 ], [ -48.1032404, -15.8138497 ], [ -48.103169, -15.8139416 ], [ -48.1030889, -15.8140553 ], [ -48.1030577, -15.8140996 ], [ -48.1028049, -15.8144887 ], [ -48.1026279, -15.8147535 ], [ -48.1023496, -15.81517 ], [ -48.1023221, -15.8152268 ], [ -48.102021, -15.8157661 ], [ -48.1019693, -15.8158538 ] ], [ [ -48.1019693, -15.8158538 ], [ -48.1018366, -15.8160777 ] ], [ [ -48.1018366, -15.8160777 ], [ -48.1017836, -15.8161829 ], [ -48.1016502, -15.8164319 ] ], [ [ -48.1016502, -15.8164319 ], [ -48.1014369, -15.8168261 ] ], [ [ -48.1012572, -15.8167532 ], [ -48.1016274, -15.8160693 ], [ -48.1016743, -15.8159926 ] ], [ [ -48.1016743, -15.8159926 ], [ -48.1015722, -15.8159391 ], [ -48.1014574, -15.8158752 ] ], [ [ -48.1014574, -15.8158752 ], [ -48.1011198, -15.8156878 ], [ -48.1009385, -15.8155934 ] ], [ [ -48.1009385, -15.8155934 ], [ -48.1007276, -15.8154835 ], [ -48.1006013, -15.8154177 ], [ -48.1000952, -15.815154 ], [ -48.099582, -15.8148866 ], [ -48.0994722, -15.8148294 ] ], [ [ -48.0994722, -15.8148294 ], [ -48.0990683, -15.814619 ], [ -48.0989332, -15.8145486 ] ], [ [ -48.0989332, -15.8145486 ], [ -48.0987914, -15.8144747 ], [ -48.0986558, -15.8144041 ], [ -48.0985844, -15.8143669 ], [ -48.0980916, -15.8141186 ], [ -48.0980416, -15.8140911 ], [ -48.0979718, -15.8140555 ] ], [ [ -48.0979718, -15.8140555 ], [ -48.0979258, -15.8140309 ], [ -48.0978576, -15.8139947 ], [ -48.0978143, -15.8139726 ] ], [ [ -48.0978143, -15.8139726 ], [ -48.0977444, -15.8139354 ], [ -48.0967232, -15.813388 ], [ -48.0964252, -15.8132319 ], [ -48.0959869, -15.8130194 ] ], [ [ -48.0959869, -15.8130194 ], [ -48.0958526, -15.8129493 ], [ -48.0957822, -15.8129188 ], [ -48.0955957, -15.8128218 ], [ -48.0955671, -15.812807 ] ], [ [ -48.0955671, -15.812807 ], [ -48.0950855, -15.8125583 ] ], [ [ -48.0950855, -15.8125583 ], [ -48.0950773, -15.8125541 ], [ -48.0948038, -15.8124138 ], [ -48.0941252, -15.8120815 ], [ -48.0938637, -15.8119621 ], [ -48.0938027, -15.8119331 ], [ -48.0936438, -15.811859 ] ], [ [ -48.0936438, -15.811859 ], [ -48.0931865, -15.8116458 ], [ -48.0930859, -15.8115989 ] ], [ [ -48.0930859, -15.8115989 ], [ -48.0915315, -15.8109447 ] ], [ [ -48.0915315, -15.8109447 ], [ -48.0911081, -15.8107711 ] ], [ [ -48.0911081, -15.8107711 ], [ -48.0908603, -15.8106744 ], [ -48.0903326, -15.8104511 ] ], [ [ -48.0903326, -15.8104511 ], [ -48.0902305, -15.8104154 ], [ -48.090154, -15.8103915 ] ], [ [ -48.090154, -15.8103915 ], [ -48.0901015, -15.8103721 ], [ -48.0899718, -15.8103241 ] ], [ [ -48.0899718, -15.8103241 ], [ -48.0898861, -15.810293 ], [ -48.089532, -15.8101597 ] ], [ [ -48.089532, -15.8101597 ], [ -48.0894026, -15.8101073 ], [ -48.0891612, -15.8100189 ], [ -48.0887904, -15.8098921 ], [ -48.0886926, -15.8098564 ] ], [ [ -48.0886926, -15.8098564 ], [ -48.0882195, -15.8096959 ], [ -48.08768, -15.8095286 ], [ -48.0861333, -15.8090361 ], [ -48.0857085, -15.8088988 ], [ -48.0855314, -15.8088416 ], [ -48.0854152, -15.8088025 ] ], [ [ -48.0854152, -15.8088025 ], [ -48.0850292, -15.8086834 ] ], [ [ -48.0850292, -15.8086834 ], [ -48.0841004, -15.8083712 ], [ -48.0840017, -15.8083417 ], [ -48.0837083, -15.8082539 ], [ -48.0836849, -15.8082469 ], [ -48.0835303, -15.8081999 ], [ -48.083497, -15.8081899 ], [ -48.083386, -15.808157 ] ], [ [ -48.083386, -15.808157 ], [ -48.083218, -15.8080852 ] ], [ [ -48.083218, -15.8080852 ], [ -48.0831622, -15.8080698 ], [ -48.0825532, -15.8078848 ], [ -48.0818586, -15.8076615 ], [ -48.081576, -15.8075662 ], [ -48.081523, -15.8075483 ], [ -48.0814558, -15.8075252 ] ], [ [ -48.0814558, -15.8075252 ], [ -48.0814521, -15.8075238 ], [ -48.0807099, -15.8072797 ], [ -48.080612, -15.8072485 ], [ -48.0801385, -15.8070979 ], [ -48.0799329, -15.8070325 ], [ -48.0793554, -15.8068488 ], [ -48.0788636, -15.8066924 ], [ -48.0784828, -15.8065687 ], [ -48.0780789, -15.8064428 ], [ -48.0773689, -15.8062169 ] ], [ [ -48.0773689, -15.8062169 ], [ -48.076932, -15.8060475 ] ], [ [ -48.076932, -15.8060475 ], [ -48.0766343, -15.8059533 ], [ -48.0763286, -15.8058629 ], [ -48.0759466, -15.8057555 ], [ -48.0755, -15.8056084 ], [ -48.0747685, -15.8053776 ] ], [ [ -48.0747685, -15.8053776 ], [ -48.0740958, -15.8051645 ], [ -48.0735111, -15.8049735 ], [ -48.0732017, -15.8048785 ], [ -48.0729951, -15.8048155 ], [ -48.0726938, -15.8047237 ], [ -48.0725268, -15.8046728 ] ], [ [ -48.0725268, -15.8046728 ], [ -48.0718925, -15.8044382 ] ], [ [ -48.0718925, -15.8044382 ], [ -48.0716086, -15.8043473 ], [ -48.0710528, -15.8041695 ] ], [ [ -48.0710528, -15.8041695 ], [ -48.0708396, -15.804104 ], [ -48.0707872, -15.8040858 ] ], [ [ -48.0707872, -15.8040858 ], [ -48.0702466, -15.803917 ], [ -48.0700222, -15.8038476 ], [ -48.0698236, -15.80379 ] ], [ [ -48.0698236, -15.80379 ], [ -48.0694769, -15.803679 ] ], [ [ -48.0694769, -15.803679 ], [ -48.0691977, -15.8035908 ] ], [ [ -48.0691977, -15.8035908 ], [ -48.069177, -15.8035842 ], [ -48.0687084, -15.8034348 ] ], [ [ -48.0687084, -15.8034348 ], [ -48.0685073, -15.8033704 ], [ -48.0684016, -15.8033393 ] ], [ [ -48.0684016, -15.8033393 ], [ -48.0680481, -15.8032276 ] ], [ [ -48.0680481, -15.8032276 ], [ -48.0677806, -15.8031637 ], [ -48.067672, -15.8031405 ], [ -48.0675727, -15.8031211 ] ], [ [ -48.0675727, -15.8031211 ], [ -48.0674381, -15.8030872 ], [ -48.0667445, -15.8028849 ], [ -48.0659848, -15.8026417 ], [ -48.0656011, -15.8025154 ], [ -48.0652427, -15.8023943 ], [ -48.065207, -15.8023823 ], [ -48.0644251, -15.8021294 ], [ -48.063656, -15.8018823 ], [ -48.0632496, -15.8017523 ], [ -48.0628721, -15.8016319 ], [ -48.0621064, -15.8013855 ], [ -48.0614647, -15.8011768 ], [ -48.0613225, -15.8011293 ], [ -48.0609983, -15.8010206 ], [ -48.0605433, -15.8008835 ], [ -48.0597742, -15.8006351 ], [ -48.0589896, -15.8003873 ], [ -48.0585857, -15.800254 ], [ -48.0585004, -15.8002259 ], [ -48.0584479, -15.8002086 ], [ -48.0583761, -15.800184 ], [ -48.0583292, -15.8001686 ], [ -48.0573884, -15.7998737 ], [ -48.0568211, -15.7996776 ], [ -48.0565287, -15.7995769 ] ], [ [ -48.0565287, -15.7995769 ], [ -48.0562307, -15.7994784 ] ], [ [ -48.0541589, -15.7942073 ], [ -48.0540262, -15.7940564 ], [ -48.0539458, -15.793966 ], [ -48.0537593, -15.7937944 ], [ -48.0530338, -15.7932201 ], [ -48.0517222, -15.7921645 ], [ -48.0515814, -15.7920806 ], [ -48.0513842, -15.7919877 ], [ -48.0512005, -15.7919206 ], [ -48.051002, -15.7918355 ] ], [ [ -48.055258, -15.7966728 ], [ -48.055174, -15.7964932 ], [ -48.055087, -15.7963069 ], [ -48.054672, -15.7953975 ], [ -48.054511, -15.7950326 ], [ -48.0541589, -15.7942073 ] ], [ [ -47.9700426, -15.7956245 ], [ -47.9690579, -15.7958217 ], [ -47.9682545, -15.7958811 ], [ -47.9676712, -15.7959004 ], [ -47.96701, -15.7958682 ], [ -47.965984, -15.7957585 ], [ -47.9649541, -15.7955869 ], [ -47.9624006, -15.7950668 ], [ -47.9613331, -15.7947997 ], [ -47.960334, -15.7945338 ], [ -47.958926, -15.7941455 ] ], [ [ -48.055767, -15.797951 ], [ -48.0556538, -15.7976667 ], [ -48.0556318, -15.7976116 ], [ -48.055258, -15.7966728 ] ], [ [ -47.958926, -15.7941455 ], [ -47.9575941, -15.793695 ], [ -47.9567948, -15.7933866 ], [ -47.9554731, -15.7928485 ], [ -47.9544365, -15.7923546 ], [ -47.9531096, -15.7916018 ], [ -47.9511957, -15.7904159 ], [ -47.9505978, -15.7900319 ] ], [ [ -47.9505978, -15.7900319 ], [ -47.9501831, -15.7897654 ] ], [ [ -47.9501831, -15.7897654 ], [ -47.948707, -15.7888353 ], [ -47.9472341, -15.7879072 ], [ -47.9470295, -15.7877962 ], [ -47.9464997, -15.7875233 ], [ -47.9457506, -15.7871902 ], [ -47.9455805, -15.7871096 ], [ -47.9453713, -15.7870232 ], [ -47.9442618, -15.7866346 ] ], [ [ -47.9442618, -15.7866346 ], [ -47.9423878, -15.7858997 ] ], [ [ -47.9423878, -15.7858997 ], [ -47.9416559, -15.7856333 ], [ -47.9413205, -15.7854623 ], [ -47.9411156, -15.7853407 ], [ -47.9410462, -15.7852874 ], [ -47.9407717, -15.7850308 ], [ -47.9406231, -15.7848396 ], [ -47.94053, -15.7846806 ], [ -47.9404159, -15.7844473 ], [ -47.9403629, -15.784286 ] ], [ [ -47.9403629, -15.784286 ], [ -47.9399424, -15.7829682 ] ], [ [ -47.9399424, -15.7829682 ], [ -47.9397192, -15.7824089 ] ], [ [ -47.9393698, -15.7813939 ], [ -47.9393504, -15.7810164 ], [ -47.9393222, -15.7807595 ], [ -47.9392934, -15.7805795 ], [ -47.9391981, -15.7800882 ] ], [ [ -47.9383735, -15.7775921 ], [ -47.9382091, -15.7774692 ], [ -47.9381226, -15.7774228 ], [ -47.9380448, -15.7774008 ], [ -47.9379711, -15.7773931 ], [ -47.9378671, -15.7774015 ], [ -47.9356724, -15.7780913 ] ], [ [ -47.9356724, -15.7780913 ], [ -47.9345517, -15.7784526 ], [ -47.9338615, -15.7786695 ], [ -47.9336174, -15.7787623 ], [ -47.9333944, -15.7788362 ], [ -47.9331802, -15.7789072 ], [ -47.9321104, -15.7792451 ], [ -47.9315673, -15.7794141 ] ], [ [ -47.9315673, -15.7794141 ], [ -47.9298194, -15.7799644 ] ], [ [ -47.9298194, -15.7799644 ], [ -47.9294599, -15.780072 ] ], [ [ -47.9294599, -15.780072 ], [ -47.929293, -15.780126 ] ], [ [ -47.929293, -15.780126 ], [ -47.9290636, -15.7802001 ] ], [ [ -47.9290636, -15.7802001 ], [ -47.9287019, -15.7803194 ] ], [ [ -47.9287019, -15.7803194 ], [ -47.9279978, -15.780541 ], [ -47.926917, -15.7808944 ], [ -47.9259945, -15.7811717 ] ], [ [ -47.9259945, -15.7811717 ], [ -47.9254786, -15.7813341 ], [ -47.9252568, -15.7814032 ] ], [ [ -47.9252568, -15.7814032 ], [ -47.9251991, -15.7814224 ], [ -47.9251692, -15.7814315 ], [ -47.9251064, -15.7814501 ], [ -47.9250639, -15.7814647 ], [ -47.9247213, -15.7815715 ] ], [ [ -47.9247213, -15.7815715 ], [ -47.9242559, -15.7817165 ] ], [ [ -47.9242559, -15.7817165 ], [ -47.9236168, -15.7819231 ] ], [ [ -47.9236168, -15.7819231 ], [ -47.9218052, -15.782502 ] ], [ [ -47.9218052, -15.782502 ], [ -47.9212539, -15.7826804 ] ], [ [ -47.9212539, -15.7826804 ], [ -47.9184906, -15.7835387 ] ], [ [ -47.9184906, -15.7835387 ], [ -47.9178615, -15.7837336 ] ], [ [ -47.9178615, -15.7837336 ], [ -47.9172678, -15.7839291 ] ], [ [ -47.9172678, -15.7839291 ], [ -47.9169011, -15.7840345 ], [ -47.9166406, -15.7841165 ], [ -47.9164908, -15.7841637 ] ], [ [ -47.9164908, -15.7841637 ], [ -47.9162597, -15.7842364 ], [ -47.9160877, -15.7842906 ] ], [ [ -47.9160877, -15.7842906 ], [ -47.9147634, -15.7847096 ] ], [ [ -47.9147634, -15.7847096 ], [ -47.9141929, -15.7848901 ] ], [ [ -47.9141929, -15.7848901 ], [ -47.9140515, -15.7849336 ], [ -47.9139079, -15.7849777 ], [ -47.9136578, -15.7850579 ] ], [ [ -47.9136578, -15.7850579 ], [ -47.9129765, -15.7852706 ], [ -47.9128664, -15.785305 ], [ -47.9126372, -15.7853766 ] ], [ [ -47.9126372, -15.7853766 ], [ -47.9122604, -15.7854992 ] ], [ [ -47.9122604, -15.7854992 ], [ -47.9104919, -15.7860558 ] ], [ [ -47.9104919, -15.7860558 ], [ -47.9104131, -15.786081 ], [ -47.9101342, -15.7861701 ], [ -47.9098095, -15.7862739 ] ], [ [ -47.9098095, -15.7862739 ], [ -47.9096528, -15.786328 ], [ -47.9095907, -15.7863494 ] ], [ [ -47.9095907, -15.7863494 ], [ -47.9090794, -15.7865119 ], [ -47.9088778, -15.786576 ], [ -47.9088106, -15.7865966 ], [ -47.9083709, -15.7867311 ], [ -47.9082423, -15.7867704 ], [ -47.9081759, -15.7867906 ], [ -47.9081016, -15.7868132 ] ], [ [ -47.9081016, -15.7868132 ], [ -47.9078965, -15.7868847 ], [ -47.9076957, -15.7869798 ] ], [ [ -47.9076957, -15.7869798 ], [ -47.9076336, -15.787018 ], [ -47.907324, -15.7872088 ] ], [ [ -47.907324, -15.7872088 ], [ -47.9069625, -15.7874024 ], [ -47.9068744, -15.7874585 ], [ -47.9067783, -15.7875124 ] ], [ [ -47.9067783, -15.7875124 ], [ -47.9062258, -15.7878233 ] ], [ [ -47.9062258, -15.7878233 ], [ -47.9054971, -15.7882124 ], [ -47.9042074, -15.7889022 ], [ -47.9038319, -15.7890925 ], [ -47.9035791, -15.7892054 ], [ -47.9032145, -15.7893445 ], [ -47.9029478, -15.7894387 ], [ -47.9022186, -15.7896573 ], [ -47.9020887, -15.7896962 ] ], [ [ -47.9020887, -15.7896962 ], [ -47.9019977, -15.7897251 ], [ -47.9019315, -15.7897452 ], [ -47.9005806, -15.7901794 ], [ -47.900377, -15.790242 ], [ -47.8998269, -15.790411 ], [ -47.8988808, -15.7907019 ], [ -47.8984805, -15.790818 ] ], [ [ -47.8984805, -15.790818 ], [ -47.8975783, -15.7910779 ], [ -47.8973418, -15.791135 ], [ -47.8971572, -15.7911741 ], [ -47.896596, -15.7913055 ], [ -47.896319, -15.7913747 ], [ -47.8960133, -15.7914522 ], [ -47.8953027, -15.7916377 ], [ -47.8952692, -15.7916464 ], [ -47.8948905, -15.7917437 ] ], [ [ -47.8948905, -15.7917437 ], [ -47.8945962, -15.7918193 ], [ -47.8944973, -15.7918447 ], [ -47.8944593, -15.7918545 ], [ -47.8941752, -15.7919275 ], [ -47.8940372, -15.7919629 ], [ -47.8939411, -15.7919868 ], [ -47.8938552, -15.7920113 ], [ -47.8937331, -15.7920414 ], [ -47.8933937, -15.7921277 ] ], [ [ -47.8933937, -15.7921277 ], [ -47.8926507, -15.7923432 ], [ -47.8922978, -15.7924443 ] ], [ [ -47.8922978, -15.7924443 ], [ -47.8920277, -15.7925148 ], [ -47.8918639, -15.7925577 ], [ -47.8917398, -15.7925902 ], [ -47.8914155, -15.7926752 ], [ -47.8910536, -15.7927701 ], [ -47.8903927, -15.7929427 ] ], [ [ -47.8903927, -15.7929427 ], [ -47.890199, -15.7929916 ] ], [ [ -47.890199, -15.7929916 ], [ -47.8898315, -15.7930882 ] ], [ [ -47.8898315, -15.7930882 ], [ -47.8896859, -15.7931298 ] ], [ [ -48.119501, -15.7990194 ], [ -48.1194617, -15.7989814 ], [ -48.1194046, -15.7989455 ], [ -48.1188392, -15.7986559 ], [ -48.1186558, -15.7985589 ], [ -48.1181712, -15.798302 ], [ -48.1171137, -15.7977522 ], [ -48.1167977, -15.797588 ], [ -48.1164446, -15.7974077 ], [ -48.1162622, -15.7973061 ], [ -48.1161457, -15.7972368 ] ], [ [ -48.1161457, -15.7972368 ], [ -48.1160902, -15.7972528 ], [ -48.1160245, -15.7972628 ], [ -48.115955, -15.7972678 ], [ -48.1158187, -15.7971993 ], [ -48.115739, -15.7971424 ], [ -48.1157016, -15.7970564 ], [ -48.1156893, -15.7969729 ], [ -48.1157006, -15.7969477 ], [ -48.1157221, -15.7969044 ], [ -48.1157596, -15.7968638 ], [ -48.1158265, -15.7968187 ], [ -48.1159212, -15.7968248 ], [ -48.1159685, -15.7968331 ], [ -48.1160141, -15.7968483 ], [ -48.1160533, -15.796868 ], [ -48.1160979, -15.7969008 ], [ -48.1161596, -15.7969521 ], [ -48.1162168, -15.7970926 ], [ -48.116206, -15.7971504 ], [ -48.116178, -15.7971945 ], [ -48.1161457, -15.7972368 ] ], [ [ -48.0562307, -15.7994784 ], [ -48.0560701, -15.7989006 ] ], [ [ -48.0560701, -15.7989006 ], [ -48.0559883, -15.7986065 ], [ -48.055767, -15.797951 ] ], [ [ -48.051002, -15.7918355 ], [ -48.0505518, -15.7917706 ], [ -48.0500264, -15.7916948 ], [ -48.0469637, -15.7912957 ], [ -48.0430679, -15.7910084 ], [ -48.0418762, -15.7909858 ], [ -48.0401383, -15.7909427 ], [ -48.0324894, -15.7909929 ], [ -48.0304697, -15.7909244 ], [ -48.0295779, -15.7908844 ], [ -48.0270764, -15.7906982 ], [ -48.0260079, -15.7905863 ], [ -48.0239654, -15.7903459 ], [ -48.0230106, -15.7901882 ], [ -48.0226277, -15.7901249 ], [ -48.0221119, -15.7900479 ], [ -48.0215004, -15.7899307 ], [ -48.0207354, -15.7898126 ], [ -48.0190355, -15.7894506 ], [ -48.0169688, -15.7889551 ], [ -48.0158798, -15.7886673 ], [ -48.012751, -15.7879046 ], [ -48.0104331, -15.7873434 ], [ -48.0085527, -15.7869657 ], [ -48.0082664, -15.7869173 ], [ -48.0081665, -15.7869051 ], [ -48.0067525, -15.7866945 ], [ -48.0066402, -15.7866778 ], [ -48.0050983, -15.7864902 ], [ -48.0045434, -15.7864269 ], [ -48.0042243, -15.7863895 ], [ -48.0032139, -15.7863313 ] ], [ [ -48.0032139, -15.7863313 ], [ -48.0029319, -15.7863103 ] ], [ [ -48.0029319, -15.7863103 ], [ -48.0026788, -15.7862895 ], [ -48.0017602, -15.7862775 ], [ -47.9996789, -15.7862263 ], [ -47.9985865, -15.7862595 ], [ -47.9977592, -15.7862701 ], [ -47.9974777, -15.7862792 ] ], [ [ -47.9974777, -15.7862792 ], [ -47.9970309, -15.7863014 ] ], [ [ -47.9970309, -15.7863014 ], [ -47.9968533, -15.7863126 ], [ -47.9960592, -15.7863934 ], [ -47.994834, -15.7864976 ] ], [ [ -47.994834, -15.7864976 ], [ -47.9942032, -15.7865792 ] ], [ [ -47.9942032, -15.7865792 ], [ -47.9936372, -15.7866525 ], [ -47.9927376, -15.786769 ], [ -47.9907428, -15.7871266 ], [ -47.9892294, -15.787454 ], [ -47.9886798, -15.7875978 ], [ -47.9879413, -15.787791 ], [ -47.9866109, -15.7881391 ], [ -47.9834114, -15.7892025 ], [ -47.9816025, -15.7899372 ], [ -47.9803768, -15.7904802 ], [ -47.9770217, -15.792135 ], [ -47.9757014, -15.792869 ], [ -47.9749406, -15.793304 ], [ -47.9737215, -15.7939815 ], [ -47.9728264, -15.7944603 ], [ -47.9719801, -15.7948978 ], [ -47.9713914, -15.795152 ], [ -47.9710346, -15.7952978 ], [ -47.9705733, -15.7954591 ] ], [ [ -47.9705733, -15.7954591 ], [ -47.9700426, -15.7956245 ] ], [ [ -47.8896859, -15.7931298 ], [ -47.8887632, -15.7933847 ], [ -47.8885494, -15.7934352 ] ], [ [ -47.8885494, -15.7934352 ], [ -47.8876256, -15.7936717 ], [ -47.8872296, -15.7937566 ], [ -47.886342, -15.7940257 ], [ -47.8855048, -15.7942353 ], [ -47.88506, -15.7943492 ], [ -47.885052, -15.7943512 ], [ -47.884738, -15.7944317 ], [ -47.8846675, -15.7944498 ] ], [ [ -47.8846675, -15.7944498 ], [ -47.8841833, -15.7946119 ], [ -47.8833993, -15.7947697 ], [ -47.8832808, -15.7947945 ], [ -47.8829953, -15.794876 ], [ -47.882936, -15.7948932 ] ], [ [ -47.882936, -15.7948932 ], [ -47.8828152, -15.7949245 ] ], [ [ -47.8828152, -15.7949245 ], [ -47.8826429, -15.7949707 ], [ -47.8825668, -15.7949885 ], [ -47.8823043, -15.7950736 ], [ -47.8822498, -15.7950913 ] ], [ [ -47.8822498, -15.7950913 ], [ -47.8819277, -15.795174 ] ], [ [ -47.8819277, -15.795174 ], [ -47.8817804, -15.795211 ] ], [ [ -47.8817804, -15.795211 ], [ -47.8813736, -15.7953201 ], [ -47.8808905, -15.795473 ], [ -47.8808379, -15.7954901 ], [ -47.8806056, -15.7955625 ], [ -47.8794873, -15.7959163 ], [ -47.8791634, -15.7960242 ], [ -47.8787399, -15.796155 ], [ -47.8773893, -15.7965722 ] ], [ [ -47.8773893, -15.7965722 ], [ -47.8772364, -15.7966181 ] ], [ [ -47.8772364, -15.7966181 ], [ -47.8769728, -15.796709 ] ], [ [ -47.8769728, -15.796709 ], [ -47.8765856, -15.7968337 ] ] ] } },
{ "type": "Feature", "properties": { "id_osm": 1915444, "nome": "382 - Setor O/Rodoviária do Plano Piloto (via Leste/Estrutural)", "ref": "382" }, "geometry": { "type": "MultiLineString", "coordinates": [ [ [ -48.1227228, -15.7916353 ], [ -48.1223543, -15.7925755 ], [ -48.1222968, -15.7927543 ], [ -48.1219989, -15.7935421 ], [ -48.1219156, -15.7937624 ], [ -48.1218691, -15.7938852 ], [ -48.1213328, -15.7952469 ], [ -48.1212635, -15.7954162 ], [ -48.1210065, -15.7961152 ], [ -48.1208696, -15.7964756 ], [ -48.1207675, -15.7967444 ], [ -48.1207404, -15.7968158 ], [ -48.1206894, -15.7969441 ], [ -48.1205676, -15.7972506 ], [ -48.1204502, -15.797546 ], [ -48.1202845, -15.797963 ], [ -48.1202178, -15.7981523 ], [ -48.1201015, -15.7984853 ], [ -48.1199821, -15.7987957 ], [ -48.1199602, -15.798918 ] ], [ [ -48.119501, -15.7990194 ], [ -48.1195093, -15.7989491 ], [ -48.1195317, -15.7989136 ], [ -48.1195696, -15.798874 ], [ -48.1196475, -15.7988371 ], [ -48.1196675, -15.7988332 ], [ -48.1197166, -15.7988273 ], [ -48.1197986, -15.7988349 ], [ -48.1198496, -15.7988529 ], [ -48.1199602, -15.798918 ], [ -48.11998, -15.7989542 ], [ -48.1200072, -15.7990068 ], [ -48.1200293, -15.7990522 ], [ -48.1200317, -15.7991282 ], [ -48.1200158, -15.7991725 ], [ -48.1199827, -15.7992097 ], [ -48.1199133, -15.7992476 ], [ -48.1198684, -15.7992575 ], [ -48.1198092, -15.7992672 ], [ -48.1197148, -15.7992369 ], [ -48.1196591, -15.7992149 ], [ -48.1195562, -15.7991472 ], [ -48.1195421, -15.7991278 ], [ -48.1195254, -15.7990872 ], [ -48.1195113, -15.7990553 ], [ -48.119501, -15.7990194 ] ], [ [ -48.1198092, -15.7992672 ], [ -48.1197622, -15.7993117 ], [ -48.1197242, -15.7993629 ], [ -48.1195619, -15.7996622 ] ], [ [ -48.1195619, -15.7996622 ], [ -48.1191642, -15.8003861 ], [ -48.1186712, -15.8012506 ], [ -48.1183704, -15.8018017 ] ], [ [ -48.1183704, -15.8018017 ], [ -48.1180554, -15.8023566 ], [ -48.1180185, -15.8024216 ] ], [ [ -48.1180185, -15.8024216 ], [ -48.1179933, -15.8024668 ], [ -48.1176201, -15.8031298 ], [ -48.1168275, -15.8045618 ] ], [ [ -48.1168275, -15.8045618 ], [ -48.1164116, -15.8053009 ], [ -48.1159209, -15.8061724 ], [ -48.1156433, -15.8066691 ] ], [ [ -48.1156433, -15.8066691 ], [ -48.1153119, -15.8072487 ], [ -48.1152765, -15.8073124 ] ], [ [ -48.1152765, -15.8073124 ], [ -48.1148943, -15.8079995 ], [ -48.1140943, -15.8094537 ] ], [ [ -48.1140943, -15.8094537 ], [ -48.1139232, -15.8097582 ], [ -48.1134297, -15.8106143 ], [ -48.1129235, -15.8115673 ] ], [ [ -48.1129235, -15.8115673 ], [ -48.1125963, -15.8121336 ], [ -48.1125654, -15.8122035 ] ], [ [ -48.1125654, -15.8122035 ], [ -48.1123872, -15.8125211 ], [ -48.1122907, -15.8126931 ], [ -48.1119412, -15.8132948 ], [ -48.1113678, -15.8143416 ] ], [ [ -48.1113678, -15.8143416 ], [ -48.1110753, -15.8148435 ], [ -48.1106569, -15.8155859 ], [ -48.1101788, -15.8164602 ] ], [ [ -48.1101788, -15.8164602 ], [ -48.1098609, -15.8170224 ], [ -48.1098174, -15.8170993 ] ], [ [ -48.1098174, -15.8170993 ], [ -48.1097915, -15.8171462 ], [ -48.1093689, -15.8179113 ], [ -48.109022, -15.8185389 ], [ -48.1086629, -15.8191694 ], [ -48.1085824, -15.8193177 ] ], [ [ -48.1085824, -15.8193177 ], [ -48.1086504, -15.8193498 ], [ -48.1086985, -15.8193752 ], [ -48.1091704, -15.8196132 ], [ -48.109666, -15.8198829 ], [ -48.1101512, -15.8201319 ], [ -48.1101717, -15.8201424 ], [ -48.1102157, -15.8201765 ] ], [ [ -48.1101717, -15.8201424 ], [ -48.1101763, -15.8202071 ], [ -48.1101583, -15.8202647 ], [ -48.1101353, -15.8203064 ], [ -48.1101092, -15.8203435 ], [ -48.1100398, -15.8203868 ] ], [ [ -48.1100398, -15.8203868 ], [ -48.1085829, -15.8196162 ], [ -48.1085185, -15.8195815 ], [ -48.1084494, -15.8195458 ] ], [ [ -48.1084494, -15.8195458 ], [ -48.1082987, -15.819461 ] ], [ [ -48.1082987, -15.819461 ], [ -48.1082285, -15.8194231 ], [ -48.1081445, -15.8193803 ], [ -48.1068759, -15.8187094 ] ], [ [ -48.1068759, -15.8187094 ], [ -48.1067933, -15.8186655 ], [ -48.1067403, -15.8186371 ], [ -48.1066572, -15.8185926 ], [ -48.1065982, -15.818561 ] ], [ [ -48.1065982, -15.818561 ], [ -48.1064836, -15.8185036 ], [ -48.106342, -15.8184327 ], [ -48.1063018, -15.8184126 ], [ -48.1061341, -15.8183245 ], [ -48.1047335, -15.8175931 ], [ -48.1046539, -15.8175519 ], [ -48.1045936, -15.8175203 ] ], [ [ -48.1045936, -15.8175203 ], [ -48.1044993, -15.8174722 ], [ -48.1044273, -15.8174339 ] ], [ [ -48.1044273, -15.8174339 ], [ -48.1043732, -15.8174044 ], [ -48.1038891, -15.8171276 ], [ -48.1030987, -15.8167307 ], [ -48.1028137, -15.8165888 ], [ -48.1025293, -15.8164448 ], [ -48.1021283, -15.8162377 ], [ -48.1018956, -15.8161093 ], [ -48.1018366, -15.8160777 ] ], [ [ -48.1018366, -15.8160777 ], [ -48.1017995, -15.8160582 ], [ -48.1017122, -15.8160125 ], [ -48.1016743, -15.8159926 ] ], [ [ -48.1016743, -15.8159926 ], [ -48.1015722, -15.8159391 ], [ -48.1014574, -15.8158752 ] ], [ [ -48.1014574, -15.8158752 ], [ -48.1011198, -15.8156878 ], [ -48.1009385, -15.8155934 ] ], [ [ -48.1009385, -15.8155934 ], [ -48.1007276, -15.8154835 ], [ -48.1006013, -15.8154177 ], [ -48.1000952, -15.815154 ], [ -48.099582, -15.8148866 ], [ -48.0994722, -15.8148294 ] ], [ [ -48.0994722, -15.8148294 ], [ -48.0990683, -15.814619 ], [ -48.0989332, -15.8145486 ] ], [ [ -48.0989332, -15.8145486 ], [ -48.0987914, -15.8144747 ], [ -48.0986558, -15.8144041 ], [ -48.0985844, -15.8143669 ], [ -48.0980916, -15.8141186 ], [ -48.0980416, -15.8140911 ], [ -48.0979718, -15.8140555 ] ], [ [ -48.0979718, -15.8140555 ], [ -48.0979258, -15.8140309 ], [ -48.0978576, -15.8139947 ], [ -48.0978143, -15.8139726 ] ], [ [ -48.0978143, -15.8139726 ], [ -48.0977444, -15.8139354 ], [ -48.0967232, -15.813388 ], [ -48.0964252, -15.8132319 ], [ -48.0959869, -15.8130194 ] ], [ [ -48.0959869, -15.8130194 ], [ -48.0958526, -15.8129493 ], [ -48.0957822, -15.8129188 ], [ -48.0955957, -15.8128218 ], [ -48.0955671, -15.812807 ] ], [ [ -48.0955671, -15.812807 ], [ -48.0950855, -15.8125583 ] ], [ [ -48.0950855, -15.8125583 ], [ -48.0950773, -15.8125541 ], [ -48.0948038, -15.8124138 ], [ -48.0941252, -15.8120815 ], [ -48.0938637, -15.8119621 ], [ -48.0938027, -15.8119331 ], [ -48.0936438, -15.811859 ] ], [ [ -48.0936438, -15.811859 ], [ -48.0931865, -15.8116458 ], [ -48.0930859, -15.8115989 ] ], [ [ -48.0930859, -15.8115989 ], [ -48.0915315, -15.8109447 ] ], [ [ -48.0915315, -15.8109447 ], [ -48.0911081, -15.8107711 ] ], [ [ -48.0911081, -15.8107711 ], [ -48.0908603, -15.8106744 ], [ -48.0903326, -15.8104511 ] ], [ [ -48.0903326, -15.8104511 ], [ -48.0902305, -15.8104154 ], [ -48.090154, -15.8103915 ] ], [ [ -48.090154, -15.8103915 ], [ -48.0901015, -15.8103721 ], [ -48.0899718, -15.8103241 ] ], [ [ -48.0899718, -15.8103241 ], [ -48.0898861, -15.810293 ], [ -48.089532, -15.8101597 ] ], [ [ -48.089532, -15.8101597 ], [ -48.0894026, -15.8101073 ], [ -48.0891612, -15.8100189 ], [ -48.0887904, -15.8098921 ], [ -48.0886926, -15.8098564 ] ], [ [ -48.0886926, -15.8098564 ], [ -48.0882195, -15.8096959 ], [ -48.08768, -15.8095286 ], [ -48.0861333, -15.8090361 ], [ -48.0857085, -15.8088988 ], [ -48.0855314, -15.8088416 ], [ -48.0854152, -15.8088025 ] ], [ [ -48.0854152, -15.8088025 ], [ -48.0850292, -15.8086834 ] ], [ [ -48.0850292, -15.8086834 ], [ -48.0841004, -15.8083712 ], [ -48.0840017, -15.8083417 ], [ -48.0837083, -15.8082539 ], [ -48.0836849, -15.8082469 ], [ -48.0835303, -15.8081999 ], [ -48.083497, -15.8081899 ], [ -48.083386, -15.808157 ] ], [ [ -48.083386, -15.808157 ], [ -48.083218, -15.8080852 ] ], [ [ -48.083218, -15.8080852 ], [ -48.0831622, -15.8080698 ], [ -48.0825532, -15.8078848 ], [ -48.0818586, -15.8076615 ], [ -48.081576, -15.8075662 ], [ -48.081523, -15.8075483 ], [ -48.0814558, -15.8075252 ] ], [ [ -48.0814558, -15.8075252 ], [ -48.0814521, -15.8075238 ], [ -48.0807099, -15.8072797 ], [ -48.080612, -15.8072485 ], [ -48.0801385, -15.8070979 ], [ -48.0799329, -15.8070325 ], [ -48.0793554, -15.8068488 ], [ -48.0788636, -15.8066924 ], [ -48.0784828, -15.8065687 ], [ -48.0780789, -15.8064428 ], [ -48.0773689, -15.8062169 ] ], [ [ -48.0773689, -15.8062169 ], [ -48.076932, -15.8060475 ] ], [ [ -48.076932, -15.8060475 ], [ -48.0766343, -15.8059533 ], [ -48.0763286, -15.8058629 ], [ -48.0759466, -15.8057555 ], [ -48.0755, -15.8056084 ], [ -48.0747685, -15.8053776 ] ], [ [ -48.0747685, -15.8053776 ], [ -48.0740958, -15.8051645 ], [ -48.0735111, -15.8049735 ], [ -48.0732017, -15.8048785 ], [ -48.0729951, -15.8048155 ], [ -48.0726938, -15.8047237 ], [ -48.0725268, -15.8046728 ] ], [ [ -48.0725268, -15.8046728 ], [ -48.0718925, -15.8044382 ] ], [ [ -48.0718925, -15.8044382 ], [ -48.0716086, -15.8043473 ], [ -48.0710528, -15.8041695 ] ], [ [ -48.0710528, -15.8041695 ], [ -48.0708396, -15.804104 ], [ -48.0707872, -15.8040858 ] ], [ [ -48.0707872, -15.8040858 ], [ -48.0702466, -15.803917 ], [ -48.0700222, -15.8038476 ], [ -48.0698236, -15.80379 ] ], [ [ -48.0698236, -15.80379 ], [ -48.0694769, -15.803679 ] ], [ [ -48.0694769, -15.803679 ], [ -48.0691977, -15.8035908 ] ], [ [ -48.0691977, -15.8035908 ], [ -48.069177, -15.8035842 ], [ -48.0687084, -15.8034348 ] ], [ [ -48.0687084, -15.8034348 ], [ -48.0685073, -15.8033704 ], [ -48.0684016, -15.8033393 ] ], [ [ -48.0684016, -15.8033393 ], [ -48.0680481, -15.8032276 ] ], [ [ -48.0680481, -15.8032276 ], [ -48.0677806, -15.8031637 ], [ -48.067672, -15.8031405 ], [ -48.0675727, -15.8031211 ] ], [ [ -48.0675727, -15.8031211 ], [ -48.0674381, -15.8030872 ], [ -48.0667445, -15.8028849 ], [ -48.0659848, -15.8026417 ], [ -48.0656011, -15.8025154 ], [ -48.0652427, -15.8023943 ], [ -48.065207, -15.8023823 ], [ -48.0644251, -15.8021294 ], [ -48.063656, -15.8018823 ], [ -48.0632496, -15.8017523 ], [ -48.0628721, -15.8016319 ], [ -48.0621064, -15.8013855 ], [ -48.0614647, -15.8011768 ], [ -48.0613225, -15.8011293 ], [ -48.0609983, -15.8010206 ], [ -48.0605433, -15.8008835 ], [ -48.0597742, -15.8006351 ], [ -48.0589896, -15.8003873 ], [ -48.0585857, -15.800254 ], [ -48.0585004, -15.8002259 ], [ -48.0584479, -15.8002086 ], [ -48.0583761, -15.800184 ], [ -48.0583292, -15.8001686 ], [ -48.0573884, -15.7998737 ], [ -48.0568211, -15.7996776 ], [ -48.0565287, -15.7995769 ] ], [ [ -48.0565287, -15.7995769 ], [ -48.0562307, -15.7994784 ] ], [ [ -48.0562307, -15.7994784 ], [ -48.0560701, -15.7989006 ] ], [ [ -48.0560701, -15.7989006 ], [ -48.0559883, -15.7986065 ], [ -48.055767, -15.797951 ] ], [ [ -48.055767, -15.797951 ], [ -48.0556538, -15.7976667 ], [ -48.0556318, -15.7976116 ], [ -48.055258, -15.7966728 ] ], [ [ -48.055258, -15.7966728 ], [ -48.055174, -15.7964932 ], [ -48.055087, -15.7963069 ], [ -48.054672, -15.7953975 ], [ -48.054511, -15.7950326 ], [ -48.0541589, -15.7942073 ] ], [ [ -48.0541589, -15.7942073 ], [ -48.0540262, -15.7940564 ], [ -48.0539458, -15.793966 ], [ -48.0537593, -15.7937944 ], [ -48.0530338, -15.7932201 ], [ -48.0517222, -15.7921645 ], [ -48.0515814, -15.7920806 ], [ -48.0513842, -15.7919877 ], [ -48.0512005, -15.7919206 ], [ -48.051002, -15.7918355 ] ], [ [ -48.051002, -15.7918355 ], [ -48.0505518, -15.7917706 ], [ -48.0500264, -15.7916948 ], [ -48.0469637, -15.7912957 ], [ -48.0430679, -15.7910084 ], [ -48.0418762, -15.7909858 ], [ -48.0401383, -15.7909427 ], [ -48.0324894, -15.7909929 ], [ -48.0304697, -15.7909244 ], [ -48.0295779, -15.7908844 ], [ -48.0270764, -15.7906982 ], [ -48.0260079, -15.7905863 ], [ -48.0239654, -15.7903459 ], [ -48.0230106, -15.7901882 ], [ -48.0226277, -15.7901249 ], [ -48.0221119, -15.7900479 ], [ -48.0215004, -15.7899307 ], [ -48.0207354, -15.7898126 ], [ -48.0190355, -15.7894506 ], [ -48.0169688, -15.7889551 ], [ -48.0158798, -15.7886673 ], [ -48.012751, -15.7879046 ], [ -48.0104331, -15.7873434 ], [ -48.0085527, -15.7869657 ], [ -48.0082664, -15.7869173 ], [ -48.0081665, -15.7869051 ], [ -48.0067525, -15.7866945 ], [ -48.0066402, -15.7866778 ], [ -48.0050983, -15.7864902 ], [ -48.0045434, -15.7864269 ], [ -48.0042243, -15.7863895 ], [ -48.0032139, -15.7863313 ] ], [ [ -48.0029319, -15.7863103 ], [ -48.0026788, -15.7862895 ], [ -48.0017602, -15.7862775 ], [ -47.9996789, -15.7862263 ], [ -47.9985865, -15.7862595 ], [ -47.9977592, -15.7862701 ], [ -47.9974777, -15.7862792 ] ], [ [ -47.9974777, -15.7862792 ], [ -47.9970309, -15.7863014 ] ], [ [ -47.9970309, -15.7863014 ], [ -47.9968533, -15.7863126 ], [ -47.9960592, -15.7863934 ], [ -47.994834, -15.7864976 ] ], [ [ -47.994834, -15.7864976 ], [ -47.9942032, -15.7865792 ] ], [ [ -47.9942032, -15.7865792 ], [ -47.9936372, -15.7866525 ], [ -47.9927376, -15.786769 ], [ -47.9907428, -15.7871266 ], [ -47.9892294, -15.787454 ], [ -47.9886798, -15.7875978 ], [ -47.9879413, -15.787791 ], [ -47.9866109, -15.7881391 ], [ -47.9834114, -15.7892025 ], [ -47.9816025, -15.7899372 ], [ -47.9803768, -15.7904802 ], [ -47.9770217, -15.792135 ], [ -47.9757014, -15.792869 ], [ -47.9749406, -15.793304 ], [ -47.9737215, -15.7939815 ], [ -47.9728264, -15.7944603 ], [ -47.9719801, -15.7948978 ], [ -47.9713914, -15.795152 ], [ -47.9710346, -15.7952978 ], [ -47.9705733, -15.7954591 ] ], [ [ -47.9705733, -15.7954591 ], [ -47.9700426, -15.7956245 ] ], [ [ -47.9700426, -15.7956245 ], [ -47.9690579, -15.7958217 ], [ -47.9682545, -15.7958811 ], [ -47.9676712, -15.7959004 ], [ -47.96701, -15.7958682 ], [ -47.965984, -15.7957585 ], [ -47.9649541, -15.7955869 ], [ -47.9624006, -15.7950668 ], [ -47.9613331, -15.7947997 ], [ -47.960334, -15.7945338 ], [ -47.958926, -15.7941455 ] ], [ [ -47.958926, -15.7941455 ], [ -47.9575941, -15.793695 ], [ -47.9567948, -15.7933866 ], [ -47.9554731, -15.7928485 ], [ -47.9544365, -15.7923546 ], [ -47.9531096, -15.7916018 ], [ -47.9511957, -15.7904159 ], [ -47.9505978, -15.7900319 ] ], [ [ -47.9505978, -15.7900319 ], [ -47.9501831, -15.7897654 ] ], [ [ -47.9501831, -15.7897654 ], [ -47.948707, -15.7888353 ], [ -47.9472341, -15.7879072 ], [ -47.9470295, -15.7877962 ], [ -47.9464997, -15.7875233 ], [ -47.9457506, -15.7871902 ], [ -47.9455805, -15.7871096 ], [ -47.9453713, -15.7870232 ], [ -47.9442618, -15.7866346 ] ], [ [ -47.9442618, -15.7866346 ], [ -47.9423878, -15.7858997 ] ], [ [ -47.9423878, -15.7858997 ], [ -47.9416559, -15.7856333 ], [ -47.9413205, -15.7854623 ], [ -47.9411156, -15.7853407 ], [ -47.9410462, -15.7852874 ], [ -47.9407717, -15.7850308 ], [ -47.9406231, -15.7848396 ], [ -47.94053, -15.7846806 ], [ -47.9404159, -15.7844473 ], [ -47.9403629, -15.784286 ] ], [ [ -47.9403629, -15.784286 ], [ -47.9399424, -15.7829682 ] ], [ [ -47.9399424, -15.7829682 ], [ -47.9397192, -15.7824089 ] ], [ [ -47.9397192, -15.7824089 ], [ -47.9393698, -15.7813939 ] ], [ [ -47.9393698, -15.7813939 ], [ -47.9393504, -15.7810164 ], [ -47.9393222, -15.7807595 ], [ -47.9392934, -15.7805795 ], [ -47.9391981, -15.7800882 ] ], [ [ -47.9391981, -15.7800882 ], [ -47.9389309, -15.7792624 ], [ -47.938824, -15.7789321 ] ], [ [ -47.938824, -15.7789321 ], [ -47.938735, -15.7786675 ], [ -47.9386858, -15.7785212 ], [ -47.9385922, -15.7782428 ], [ -47.9384224, -15.7777375 ], [ -47.9383735, -15.7775921 ] ], [ [ -47.9383735, -15.7775921 ], [ -47.9382091, -15.7774692 ], [ -47.9381226, -15.7774228 ], [ -47.9380448, -15.7774008 ], [ -47.9379711, -15.7773931 ], [ -47.9378671, -15.7774015 ], [ -47.9356724, -15.7780913 ] ], [ [ -47.9356724, -15.7780913 ], [ -47.9345517, -15.7784526 ], [ -47.9338615, -15.7786695 ], [ -47.9336174, -15.7787623 ], [ -47.9333944, -15.7788362 ], [ -47.9331802, -15.7789072 ], [ -47.9321104, -15.7792451 ], [ -47.9315673, -15.7794141 ] ], [ [ -47.9315673, -15.7794141 ], [ -47.9298194, -15.7799644 ] ], [ [ -47.9298194, -15.7799644 ], [ -47.9294599, -15.780072 ] ], [ [ -47.9294599, -15.780072 ], [ -47.929293, -15.780126 ] ], [ [ -47.929293, -15.780126 ], [ -47.9290636, -15.7802001 ] ], [ [ -47.9290636, -15.7802001 ], [ -47.9287019, -15.7803194 ] ], [ [ -47.9287019, -15.7803194 ], [ -47.9279978, -15.780541 ], [ -47.926917, -15.7808944 ], [ -47.9259945, -15.7811717 ] ], [ [ -47.9259945, -15.7811717 ], [ -47.9254786, -15.7813341 ], [ -47.9252568, -15.7814032 ] ], [ [ -47.9252568, -15.7814032 ], [ -47.9251991, -15.7814224 ], [ -47.9251692, -15.7814315 ], [ -47.9251064, -15.7814501 ], [ -47.9250639, -15.7814647 ], [ -47.9247213, -15.7815715 ] ], [ [ -47.9247213, -15.7815715 ], [ -47.9242559, -15.7817165 ] ], [ [ -47.9242559, -15.7817165 ], [ -47.9236168, -15.7819231 ] ], [ [ -47.9236168, -15.7819231 ], [ -47.9218052, -15.782502 ] ], [ [ -47.9218052, -15.782502 ], [ -47.9212539, -15.7826804 ] ], [ [ -47.9212539, -15.7826804 ], [ -47.9184906, -15.7835387 ] ], [ [ -47.9184906, -15.7835387 ], [ -47.9178615, -15.7837336 ] ], [ [ -47.9178615, -15.7837336 ], [ -47.9172678, -15.7839291 ] ], [ [ -47.9172678, -15.7839291 ], [ -47.9169011, -15.7840345 ], [ -47.9166406, -15.7841165 ], [ -47.9164908, -15.7841637 ] ], [ [ -47.9164908, -15.7841637 ], [ -47.9162597, -15.7842364 ], [ -47.9160877, -15.7842906 ] ], [ [ -47.9160877, -15.7842906 ], [ -47.9147634, -15.7847096 ] ], [ [ -47.9147634, -15.7847096 ], [ -47.9141929, -15.7848901 ] ], [ [ -47.9141929, -15.7848901 ], [ -47.9140515, -15.7849336 ], [ -47.9139079, -15.7849777 ], [ -47.9136578, -15.7850579 ] ], [ [ -47.9136578, -15.7850579 ], [ -47.9129765, -15.7852706 ], [ -47.9128664, -15.785305 ], [ -47.9126372, -15.7853766 ] ], [ [ -47.9126372, -15.7853766 ], [ -47.9122604, -15.7854992 ] ], [ [ -47.9122604, -15.7854992 ], [ -47.9104919, -15.7860558 ] ], [ [ -47.9104919, -15.7860558 ], [ -47.9104131, -15.786081 ], [ -47.9101342, -15.7861701 ], [ -47.9098095, -15.7862739 ] ], [ [ -47.9098095, -15.7862739 ], [ -47.9096528, -15.786328 ], [ -47.9095907, -15.7863494 ] ], [ [ -47.9095907, -15.7863494 ], [ -47.9090794, -15.7865119 ], [ -47.9088778, -15.786576 ], [ -47.9088106, -15.7865966 ], [ -47.9083709, -15.7867311 ], [ -47.9082423, -15.7867704 ], [ -47.9081759, -15.7867906 ], [ -47.9081016, -15.7868132 ] ], [ [ -47.9081016, -15.7868132 ], [ -47.9078965, -15.7868847 ], [ -47.9076957, -15.7869798 ] ], [ [ -47.9076957, -15.7869798 ], [ -47.9076336, -15.787018 ], [ -47.907324, -15.7872088 ] ], [ [ -47.907324, -15.7872088 ], [ -47.9069625, -15.7874024 ], [ -47.9068744, -15.7874585 ], [ -47.9067783, -15.7875124 ] ], [ [ -47.9067783, -15.7875124 ], [ -47.9062258, -15.7878233 ] ], [ [ -47.9062258, -15.7878233 ], [ -47.9054971, -15.7882124 ], [ -47.9042074, -15.7889022 ], [ -47.9038319, -15.7890925 ], [ -47.9035791, -15.7892054 ], [ -47.9032145, -15.7893445 ], [ -47.9029478, -15.7894387 ], [ -47.9022186, -15.7896573 ], [ -47.9020887, -15.7896962 ] ], [ [ -47.9020887, -15.7896962 ], [ -47.9019977, -15.7897251 ], [ -47.9019315, -15.7897452 ], [ -47.9005806, -15.7901794 ], [ -47.900377, -15.790242 ], [ -47.8998269, -15.790411 ], [ -47.8988808, -15.7907019 ], [ -47.8984805, -15.790818 ] ], [ [ -47.8984805, -15.790818 ], [ -47.8975783, -15.7910779 ], [ -47.8973418, -15.791135 ], [ -47.8971572, -15.7911741 ], [ -47.896596, -15.7913055 ], [ -47.896319, -15.7913747 ], [ -47.8960133, -15.7914522 ], [ -47.8953027, -15.7916377 ], [ -47.8952692, -15.7916464 ], [ -47.8948905, -15.7917437 ] ], [ [ -47.8948905, -15.7917437 ], [ -47.8945962, -15.7918193 ], [ -47.8944973, -15.7918447 ], [ -47.8944593, -15.7918545 ], [ -47.8941752, -15.7919275 ], [ -47.8940372, -15.7919629 ], [ -47.8939411, -15.7919868 ], [ -47.8938552, -15.7920113 ], [ -47.8937331, -15.7920414 ], [ -47.8933937, -15.7921277 ] ], [ [ -47.8933937, -15.7921277 ], [ -47.8926507, -15.7923432 ], [ -47.8922978, -15.7924443 ] ], [ [ -47.8922978, -15.7924443 ], [ -47.8920277, -15.7925148 ], [ -47.8918639, -15.7925577 ], [ -47.8917398, -15.7925902 ], [ -47.8914155, -15.7926752 ], [ -47.8910536, -15.7927701 ], [ -47.8903927, -15.7929427 ] ], [ [ -47.8903927, -15.7929427 ], [ -47.890199, -15.7929916 ] ], [ [ -47.890199, -15.7929916 ], [ -47.8898315, -15.7930882 ] ], [ [ -47.8898315, -15.7930882 ], [ -47.8896859, -15.7931298 ] ], [ [ -47.8896859, -15.7931298 ], [ -47.8887632, -15.7933847 ], [ -47.8885494, -15.7934352 ] ], [ [ -47.8885494, -15.7934352 ], [ -47.8876256, -15.7936717 ], [ -47.8872296, -15.7937566 ], [ -47.886342, -15.7940257 ], [ -47.8855048, -15.7942353 ], [ -47.88506, -15.7943492 ], [ -47.885052, -15.7943512 ], [ -47.884738, -15.7944317 ], [ -47.8846675, -15.7944498 ] ] ] } },
{ "type": "Feature", "properties": { "id_osm": 2433625, "nome": "104 - Rodoviária do Plano Piloto/Palácio da Alvorada", "ref": "0.104" }, "geometry": { "type": "MultiLineString", "coordinates": [ [ [ -47.8352962, -15.7933432 ], [ -47.8356628, -15.7934793 ] ], [ [ -47.8350879, -15.792947 ], [ -47.835108, -15.7930592 ], [ -47.8351506, -15.7931653 ], [ -47.8352142, -15.7932612 ], [ -47.8352962, -15.7933432 ] ], [ [ -47.8356628, -15.7934793 ], [ -47.8356927, -15.7935219 ], [ -47.8357036, -15.7935722 ], [ -47.8356939, -15.7936227 ], [ -47.8356649, -15.793666 ], [ -47.8356211, -15.7936954 ], [ -47.835569, -15.7937066 ] ], [ [ -47.835569, -15.7937066 ], [ -47.8353745, -15.7936183 ], [ -47.8350728, -15.7934982 ], [ -47.8347892, -15.7934085 ], [ -47.8346006, -15.7933604 ] ], [ [ -47.8346006, -15.7933604 ], [ -47.8342165, -15.7932808 ], [ -47.8338075, -15.7932008 ], [ -47.8334112, -15.7931356 ] ], [ [ -47.8334112, -15.7931356 ], [ -47.8329847, -15.7931111 ], [ -47.8314585, -15.7931234 ], [ -47.8287602, -15.7931621 ], [ -47.8267448, -15.7931805 ] ], [ [ -47.8339244, -15.7906401 ], [ -47.8339079, -15.7905875 ], [ -47.8338841, -15.7905377 ], [ -47.8338534, -15.7904914 ], [ -47.8338163, -15.7904497 ] ], [ [ -47.8339244, -15.7906401 ], [ -47.8339255, -15.7908166 ], [ -47.8339275, -15.7910166 ], [ -47.8339423, -15.7911399 ], [ -47.8339785, -15.7912418 ], [ -47.8340223, -15.7913245 ], [ -47.8341085, -15.7914444 ], [ -47.8342366, -15.7915909 ], [ -47.8344961, -15.7918761 ], [ -47.834879, -15.7923058 ], [ -47.8349618, -15.7924104 ], [ -47.8350192, -15.792512 ], [ -47.8350503, -15.7926133 ], [ -47.8350681, -15.7927088 ], [ -47.8350802, -15.7928062 ], [ -47.8350879, -15.792947 ] ], [ [ -47.8582149, -15.7925117 ], [ -47.8575529, -15.7931692 ] ], [ [ -47.8575529, -15.7931692 ], [ -47.856731, -15.7940009 ], [ -47.8563474, -15.7943764 ] ], [ [ -47.8586046, -15.7893222 ], [ -47.8588378, -15.7899849 ], [ -47.8589532, -15.7903165 ], [ -47.8590021, -15.7907392 ], [ -47.8589988, -15.7908779 ], [ -47.8589746, -15.7910766 ], [ -47.8589324, -15.79132 ], [ -47.8589042, -15.791436 ], [ -47.8588345, -15.7916419 ], [ -47.8587782, -15.7917767 ], [ -47.8587074, -15.7919158 ], [ -47.8586454, -15.7920097 ], [ -47.8585763, -15.7921045 ], [ -47.8584483, -15.7922555 ], [ -47.8582149, -15.7925117 ] ], [ [ -47.8584671, -15.7889312 ], [ -47.8586046, -15.7893222 ] ], [ [ -47.8581382, -15.7890186 ], [ -47.8581445, -15.788942 ], [ -47.8581478, -15.7888952 ], [ -47.8581515, -15.7888613 ], [ -47.8581579, -15.7888388 ], [ -47.8581661, -15.7888228 ], [ -47.858182, -15.7888012 ], [ -47.8582142, -15.7887789 ], [ -47.8582431, -15.7887715 ], [ -47.8582726, -15.7887692 ], [ -47.8583048, -15.7887779 ], [ -47.8583302, -15.7887905 ], [ -47.8583661, -15.788815 ], [ -47.8583879, -15.7888324 ], [ -47.8584671, -15.7889312 ] ], [ [ -47.8582297, -15.7893088 ], [ -47.8581382, -15.7890186 ] ], [ [ -47.8583584, -15.7912373 ], [ -47.8584363, -15.7909894 ], [ -47.8584711, -15.7908385 ], [ -47.8584971, -15.7906709 ], [ -47.8585059, -15.7904772 ], [ -47.8584993, -15.7902732 ], [ -47.858469, -15.7900965 ], [ -47.8584338, -15.7899555 ], [ -47.8582297, -15.7893088 ] ], [ [ -47.85368, -15.7949143 ], [ -47.8537074, -15.7948271 ], [ -47.8537259, -15.79477 ], [ -47.8537792, -15.7945948 ] ], [ [ -47.8537402, -15.7948818 ], [ -47.8537634, -15.7948793 ], [ -47.8537866, -15.7948813 ], [ -47.853809, -15.7948876 ], [ -47.8538296, -15.794898 ], [ -47.8538477, -15.7949121 ], [ -47.8538648, -15.7949329 ], [ -47.8538764, -15.7949568 ], [ -47.8538819, -15.7949828 ], [ -47.853881, -15.7950092 ], [ -47.8538737, -15.7950347 ], [ -47.853862, -15.7950557 ], [ -47.853846, -15.7950739 ], [ -47.8538264, -15.7950884 ], [ -47.8538041, -15.7950987 ], [ -47.8537863, -15.7951033 ], [ -47.8537679, -15.7951052 ], [ -47.8537495, -15.7951042 ], [ -47.8537238, -15.7950981 ], [ -47.8537003, -15.7950865 ], [ -47.85368, -15.7950702 ], [ -47.853664, -15.7950499 ], [ -47.8536532, -15.7950267 ], [ -47.8536475, -15.7950032 ], [ -47.853648, -15.7949827 ], [ -47.8536513, -15.7949639 ], [ -47.8536579, -15.7949459 ], [ -47.8536676, -15.7949292 ], [ -47.85368, -15.7949143 ], [ -47.8536977, -15.7948997 ], [ -47.853718, -15.7948887 ], [ -47.8537402, -15.7948818 ] ], [ [ -47.8753573, -15.7972496 ], [ -47.8752545, -15.7972789 ], [ -47.8750645, -15.7973318 ], [ -47.8748555, -15.79739 ], [ -47.8746247, -15.7974576 ], [ -47.8743789, -15.7975432 ], [ -47.8741373, -15.7976272 ], [ -47.8739278, -15.7976884 ], [ -47.8738784, -15.7977028 ], [ -47.8736121, -15.7977803 ], [ -47.8734908, -15.7978178 ], [ -47.8729611, -15.7979816 ], [ -47.8727912, -15.7980339 ], [ -47.872516, -15.7981186 ], [ -47.8722411, -15.7982115 ], [ -47.8721783, -15.7982329 ], [ -47.8721463, -15.7982438 ], [ -47.8719899, -15.7982894 ], [ -47.8718075, -15.7983425 ], [ -47.8715061, -15.7984356 ], [ -47.871292, -15.7985026 ], [ -47.8711331, -15.798552 ], [ -47.8707942, -15.7986563 ], [ -47.8704853, -15.7987614 ], [ -47.8702949, -15.7988195 ], [ -47.8696745, -15.7990089 ], [ -47.8694862, -15.7990666 ], [ -47.8691852, -15.7991588 ], [ -47.8689615, -15.7992286 ], [ -47.8688997, -15.799251 ], [ -47.8688859, -15.7992547 ], [ -47.8688209, -15.7992714 ], [ -47.868628, -15.7993321 ], [ -47.8681938, -15.7994685 ], [ -47.868118, -15.7994921 ], [ -47.8680206, -15.7995243 ], [ -47.867846, -15.7995821 ], [ -47.867146, -15.7997956 ], [ -47.8671206, -15.7998036 ], [ -47.8669721, -15.799853 ], [ -47.8663951, -15.8000302 ], [ -47.8657854, -15.8002206 ] ], [ [ -47.8760142, -15.797038 ], [ -47.8757373, -15.7971188 ], [ -47.8753573, -15.7972496 ] ], [ [ -47.876132, -15.7969962 ], [ -47.8760851, -15.7970125 ], [ -47.8760142, -15.797038 ] ], [ [ -47.8817804, -15.795211 ], [ -47.8813736, -15.7953201 ], [ -47.8808905, -15.795473 ], [ -47.8808379, -15.7954901 ], [ -47.8806056, -15.7955625 ], [ -47.8794873, -15.7959163 ], [ -47.8791634, -15.7960242 ], [ -47.8787399, -15.796155 ], [ -47.8773893, -15.7965722 ] ], [ [ -47.876754, -15.7946793 ], [ -47.8773289, -15.7944978 ], [ -47.8778682, -15.7943275 ], [ -47.8783759, -15.7941671 ], [ -47.8790401, -15.7939574 ], [ -47.8793811, -15.7938497 ], [ -47.8797853, -15.7937221 ], [ -47.8799647, -15.7936655 ], [ -47.880455, -15.7935106 ], [ -47.8805069, -15.7934943 ], [ -47.8807614, -15.7934139 ], [ -47.8809536, -15.7933532 ] ], [ [ -47.876637, -15.7947158 ], [ -47.876754, -15.7946793 ] ], [ [ -47.8760099, -15.7949212 ], [ -47.876637, -15.7947158 ] ], [ [ -47.8759156, -15.7949508 ], [ -47.8760099, -15.7949212 ] ], [ [ -47.8754488, -15.7951139 ], [ -47.8759156, -15.7949508 ] ], [ [ -47.8657854, -15.8002206 ], [ -47.8637544, -15.8008866 ] ], [ [ -47.8637544, -15.8008866 ], [ -47.8632034, -15.8010636 ] ], [ [ -47.8632034, -15.8010636 ], [ -47.8627619, -15.8012085 ] ], [ [ -47.8627619, -15.8012085 ], [ -47.8624312, -15.8013071 ], [ -47.862329, -15.8013342 ], [ -47.8622612, -15.8013414 ], [ -47.8622139, -15.8013256 ] ], [ [ -47.8622139, -15.8013256 ], [ -47.8621767, -15.8012906 ], [ -47.8621441, -15.8012216 ], [ -47.8620323, -15.8008939 ], [ -47.8617193, -15.7999559 ], [ -47.8616337, -15.7996943 ] ], [ [ -47.8616337, -15.7996943 ], [ -47.8615562, -15.7996008 ], [ -47.8614939, -15.7995662 ], [ -47.8614137, -15.79956 ] ], [ [ -47.8614137, -15.79956 ], [ -47.8604003, -15.7999184 ], [ -47.8603215, -15.7999363 ], [ -47.8580719, -15.8006073 ] ], [ [ -47.8580719, -15.8006073 ], [ -47.8576366, -15.8007475 ], [ -47.8569643, -15.8009677 ], [ -47.8567926, -15.8010211 ] ], [ [ -47.8567926, -15.8010211 ], [ -47.8545969, -15.801692 ], [ -47.8543201, -15.8017766 ], [ -47.853546, -15.8020215 ], [ -47.8531252, -15.8021547 ], [ -47.8527715, -15.8022667 ] ], [ [ -47.8527715, -15.8022667 ], [ -47.8524372, -15.8023866 ], [ -47.8522859, -15.8024862 ], [ -47.8520979, -15.8026429 ], [ -47.8519922, -15.8027598 ], [ -47.851897, -15.8029073 ], [ -47.8518734, -15.8029707 ], [ -47.8518621, -15.8030695 ], [ -47.8518657, -15.8031649 ], [ -47.8518876, -15.8032437 ], [ -47.8519486, -15.8033734 ], [ -47.8520571, -15.8035153 ] ], [ [ -47.8520571, -15.8035153 ], [ -47.8524802, -15.8037994 ] ], [ [ -47.8524802, -15.8037994 ], [ -47.8530298, -15.80414 ] ], [ [ -47.8530298, -15.80414 ], [ -47.8532803, -15.8041863 ], [ -47.8535096, -15.8042212 ], [ -47.8537611, -15.8042354 ], [ -47.8540032, -15.8042263 ], [ -47.8542325, -15.804196 ], [ -47.8543498, -15.8042096 ], [ -47.8544638, -15.8042547 ], [ -47.8545503, -15.8043315 ], [ -47.8546073, -15.8044251 ], [ -47.8546442, -15.8045309 ], [ -47.8546415, -15.8046476 ], [ -47.8546093, -15.8047477 ], [ -47.8540447, -15.8056484 ] ], [ [ -47.8540447, -15.8056484 ], [ -47.8540374, -15.8057638 ], [ -47.8540528, -15.8058406 ], [ -47.8541145, -15.8059187 ], [ -47.8541959, -15.8059597 ], [ -47.8542804, -15.805971 ], [ -47.8543653, -15.8059626 ], [ -47.8544407, -15.8059306 ], [ -47.8545027, -15.8058638 ], [ -47.8545523, -15.8057613 ], [ -47.8545631, -15.8056696 ], [ -47.8545463, -15.80552 ] ], [ [ -47.8496544, -15.8024463 ], [ -47.8494712, -15.8022743 ], [ -47.8494005, -15.8021997 ], [ -47.8493679, -15.8021299 ] ], [ [ -47.8493679, -15.8021299 ], [ -47.8493479, -15.8020168 ], [ -47.8493462, -15.8019223 ] ], [ [ -47.8493462, -15.8019223 ], [ -47.849371, -15.8018591 ], [ -47.8494159, -15.8017945 ], [ -47.8495011, -15.8017126 ], [ -47.8497882, -15.8015969 ] ], [ [ -47.8497882, -15.8015969 ], [ -47.8500444, -15.8015159 ], [ -47.8503235, -15.8013845 ], [ -47.8505588, -15.8012004 ], [ -47.8507671, -15.8009839 ], [ -47.8509245, -15.800742 ] ], [ [ -47.8515624, -15.8036934 ], [ -47.8512418, -15.8035347 ], [ -47.8510554, -15.803425 ], [ -47.8506022, -15.8031251 ], [ -47.8500489, -15.8027127 ], [ -47.8496544, -15.8024463 ] ], [ [ -47.8522822, -15.8041031 ], [ -47.8515624, -15.8036934 ] ], [ [ -47.8528977, -15.8044708 ], [ -47.8522822, -15.8041031 ] ], [ [ -47.8538515, -15.8050619 ], [ -47.8528977, -15.8044708 ] ], [ [ -47.8539703, -15.8051279 ], [ -47.8538515, -15.8050619 ] ], [ [ -47.8543722, -15.8053785 ], [ -47.8539703, -15.8051279 ] ], [ [ -47.8539683, -15.7958088 ], [ -47.8540216, -15.7957295 ], [ -47.8540665, -15.7956662 ], [ -47.8541463, -15.7955633 ], [ -47.8541607, -15.7955443 ], [ -47.8541706, -15.7955248 ], [ -47.8541772, -15.7955091 ], [ -47.8541812, -15.7954907 ], [ -47.8541822, -15.795471 ], [ -47.8541792, -15.7954575 ], [ -47.8541705, -15.7954354 ], [ -47.8541574, -15.7954159 ], [ -47.854056, -15.7953231 ], [ -47.8538041, -15.7950987 ] ], [ [ -47.8554448, -15.7904101 ], [ -47.8553267, -15.7907014 ], [ -47.8551921, -15.7910334 ], [ -47.8550646, -15.7913657 ], [ -47.854956, -15.7916419 ], [ -47.8546958, -15.7922716 ], [ -47.8545729, -15.7925939 ], [ -47.8545498, -15.7926544 ], [ -47.8543921, -15.7930679 ], [ -47.8543572, -15.7931505 ], [ -47.8540796, -15.7938822 ], [ -47.8540289, -15.7940191 ], [ -47.8540051, -15.7940745 ], [ -47.8538402, -15.7944577 ], [ -47.8537792, -15.7945948 ] ], [ [ -47.8554448, -15.7904101 ], [ -47.8555253, -15.7901165 ], [ -47.8555344, -15.7900715 ], [ -47.8555387, -15.7900259 ], [ -47.8555382, -15.7899996 ], [ -47.8555337, -15.7899675 ], [ -47.8555245, -15.7899449 ], [ -47.8554834, -15.7898807 ] ], [ [ -47.8266925, -15.791943 ], [ -47.8273393, -15.7919228 ] ], [ [ -47.8273393, -15.7919228 ], [ -47.8276277, -15.7918413 ], [ -47.8278154, -15.7917664 ], [ -47.828032, -15.7916645 ], [ -47.8288846, -15.7912069 ], [ -47.8289749, -15.791152 ], [ -47.8291999, -15.7910507 ], [ -47.8299668, -15.7906433 ], [ -47.8306242, -15.7902941 ], [ -47.8308374, -15.7902133 ], [ -47.8310307, -15.7901765 ], [ -47.8313016, -15.7901656 ], [ -47.8318521, -15.7901597 ] ], [ [ -47.8318521, -15.7901597 ], [ -47.832332, -15.7901538 ], [ -47.8330886, -15.7901539 ] ], [ [ -47.8330886, -15.7901539 ], [ -47.8336936, -15.7901545 ] ], [ [ -47.8336549, -15.7903952 ], [ -47.8336251, -15.7903411 ], [ -47.8336137, -15.7902914 ], [ -47.8336203, -15.790223 ], [ -47.8336506, -15.7901849 ], [ -47.8336936, -15.7901545 ], [ -47.8337283, -15.7901423 ], [ -47.8337862, -15.79013 ], [ -47.8338441, -15.7901253 ], [ -47.8339724, -15.7901217 ], [ -47.8340464, -15.7901271 ], [ -47.8340918, -15.790141 ], [ -47.8341137, -15.7901528 ], [ -47.8341548, -15.7901991 ], [ -47.8341696, -15.7902451 ], [ -47.8341696, -15.7903023 ], [ -47.8341469, -15.7903465 ] ], [ [ -47.8341469, -15.7903465 ], [ -47.8341081, -15.7903886 ], [ -47.8340424, -15.790425 ], [ -47.8339469, -15.7904414 ], [ -47.8338735, -15.7904466 ], [ -47.8338163, -15.7904497 ], [ -47.8337346, -15.7904332 ], [ -47.8336549, -15.7903952 ] ], [ [ -47.8341137, -15.7901528 ], [ -47.8351955, -15.7901365 ], [ -47.8363623, -15.7901223 ], [ -47.8367539, -15.7901075 ], [ -47.8369986, -15.7900984 ], [ -47.8373285, -15.7900862 ], [ -47.8375757, -15.7900717 ], [ -47.8377054, -15.7900591 ], [ -47.8378878, -15.7900565 ], [ -47.8380755, -15.7900778 ], [ -47.8382693, -15.7900868 ], [ -47.8385107, -15.7900875 ], [ -47.8395682, -15.7900681 ], [ -47.8397636, -15.7900704 ], [ -47.8405546, -15.7900539 ], [ -47.8408776, -15.7900491 ], [ -47.8413438, -15.7900507 ], [ -47.8416348, -15.7900442 ], [ -47.8418521, -15.7900262 ], [ -47.8420566, -15.7899926 ], [ -47.8424529, -15.7898926 ], [ -47.842705, -15.7898545 ] ], [ [ -47.842705, -15.7898545 ], [ -47.8430034, -15.7898416 ], [ -47.8432006, -15.7898358 ], [ -47.8433732, -15.7898091 ], [ -47.8434179, -15.7898011 ], [ -47.8435117, -15.7897842 ], [ -47.8435814, -15.7897813 ], [ -47.8436505, -15.7897868 ], [ -47.8437464, -15.7898023 ], [ -47.8437903, -15.7898122 ], [ -47.843852, -15.789821 ] ], [ [ -47.843852, -15.789821 ], [ -47.8445544, -15.7898294 ], [ -47.8462188, -15.7898121 ], [ -47.8464511, -15.7898065 ] ], [ [ -47.8464511, -15.7898065 ], [ -47.8467791, -15.7898002 ] ], [ [ -47.8467791, -15.7898002 ], [ -47.8469208, -15.7897939 ] ], [ [ -47.8469208, -15.7897939 ], [ -47.8472598, -15.7897929 ] ], [ [ -47.8472598, -15.7897929 ], [ -47.8485885, -15.7897674 ] ], [ [ -47.8485885, -15.7897674 ], [ -47.8492972, -15.7897752 ] ], [ [ -47.8492972, -15.7897752 ], [ -47.849739, -15.7897731 ], [ -47.850354, -15.7897694 ], [ -47.8511916, -15.7897556 ], [ -47.8517501, -15.7897464 ], [ -47.8519516, -15.7897389 ], [ -47.8530258, -15.7897255 ], [ -47.8533775, -15.7897214 ], [ -47.8535284, -15.789719 ], [ -47.8542291, -15.7897036 ], [ -47.8549918, -15.7897045 ], [ -47.8553423, -15.7896971 ], [ -47.8554026, -15.7896968 ], [ -47.8555588, -15.789696 ], [ -47.8555924, -15.7896958 ] ], [ [ -47.8555924, -15.7896958 ], [ -47.8556387, -15.7896975 ], [ -47.8558204, -15.7897042 ], [ -47.8560061, -15.7897139 ], [ -47.8560963, -15.78973 ], [ -47.8561737, -15.7897481 ], [ -47.8562616, -15.789782 ], [ -47.8562959, -15.7897994 ], [ -47.8563863, -15.7898479 ], [ -47.8564306, -15.7898804 ], [ -47.8564795, -15.7899226 ], [ -47.8578022, -15.791195 ], [ -47.8578689, -15.791248 ], [ -47.857921, -15.7912825 ], [ -47.8579614, -15.7913041 ], [ -47.8580147, -15.7913218 ], [ -47.8580697, -15.7913302 ], [ -47.8581375, -15.7913286 ], [ -47.8581894, -15.7913186 ], [ -47.8582528, -15.7912941 ], [ -47.8583584, -15.7912373 ] ], [ [ -47.8554834, -15.7898807 ], [ -47.8551914, -15.7898784 ], [ -47.8550405, -15.7898745 ], [ -47.8547975, -15.7898755 ], [ -47.8545584, -15.789872 ], [ -47.8541004, -15.7898797 ], [ -47.8534272, -15.7898868 ], [ -47.853033, -15.7898823 ], [ -47.8529779, -15.7898835 ], [ -47.8525286, -15.7898935 ], [ -47.8519515, -15.7899001 ], [ -47.8517568, -15.7899107 ], [ -47.8512646, -15.7899217 ], [ -47.8510628, -15.7899231 ], [ -47.8509072, -15.7899257 ], [ -47.8507248, -15.7899288 ] ], [ [ -47.8507248, -15.7899288 ], [ -47.8504043, -15.7899436 ], [ -47.8503192, -15.789947 ] ], [ [ -47.8503192, -15.789947 ], [ -47.8502608, -15.7899494 ], [ -47.8501582, -15.7899571 ], [ -47.850067, -15.7899726 ], [ -47.8500256, -15.789983 ], [ -47.8499443, -15.7900036 ], [ -47.8497981, -15.7900623 ] ], [ [ -47.8497981, -15.7900623 ], [ -47.8497106, -15.7900962 ], [ -47.8496459, -15.790113 ], [ -47.8495909, -15.790121 ], [ -47.8495152, -15.7901265 ], [ -47.8494717, -15.7901251 ], [ -47.849432, -15.790121 ], [ -47.849372, -15.7901072 ], [ -47.84931, -15.7900888 ], [ -47.8492453, -15.7900613 ], [ -47.8491021, -15.7899991 ], [ -47.8490082, -15.7899713 ], [ -47.8488956, -15.789952 ], [ -47.8487588, -15.7899429 ], [ -47.848286, -15.7899513 ], [ -47.8463478, -15.7899809 ], [ -47.8462167, -15.789983 ], [ -47.8454666, -15.7900066 ], [ -47.8453063, -15.7900125 ], [ -47.8446597, -15.790012 ], [ -47.844374, -15.7900217 ] ], [ [ -47.844374, -15.7900217 ], [ -47.8443154, -15.790028 ], [ -47.844142, -15.7900468 ], [ -47.844032, -15.7900672 ], [ -47.8438698, -15.7901127 ] ], [ [ -47.8438698, -15.7901127 ], [ -47.8437953, -15.7901514 ], [ -47.8437494, -15.7901656 ], [ -47.8436954, -15.7901814 ], [ -47.8436317, -15.7901875 ], [ -47.8435472, -15.7901836 ], [ -47.8434956, -15.7901739 ], [ -47.8434024, -15.7901507 ], [ -47.8433156, -15.7901181 ], [ -47.8430919, -15.7900513 ], [ -47.8428727, -15.7900275 ], [ -47.842648, -15.7900365 ], [ -47.8421022, -15.790134 ], [ -47.8420137, -15.7901515 ], [ -47.8418648, -15.790181 ], [ -47.8416623, -15.790192 ], [ -47.8408833, -15.7902026 ], [ -47.8403842, -15.7902236 ], [ -47.8391531, -15.7902288 ], [ -47.8386737, -15.7902314 ], [ -47.8385309, -15.7902343 ] ], [ [ -47.8385309, -15.7902343 ], [ -47.838439, -15.7902456 ], [ -47.8382519, -15.7902869 ], [ -47.83818, -15.7903114 ], [ -47.838099, -15.7903404 ] ], [ [ -47.838099, -15.7903404 ], [ -47.8379542, -15.7904004 ], [ -47.8378268, -15.7904204 ], [ -47.837696, -15.7904146 ], [ -47.8376075, -15.7903862 ], [ -47.8375412, -15.7903591 ], [ -47.8373735, -15.7902901 ], [ -47.8372139, -15.7902565 ], [ -47.837002, -15.7902462 ], [ -47.8361075, -15.7902611 ], [ -47.8352957, -15.7902574 ], [ -47.8345867, -15.7902692 ] ], [ [ -47.8345867, -15.7902692 ], [ -47.834394, -15.7902849 ], [ -47.8342668, -15.790307 ], [ -47.8341469, -15.7903465 ] ], [ [ -47.8266925, -15.791943 ], [ -47.8267448, -15.7931805 ] ], [ [ -47.8563474, -15.7943764 ], [ -47.8554623, -15.7952507 ], [ -47.8552638, -15.7954604 ] ], [ [ -47.8552638, -15.7954604 ], [ -47.8542851, -15.7964742 ] ], [ [ -47.8542851, -15.7964742 ], [ -47.8540587, -15.7966952 ] ], [ [ -47.8540587, -15.7966952 ], [ -47.8536633, -15.797104 ] ], [ [ -47.8536633, -15.797104 ], [ -47.8530288, -15.79776 ], [ -47.8529575, -15.7978338 ] ], [ [ -47.8529575, -15.7978338 ], [ -47.8528147, -15.7979819 ] ], [ [ -47.8528147, -15.7979819 ], [ -47.8526218, -15.798182 ], [ -47.8523308, -15.798502 ], [ -47.8521544, -15.7987528 ], [ -47.852084, -15.7988614 ], [ -47.8520616, -15.7989085 ] ], [ [ -47.8520616, -15.7989085 ], [ -47.851898, -15.7992756 ] ], [ [ -47.851898, -15.7992756 ], [ -47.8517894, -15.7995279 ] ], [ [ -47.8517894, -15.7995279 ], [ -47.8517541, -15.7996225 ], [ -47.8515529, -15.8001631 ], [ -47.8513572, -15.8006544 ], [ -47.8509834, -15.8016854 ] ], [ [ -47.8509834, -15.8016854 ], [ -47.8510038, -15.8018294 ], [ -47.8510554, -15.8020268 ], [ -47.8511439, -15.8021591 ], [ -47.8512532, -15.8022752 ], [ -47.8513753, -15.8023507 ], [ -47.8515107, -15.8023933 ], [ -47.8517206, -15.8024152 ], [ -47.8520378, -15.8023862 ], [ -47.8527252, -15.8021965 ] ], [ [ -47.8527252, -15.8021965 ], [ -47.8530986, -15.8020777 ], [ -47.8542948, -15.8017016 ], [ -47.8546377, -15.8015922 ], [ -47.8554806, -15.8013196 ], [ -47.8566519, -15.8009524 ] ], [ [ -47.8566519, -15.8009524 ], [ -47.8573713, -15.8007409 ], [ -47.8574427, -15.8007176 ], [ -47.8579056, -15.8005699 ] ], [ [ -47.8579056, -15.8005699 ], [ -47.8602929, -15.799845 ], [ -47.8604194, -15.7997831 ], [ -47.8616786, -15.7993959 ], [ -47.8618433, -15.7993489 ] ], [ [ -47.8820516, -15.7950056 ], [ -47.8818375, -15.7950521 ] ], [ [ -47.8814613, -15.7933447 ], [ -47.881522, -15.7933776 ], [ -47.881582, -15.793415 ], [ -47.8816306, -15.7934673 ], [ -47.8816728, -15.7935376 ], [ -47.8820135, -15.7946758 ], [ -47.8820376, -15.7947777 ], [ -47.8820483, -15.79485 ], [ -47.8820516, -15.7950056 ] ], [ [ -47.8809536, -15.7933532 ], [ -47.8810244, -15.7933911 ], [ -47.8810901, -15.7934092 ], [ -47.8811572, -15.7934176 ], [ -47.8814613, -15.7933447 ] ], [ [ -47.8765856, -15.7968337 ], [ -47.876132, -15.7969962 ] ], [ [ -47.8769728, -15.796709 ], [ -47.8765856, -15.7968337 ] ], [ [ -47.8772364, -15.7966181 ], [ -47.8769728, -15.796709 ] ], [ [ -47.8773893, -15.7965722 ], [ -47.8772364, -15.7966181 ] ], [ [ -47.8751782, -15.7951716 ], [ -47.8754488, -15.7951139 ] ], [ [ -47.8747147, -15.7953242 ], [ -47.8748073, -15.7952943 ], [ -47.8751782, -15.7951716 ] ], [ [ -47.8618433, -15.7993489 ], [ -47.8618951, -15.7993329 ], [ -47.8623799, -15.7991879 ], [ -47.8624665, -15.7991608 ], [ -47.8625324, -15.7991402 ], [ -47.8625826, -15.7991245 ], [ -47.8656243, -15.7981722 ], [ -47.865987, -15.7980587 ], [ -47.8664047, -15.7979279 ], [ -47.8665206, -15.7978916 ], [ -47.8665932, -15.7978705 ], [ -47.86726, -15.7976604 ], [ -47.8674802, -15.7975912 ], [ -47.8675482, -15.7975676 ], [ -47.8677889, -15.7974946 ], [ -47.8680854, -15.7974017 ], [ -47.8688622, -15.797152 ], [ -47.868986, -15.7971122 ], [ -47.8694411, -15.7969773 ], [ -47.8697047, -15.7968958 ], [ -47.8698189, -15.7968612 ], [ -47.8704941, -15.796652 ], [ -47.870533, -15.7966391 ], [ -47.8706322, -15.7966063 ], [ -47.8708382, -15.7965472 ], [ -47.871031, -15.7964795 ], [ -47.871198, -15.796424 ], [ -47.8712956, -15.7963954 ], [ -47.871491, -15.796338 ], [ -47.872153, -15.7961276 ], [ -47.8723116, -15.7960799 ], [ -47.8727497, -15.7959415 ], [ -47.8729673, -15.7958747 ], [ -47.8731514, -15.7958182 ], [ -47.8737967, -15.7956145 ], [ -47.8739559, -15.7955643 ], [ -47.8744157, -15.7954198 ], [ -47.8744619, -15.7954054 ], [ -47.8745537, -15.7953768 ], [ -47.8746291, -15.7953525 ], [ -47.8747147, -15.7953242 ] ], [ [ -47.8545463, -15.80552 ], [ -47.8543722, -15.8053785 ] ], [ [ -47.8509245, -15.800742 ], [ -47.8513895, -15.7996086 ], [ -47.8514316, -15.799505 ] ], [ [ -47.8514316, -15.799505 ], [ -47.8514504, -15.7994598 ], [ -47.851518, -15.799293 ] ], [ [ -47.851518, -15.799293 ], [ -47.851828, -15.7985291 ] ], [ [ -47.851828, -15.7985291 ], [ -47.8520436, -15.7979977 ], [ -47.8521498, -15.7977903 ], [ -47.8522713, -15.7976093 ], [ -47.8524462, -15.7973896 ], [ -47.8525836, -15.7972677 ], [ -47.8529263, -15.796916 ], [ -47.8531567, -15.7966712 ] ], [ [ -47.8531567, -15.7966712 ], [ -47.8534025, -15.79641 ], [ -47.8539683, -15.7958088 ] ] ] } },
{ "type": "Feature", "properties": { "id_osm": 2435070, "nome": "140 - Rodoviária do Plano Piloto/Avenida das Nações Norte", "ref": "140" }, "geometry": { "type": "MultiLineString", "coordinates": [ [ [ -47.8753573, -15.7972496 ], [ -47.8752545, -15.7972789 ], [ -47.8750645, -15.7973318 ], [ -47.8748555, -15.79739 ], [ -47.8746247, -15.7974576 ], [ -47.8743789, -15.7975432 ], [ -47.8741373, -15.7976272 ], [ -47.8739278, -15.7976884 ], [ -47.8738784, -15.7977028 ], [ -47.8736121, -15.7977803 ], [ -47.8734908, -15.7978178 ], [ -47.8729611, -15.7979816 ], [ -47.8727912, -15.7980339 ], [ -47.872516, -15.7981186 ], [ -47.8722411, -15.7982115 ], [ -47.8721783, -15.7982329 ], [ -47.8721463, -15.7982438 ], [ -47.8719899, -15.7982894 ], [ -47.8718075, -15.7983425 ], [ -47.8715061, -15.7984356 ], [ -47.871292, -15.7985026 ], [ -47.8711331, -15.798552 ], [ -47.8707942, -15.7986563 ], [ -47.8704853, -15.7987614 ], [ -47.8702949, -15.7988195 ], [ -47.8696745, -15.7990089 ], [ -47.8694862, -15.7990666 ], [ -47.8691852, -15.7991588 ], [ -47.8689615, -15.7992286 ], [ -47.8688997, -15.799251 ], [ -47.8688859, -15.7992547 ], [ -47.8688209, -15.7992714 ], [ -47.868628, -15.7993321 ], [ -47.8681938, -15.7994685 ], [ -47.868118, -15.7994921 ], [ -47.8680206, -15.7995243 ], [ -47.867846, -15.7995821 ], [ -47.867146, -15.7997956 ], [ -47.8671206, -15.7998036 ], [ -47.8669721, -15.799853 ], [ -47.8663951, -15.8000302 ], [ -47.8657854, -15.8002206 ] ], [ [ -47.8760142, -15.797038 ], [ -47.8757373, -15.7971188 ], [ -47.8753573, -15.7972496 ] ], [ [ -47.876132, -15.7969962 ], [ -47.8760851, -15.7970125 ], [ -47.8760142, -15.797038 ] ], [ [ -47.8765856, -15.7968337 ], [ -47.876132, -15.7969962 ] ], [ [ -47.8769728, -15.796709 ], [ -47.8765856, -15.7968337 ] ], [ [ -47.8772364, -15.7966181 ], [ -47.8769728, -15.796709 ] ], [ [ -47.8773893, -15.7965722 ], [ -47.8772364, -15.7966181 ] ], [ [ -47.8817804, -15.795211 ], [ -47.8813736, -15.7953201 ], [ -47.8808905, -15.795473 ], [ -47.8808379, -15.7954901 ], [ -47.8806056, -15.7955625 ], [ -47.8794873, -15.7959163 ], [ -47.8791634, -15.7960242 ], [ -47.8787399, -15.796155 ], [ -47.8773893, -15.7965722 ] ], [ [ -47.8819277, -15.795174 ], [ -47.8817804, -15.795211 ] ], [ [ -47.8822498, -15.7950913 ], [ -47.8819277, -15.795174 ] ], [ [ -47.8828152, -15.7949245 ], [ -47.8826429, -15.7949707 ], [ -47.8825668, -15.7949885 ], [ -47.8823043, -15.7950736 ], [ -47.8822498, -15.7950913 ] ], [ [ -47.882936, -15.7948932 ], [ -47.8828152, -15.7949245 ] ], [ [ -47.8846675, -15.7944498 ], [ -47.8841833, -15.7946119 ], [ -47.8833993, -15.7947697 ], [ -47.8832808, -15.7947945 ], [ -47.8829953, -15.794876 ], [ -47.882936, -15.7948932 ] ], [ [ -47.8885494, -15.7934352 ], [ -47.8876256, -15.7936717 ], [ -47.8872296, -15.7937566 ], [ -47.886342, -15.7940257 ], [ -47.8855048, -15.7942353 ], [ -47.88506, -15.7943492 ], [ -47.885052, -15.7943512 ], [ -47.884738, -15.7944317 ], [ -47.8846675, -15.7944498 ] ], [ [ -47.8896859, -15.7931298 ], [ -47.8887632, -15.7933847 ], [ -47.8885494, -15.7934352 ] ], [ [ -47.8657854, -15.8002206 ], [ -47.8637544, -15.8008866 ] ], [ [ -47.8637544, -15.8008866 ], [ -47.8632034, -15.8010636 ] ], [ [ -47.8632034, -15.8010636 ], [ -47.8627619, -15.8012085 ] ], [ [ -47.8627619, -15.8012085 ], [ -47.8624312, -15.8013071 ], [ -47.862329, -15.8013342 ], [ -47.8622612, -15.8013414 ], [ -47.8622139, -15.8013256 ] ], [ [ -47.8622139, -15.8013256 ], [ -47.8621767, -15.8012906 ], [ -47.8621441, -15.8012216 ], [ -47.8620323, -15.8008939 ], [ -47.8617193, -15.7999559 ], [ -47.8616337, -15.7996943 ] ], [ [ -47.8579056, -15.8005699 ], [ -47.8602929, -15.799845 ], [ -47.8604194, -15.7997831 ], [ -47.8616786, -15.7993959 ], [ -47.8618433, -15.7993489 ] ], [ [ -47.8566519, -15.8009524 ], [ -47.8573713, -15.8007409 ], [ -47.8574427, -15.8007176 ], [ -47.8579056, -15.8005699 ] ], [ [ -47.8527252, -15.8021965 ], [ -47.8530986, -15.8020777 ], [ -47.8542948, -15.8017016 ], [ -47.8546377, -15.8015922 ], [ -47.8554806, -15.8013196 ], [ -47.8566519, -15.8009524 ] ], [ [ -47.8527715, -15.8022667 ], [ -47.8524372, -15.8023866 ], [ -47.8522859, -15.8024862 ], [ -47.8520979, -15.8026429 ], [ -47.8519922, -15.8027598 ], [ -47.851897, -15.8029073 ], [ -47.8518734, -15.8029707 ], [ -47.8518621, -15.8030695 ], [ -47.8518657, -15.8031649 ], [ -47.8518876, -15.8032437 ], [ -47.8519486, -15.8033734 ], [ -47.8520571, -15.8035153 ] ], [ [ -47.8520571, -15.8035153 ], [ -47.8524802, -15.8037994 ] ], [ [ -47.8524802, -15.8037994 ], [ -47.8530298, -15.80414 ] ], [ [ -47.8530298, -15.80414 ], [ -47.8532803, -15.8041863 ], [ -47.8535096, -15.8042212 ], [ -47.8537611, -15.8042354 ], [ -47.8540032, -15.8042263 ], [ -47.8542325, -15.804196 ], [ -47.8543498, -15.8042096 ], [ -47.8544638, -15.8042547 ], [ -47.8545503, -15.8043315 ], [ -47.8546073, -15.8044251 ], [ -47.8546442, -15.8045309 ], [ -47.8546415, -15.8046476 ], [ -47.8546093, -15.8047477 ], [ -47.8540447, -15.8056484 ] ], [ [ -47.8456704, -15.811537 ], [ -47.8455523, -15.811649 ] ], [ [ -47.8534048, -15.8064888 ], [ -47.8532654, -15.8066383 ], [ -47.8530979, -15.8067979 ], [ -47.8528391, -15.8069723 ], [ -47.8525271, -15.8071382 ], [ -47.8511229, -15.8076979 ], [ -47.8507877, -15.8078447 ], [ -47.850444, -15.8079951 ], [ -47.8491938, -15.8084667 ], [ -47.8488285, -15.8086476 ], [ -47.8484952, -15.8088934 ], [ -47.8481407, -15.8092034 ], [ -47.8468515, -15.8104181 ], [ -47.8463037, -15.8109342 ], [ -47.8456704, -15.811537 ] ], [ [ -47.8540447, -15.8056484 ], [ -47.8534048, -15.8064888 ] ], [ [ -47.8540447, -15.8056484 ], [ -47.8540374, -15.8057638 ], [ -47.8540528, -15.8058406 ], [ -47.8541145, -15.8059187 ], [ -47.8541959, -15.8059597 ], [ -47.8542804, -15.805971 ], [ -47.8543653, -15.8059626 ], [ -47.8544407, -15.8059306 ], [ -47.8545027, -15.8058638 ], [ -47.8545523, -15.8057613 ], [ -47.8545631, -15.8056696 ], [ -47.8545463, -15.80552 ] ], [ [ -47.8545463, -15.80552 ], [ -47.8543722, -15.8053785 ] ], [ [ -47.8543722, -15.8053785 ], [ -47.8539703, -15.8051279 ] ], [ [ -47.8539703, -15.8051279 ], [ -47.8538515, -15.8050619 ] ], [ [ -47.8538515, -15.8050619 ], [ -47.8528977, -15.8044708 ] ], [ [ -47.8528977, -15.8044708 ], [ -47.8522822, -15.8041031 ] ], [ [ -47.8522822, -15.8041031 ], [ -47.8515624, -15.8036934 ] ], [ [ -47.8515624, -15.8036934 ], [ -47.851239, -15.8034324 ], [ -47.8510382, -15.8032657 ], [ -47.8508527, -15.8030727 ], [ -47.8506785, -15.802821 ] ], [ [ -47.8506785, -15.802821 ], [ -47.8505699, -15.8025514 ], [ -47.8505139, -15.8023319 ] ], [ [ -47.8505139, -15.8023319 ], [ -47.8505071, -15.8020903 ], [ -47.8505243, -15.8019346 ], [ -47.8505615, -15.801778 ], [ -47.8509245, -15.800742 ] ], [ [ -47.8509245, -15.800742 ], [ -47.8513895, -15.7996086 ], [ -47.8514316, -15.799505 ] ], [ [ -47.8514316, -15.799505 ], [ -47.8514504, -15.7994598 ], [ -47.851518, -15.799293 ] ], [ [ -47.851518, -15.799293 ], [ -47.851828, -15.7985291 ] ], [ [ -47.851828, -15.7985291 ], [ -47.8520436, -15.7979977 ], [ -47.8521498, -15.7977903 ], [ -47.8522713, -15.7976093 ], [ -47.8524462, -15.7973896 ], [ -47.8525836, -15.7972677 ], [ -47.8529263, -15.796916 ], [ -47.8531567, -15.7966712 ] ], [ [ -47.8531567, -15.7966712 ], [ -47.8534025, -15.79641 ], [ -47.8539683, -15.7958088 ] ], [ [ -47.8539683, -15.7958088 ], [ -47.8542519, -15.7955404 ] ], [ [ -47.8539683, -15.7958088 ], [ -47.8540216, -15.7957295 ], [ -47.8540665, -15.7956662 ], [ -47.8541463, -15.7955633 ], [ -47.8541607, -15.7955443 ], [ -47.8541706, -15.7955248 ], [ -47.8541772, -15.7955091 ], [ -47.8541812, -15.7954907 ], [ -47.8541822, -15.795471 ], [ -47.8541792, -15.7954575 ], [ -47.8541705, -15.7954354 ], [ -47.8541574, -15.7954159 ], [ -47.854056, -15.7953231 ], [ -47.8538041, -15.7950987 ] ], [ [ -47.8537792, -15.7945948 ], [ -47.8536729, -15.7945929 ], [ -47.8535874, -15.7946016 ], [ -47.8534677, -15.7946286 ], [ -47.8534446, -15.7946338 ], [ -47.853283, -15.7946764 ], [ -47.8530416, -15.7947326 ], [ -47.8524984, -15.7948707 ], [ -47.8519392, -15.7950049 ], [ -47.8514705, -15.7951339 ], [ -47.8514061, -15.7951513 ], [ -47.8512957, -15.7951784 ], [ -47.8508408, -15.7952901 ], [ -47.8503808, -15.7954204 ], [ -47.8502313, -15.7954759 ], [ -47.8501495, -15.7955081 ], [ -47.8499416, -15.7955746 ], [ -47.8497954, -15.7956146 ], [ -47.8496291, -15.7956546 ], [ -47.8495373, -15.7956778 ], [ -47.8490713, -15.7957933 ], [ -47.8489063, -15.795834 ], [ -47.8487554, -15.7958817 ], [ -47.8485715, -15.795941 ], [ -47.8485502, -15.7959479 ], [ -47.8483893, -15.7959998 ] ], [ [ -47.8486573, -15.7966041 ], [ -47.8484783, -15.7962005 ], [ -47.8483893, -15.7959998 ], [ -47.8482393, -15.7956956 ], [ -47.8479601, -15.7951296 ], [ -47.8478914, -15.7949903 ], [ -47.8476369, -15.7946384 ], [ -47.8475659, -15.7945448 ], [ -47.8475156, -15.7944693 ], [ -47.8474861, -15.7944196 ], [ -47.8474629, -15.7943548 ], [ -47.8474492, -15.7943022 ], [ -47.8474351, -15.7942441 ], [ -47.847352, -15.7938731 ], [ -47.8472728, -15.7935299 ] ], [ [ -47.8472728, -15.7935299 ], [ -47.8471759, -15.7935402 ], [ -47.8470898, -15.7935434 ], [ -47.8469516, -15.7935357 ], [ -47.8468443, -15.7935247 ], [ -47.8466807, -15.7935073 ], [ -47.8464708, -15.7934873 ], [ -47.8463367, -15.7934737 ], [ -47.8462134, -15.7934666 ], [ -47.8460746, -15.7934682 ], [ -47.8460162, -15.7934744 ], [ -47.8459465, -15.7934898 ], [ -47.8458372, -15.7935247 ], [ -47.8457413, -15.7935686 ], [ -47.8456367, -15.7936299 ], [ -47.8453564, -15.7938021 ] ], [ [ -47.8462134, -15.7934666 ], [ -47.846039, -15.7927943 ], [ -47.8460062, -15.7926652 ], [ -47.8457588, -15.7917625 ], [ -47.845691, -15.7914822 ], [ -47.8456608, -15.7913496 ], [ -47.845573, -15.790928 ], [ -47.8455654, -15.7908916 ], [ -47.8454181, -15.7901836 ] ], [ [ -47.8454666, -15.7900066 ], [ -47.8454181, -15.7901836 ] ], [ [ -47.8454181, -15.7901836 ], [ -47.8453721, -15.7901059 ], [ -47.8453063, -15.7900125 ] ], [ [ -47.8266925, -15.791943 ], [ -47.8273393, -15.7919228 ] ], [ [ -47.8273393, -15.7919228 ], [ -47.8276277, -15.7918413 ], [ -47.8278154, -15.7917664 ], [ -47.828032, -15.7916645 ], [ -47.8288846, -15.7912069 ], [ -47.8289749, -15.791152 ], [ -47.8291999, -15.7910507 ], [ -47.8299668, -15.7906433 ], [ -47.8306242, -15.7902941 ], [ -47.8308374, -15.7902133 ], [ -47.8310307, -15.7901765 ], [ -47.8313016, -15.7901656 ], [ -47.8318521, -15.7901597 ] ], [ [ -47.8318521, -15.7901597 ], [ -47.832332, -15.7901538 ], [ -47.8330886, -15.7901539 ] ], [ [ -47.8330886, -15.7901539 ], [ -47.8336936, -15.7901545 ] ], [ [ -47.8336549, -15.7903952 ], [ -47.8336251, -15.7903411 ], [ -47.8336137, -15.7902914 ], [ -47.8336203, -15.790223 ], [ -47.8336506, -15.7901849 ], [ -47.8336936, -15.7901545 ], [ -47.8337283, -15.7901423 ], [ -47.8337862, -15.79013 ], [ -47.8338441, -15.7901253 ], [ -47.8339724, -15.7901217 ], [ -47.8340464, -15.7901271 ], [ -47.8340918, -15.790141 ], [ -47.8341137, -15.7901528 ], [ -47.8341548, -15.7901991 ], [ -47.8341696, -15.7902451 ], [ -47.8341696, -15.7903023 ], [ -47.8341469, -15.7903465 ] ], [ [ -47.8341469, -15.7903465 ], [ -47.8341081, -15.7903886 ], [ -47.8340424, -15.790425 ], [ -47.8339469, -15.7904414 ], [ -47.8338735, -15.7904466 ], [ -47.8338163, -15.7904497 ], [ -47.8337346, -15.7904332 ], [ -47.8336549, -15.7903952 ] ], [ [ -47.8341137, -15.7901528 ], [ -47.8351955, -15.7901365 ], [ -47.8363623, -15.7901223 ], [ -47.8367539, -15.7901075 ], [ -47.8369986, -15.7900984 ], [ -47.8373285, -15.7900862 ], [ -47.8375757, -15.7900717 ], [ -47.8377054, -15.7900591 ], [ -47.8378878, -15.7900565 ], [ -47.8380755, -15.7900778 ], [ -47.8382693, -15.7900868 ], [ -47.8385107, -15.7900875 ], [ -47.8395682, -15.7900681 ], [ -47.8397636, -15.7900704 ], [ -47.8405546, -15.7900539 ], [ -47.8408776, -15.7900491 ], [ -47.8413438, -15.7900507 ], [ -47.8416348, -15.7900442 ], [ -47.8418521, -15.7900262 ], [ -47.8420566, -15.7899926 ], [ -47.8424529, -15.7898926 ], [ -47.842705, -15.7898545 ] ], [ [ -47.842705, -15.7898545 ], [ -47.8430034, -15.7898416 ], [ -47.8432006, -15.7898358 ], [ -47.8433732, -15.7898091 ], [ -47.8434179, -15.7898011 ], [ -47.8435117, -15.7897842 ], [ -47.8435814, -15.7897813 ], [ -47.8436505, -15.7897868 ], [ -47.8437464, -15.7898023 ], [ -47.8437903, -15.7898122 ], [ -47.843852, -15.789821 ] ], [ [ -47.843852, -15.789821 ], [ -47.8445544, -15.7898294 ], [ -47.8462188, -15.7898121 ], [ -47.8464511, -15.7898065 ] ], [ [ -47.8464511, -15.7898065 ], [ -47.8467791, -15.7898002 ] ], [ [ -47.8467791, -15.7898002 ], [ -47.8469208, -15.7897939 ] ], [ [ -47.8469208, -15.7897939 ], [ -47.8472598, -15.7897929 ] ], [ [ -47.8472598, -15.7897929 ], [ -47.8485885, -15.7897674 ] ], [ [ -47.8485885, -15.7897674 ], [ -47.8492972, -15.7897752 ] ], [ [ -47.8492972, -15.7897752 ], [ -47.849739, -15.7897731 ], [ -47.850354, -15.7897694 ], [ -47.8511916, -15.7897556 ], [ -47.8517501, -15.7897464 ], [ -47.8519516, -15.7897389 ], [ -47.8530258, -15.7897255 ], [ -47.8533775, -15.7897214 ], [ -47.8535284, -15.789719 ], [ -47.8542291, -15.7897036 ], [ -47.8549918, -15.7897045 ], [ -47.8553423, -15.7896971 ], [ -47.8554026, -15.7896968 ], [ -47.8555588, -15.789696 ], [ -47.8555924, -15.7896958 ] ], [ [ -47.8555924, -15.7896958 ], [ -47.8556387, -15.7896975 ], [ -47.8558204, -15.7897042 ], [ -47.8560061, -15.7897139 ], [ -47.8560963, -15.78973 ], [ -47.8561737, -15.7897481 ], [ -47.8562616, -15.789782 ], [ -47.8562959, -15.7897994 ], [ -47.8563863, -15.7898479 ], [ -47.8564306, -15.7898804 ], [ -47.8564795, -15.7899226 ], [ -47.8578022, -15.791195 ], [ -47.8578689, -15.791248 ], [ -47.857921, -15.7912825 ], [ -47.8579614, -15.7913041 ], [ -47.8580147, -15.7913218 ], [ -47.8580697, -15.7913302 ], [ -47.8581375, -15.7913286 ], [ -47.8581894, -15.7913186 ], [ -47.8582528, -15.7912941 ], [ -47.8583584, -15.7912373 ] ], [ [ -47.8583584, -15.7912373 ], [ -47.8584363, -15.7909894 ], [ -47.8584711, -15.7908385 ], [ -47.8584971, -15.7906709 ], [ -47.8585059, -15.7904772 ], [ -47.8584993, -15.7902732 ], [ -47.858469, -15.7900965 ], [ -47.8584338, -15.7899555 ], [ -47.8582297, -15.7893088 ] ], [ [ -47.8582297, -15.7893088 ], [ -47.8581382, -15.7890186 ] ], [ [ -47.8581382, -15.7890186 ], [ -47.8580292, -15.7886931 ], [ -47.8579896, -15.7885053 ], [ -47.8579802, -15.7884278 ] ], [ [ -47.8579802, -15.7884278 ], [ -47.8579447, -15.7880375 ], [ -47.8579513, -15.787902 ] ], [ [ -47.8579513, -15.787902 ], [ -47.8579618, -15.7876884 ] ], [ [ -47.8579618, -15.7876884 ], [ -47.8579742, -15.7875716 ], [ -47.8580157, -15.7873626 ] ], [ [ -47.8580157, -15.7873626 ], [ -47.8581056, -15.7871238 ], [ -47.858128, -15.787077 ] ], [ [ -47.858128, -15.787077 ], [ -47.8582089, -15.7869083 ], [ -47.8582382, -15.7868571 ] ], [ [ -47.8582382, -15.7868571 ], [ -47.8582994, -15.7867502 ], [ -47.858388, -15.786634 ] ], [ [ -47.858388, -15.786634 ], [ -47.8586313, -15.7863147 ] ], [ [ -47.8586313, -15.7863147 ], [ -47.8588019, -15.7861199 ] ], [ [ -47.8588019, -15.7861199 ], [ -47.8591329, -15.7857417 ], [ -47.8595064, -15.7853268 ], [ -47.859843, -15.7849499 ], [ -47.8599913, -15.7847536 ] ], [ [ -47.8599913, -15.7847536 ], [ -47.8600019, -15.7847396 ], [ -47.8601059, -15.7845899 ], [ -47.8602494, -15.784344 ] ], [ [ -47.8602494, -15.784344 ], [ -47.86048, -15.7838711 ], [ -47.8605545, -15.7837188 ], [ -47.8606597, -15.7834187 ], [ -47.861221, -15.7817584 ], [ -47.8613826, -15.7812164 ] ], [ [ -47.8613826, -15.7812164 ], [ -47.8615059, -15.7808389 ] ], [ [ -47.8615059, -15.7808389 ], [ -47.8619418, -15.7795045 ] ], [ [ -47.8619418, -15.7795045 ], [ -47.8623247, -15.7783456 ], [ -47.8624624, -15.777934 ] ], [ [ -47.8624624, -15.777934 ], [ -47.8625675, -15.777618 ] ], [ [ -47.8625675, -15.777618 ], [ -47.863107, -15.775871 ], [ -47.8634434, -15.774859 ], [ -47.863582, -15.7742853 ], [ -47.8636727, -15.7736592 ], [ -47.863679, -15.7733266 ], [ -47.8636804, -15.7730167 ], [ -47.8636443, -15.772684 ] ], [ [ -47.8636443, -15.772684 ], [ -47.8634754, -15.7714499 ] ], [ [ -47.8634754, -15.7714499 ], [ -47.8634311, -15.7711363 ], [ -47.8634043, -15.7708833 ], [ -47.8632772, -15.7700173 ] ], [ [ -47.8632772, -15.7700173 ], [ -47.8632457, -15.7698008 ], [ -47.8631777, -15.7692855 ] ], [ [ -47.8631777, -15.7692855 ], [ -47.8630068, -15.7680233 ], [ -47.8629638, -15.7677058 ], [ -47.8629468, -15.7675691 ], [ -47.8629322, -15.7674767 ], [ -47.8627633, -15.7661415 ], [ -47.862605, -15.7650393 ], [ -47.8625567, -15.7647179 ], [ -47.8625058, -15.764243 ], [ -47.8625002, -15.7640918 ], [ -47.8624877, -15.7637557 ], [ -47.8624888, -15.7637154 ], [ -47.862492, -15.7636009 ] ], [ [ -47.862492, -15.7636009 ], [ -47.8625634, -15.7631702 ], [ -47.8626546, -15.7627251 ] ], [ [ -47.8626546, -15.7627251 ], [ -47.8626912, -15.7625891 ], [ -47.8627444, -15.7624231 ], [ -47.8627807, -15.7623276 ], [ -47.8628531, -15.7621243 ] ], [ [ -47.8628531, -15.7621243 ], [ -47.863006, -15.7617868 ], [ -47.8631844, -15.7614654 ], [ -47.8634392, -15.761086 ], [ -47.8636746, -15.7607572 ] ], [ [ -47.8636746, -15.7607572 ], [ -47.8639193, -15.7605065 ], [ -47.8645375, -15.7598882 ] ], [ [ -47.8645375, -15.7598882 ], [ -47.8648842, -15.759532 ] ], [ [ -47.8648842, -15.759532 ], [ -47.8650297, -15.7593849 ], [ -47.865211, -15.7591935 ], [ -47.8654897, -15.7589112 ] ], [ [ -47.8654897, -15.7589112 ], [ -47.8667994, -15.7576091 ], [ -47.8668653, -15.7575434 ], [ -47.8673881, -15.7570062 ], [ -47.8677267, -15.7566582 ], [ -47.8677958, -15.7565866 ], [ -47.8682604, -15.7561265 ], [ -47.868367, -15.7560218 ], [ -47.8684603, -15.755925 ], [ -47.8689954, -15.7553687 ] ], [ [ -47.8689954, -15.7553687 ], [ -47.8694373, -15.7549119 ] ], [ [ -47.8694373, -15.7549119 ], [ -47.869478, -15.7548697 ] ], [ [ -47.869478, -15.7548697 ], [ -47.8695079, -15.7548387 ], [ -47.8703552, -15.7539777 ], [ -47.8704805, -15.7538518 ] ], [ [ -47.8704805, -15.7538518 ], [ -47.8709074, -15.753425 ] ], [ [ -47.8709074, -15.753425 ], [ -47.871039, -15.7532918 ], [ -47.8711948, -15.7531365 ] ], [ [ -47.8711948, -15.7531365 ], [ -47.8718486, -15.7524802 ] ], [ [ -47.8718486, -15.7524802 ], [ -47.8719217, -15.7524053 ], [ -47.8722462, -15.752064 ], [ -47.8725143, -15.751782 ] ], [ [ -47.8725143, -15.751782 ], [ -47.8733949, -15.7509151 ], [ -47.8738777, -15.7504266 ], [ -47.8744885, -15.7498193 ], [ -47.8746379, -15.7496675 ], [ -47.8751461, -15.7491511 ], [ -47.8763961, -15.7478811 ], [ -47.8773558, -15.746906 ] ], [ [ -47.8773558, -15.746906 ], [ -47.877449, -15.7468125 ], [ -47.8785534, -15.745705 ], [ -47.8789598, -15.7452926 ], [ -47.8791891, -15.7450654 ], [ -47.8793782, -15.7448434 ], [ -47.8795002, -15.744682 ], [ -47.8796528, -15.7444648 ], [ -47.8799348, -15.743994 ], [ -47.8825663, -15.7391461 ], [ -47.8833559, -15.7370817 ], [ -47.8834525, -15.7369017 ] ], [ [ -47.8554834, -15.7898807 ], [ -47.8551914, -15.7898784 ], [ -47.8550405, -15.7898745 ], [ -47.8547975, -15.7898755 ], [ -47.8545584, -15.789872 ], [ -47.8541004, -15.7898797 ], [ -47.8534272, -15.7898868 ], [ -47.853033, -15.7898823 ], [ -47.8529779, -15.7898835 ], [ -47.8525286, -15.7898935 ], [ -47.8519515, -15.7899001 ], [ -47.8517568, -15.7899107 ], [ -47.8512646, -15.7899217 ], [ -47.8510628, -15.7899231 ], [ -47.8509072, -15.7899257 ], [ -47.8507248, -15.7899288 ] ], [ [ -47.8507248, -15.7899288 ], [ -47.8504043, -15.7899436 ], [ -47.8503192, -15.789947 ] ], [ [ -47.8503192, -15.789947 ], [ -47.8502608, -15.7899494 ], [ -47.8501582, -15.7899571 ], [ -47.850067, -15.7899726 ], [ -47.8500256, -15.789983 ], [ -47.8499443, -15.7900036 ], [ -47.8497981, -15.7900623 ] ], [ [ -47.8497981, -15.7900623 ], [ -47.8497106, -15.7900962 ], [ -47.8496459, -15.790113 ], [ -47.8495909, -15.790121 ], [ -47.8495152, -15.7901265 ], [ -47.8494717, -15.7901251 ], [ -47.849432, -15.790121 ], [ -47.849372, -15.7901072 ], [ -47.84931, -15.7900888 ], [ -47.8492453, -15.7900613 ], [ -47.8491021, -15.7899991 ], [ -47.8490082, -15.7899713 ], [ -47.8488956, -15.789952 ], [ -47.8487588, -15.7899429 ], [ -47.848286, -15.7899513 ], [ -47.8463478, -15.7899809 ], [ -47.8462167, -15.789983 ], [ -47.8454666, -15.7900066 ], [ -47.8453063, -15.7900125 ], [ -47.8446597, -15.790012 ], [ -47.844374, -15.7900217 ] ], [ [ -47.844374, -15.7900217 ], [ -47.8443154, -15.790028 ], [ -47.844142, -15.7900468 ], [ -47.844032, -15.7900672 ], [ -47.8438698, -15.7901127 ] ], [ [ -47.8438698, -15.7901127 ], [ -47.8437953, -15.7901514 ], [ -47.8437494, -15.7901656 ], [ -47.8436954, -15.7901814 ], [ -47.8436317, -15.7901875 ], [ -47.8435472, -15.7901836 ], [ -47.8434956, -15.7901739 ], [ -47.8434024, -15.7901507 ], [ -47.8433156, -15.7901181 ], [ -47.8430919, -15.7900513 ], [ -47.8428727, -15.7900275 ], [ -47.842648, -15.7900365 ], [ -47.8421022, -15.790134 ], [ -47.8420137, -15.7901515 ], [ -47.8418648, -15.790181 ], [ -47.8416623, -15.790192 ], [ -47.8408833, -15.7902026 ], [ -47.8403842, -15.7902236 ], [ -47.8391531, -15.7902288 ], [ -47.8386737, -15.7902314 ], [ -47.8385309, -15.7902343 ] ], [ [ -47.8385309, -15.7902343 ], [ -47.838439, -15.7902456 ], [ -47.8382519, -15.7902869 ], [ -47.83818, -15.7903114 ], [ -47.838099, -15.7903404 ] ], [ [ -47.838099, -15.7903404 ], [ -47.8379542, -15.7904004 ], [ -47.8378268, -15.7904204 ], [ -47.837696, -15.7904146 ], [ -47.8376075, -15.7903862 ], [ -47.8375412, -15.7903591 ], [ -47.8373735, -15.7902901 ], [ -47.8372139, -15.7902565 ], [ -47.837002, -15.7902462 ], [ -47.8361075, -15.7902611 ], [ -47.8352957, -15.7902574 ], [ -47.8345867, -15.7902692 ] ], [ [ -47.8345867, -15.7902692 ], [ -47.834394, -15.7902849 ], [ -47.8342668, -15.790307 ], [ -47.8341469, -15.7903465 ] ], [ [ -47.8437577, -15.7897361 ], [ -47.8437903, -15.7898122 ] ], [ [ -47.8854511, -15.7343563 ], [ -47.8859838, -15.7339437 ] ], [ [ -47.8859838, -15.7339437 ], [ -47.8860303, -15.7339204 ], [ -47.8861139, -15.7338785 ], [ -47.886389, -15.7337389 ] ], [ [ -47.886389, -15.7337389 ], [ -47.8869254, -15.733428 ] ], [ [ -47.887426, -15.7332614 ], [ -47.8876153, -15.7332633 ], [ -47.8876984, -15.7332815 ], [ -47.8877467, -15.7333008 ], [ -47.8877883, -15.7333305 ], [ -47.8878553, -15.7334312 ], [ -47.8878607, -15.7335513 ], [ -47.8878392, -15.7336352 ], [ -47.8877924, -15.7337178 ] ], [ [ -47.8877924, -15.7337178 ], [ -47.8862875, -15.7345532 ] ], [ [ -47.8862875, -15.7345532 ], [ -47.8861287, -15.7346951 ], [ -47.8861189, -15.7347103 ], [ -47.8860754, -15.7347698 ], [ -47.8859778, -15.7349493 ], [ -47.8857015, -15.735858 ], [ -47.8856786, -15.7359286 ], [ -47.8850074, -15.7379992 ], [ -47.8846202, -15.7392287 ], [ -47.8839179, -15.7413871 ], [ -47.8822428, -15.7466827 ], [ -47.8820594, -15.7472678 ], [ -47.8819221, -15.7476699 ], [ -47.8810432, -15.7503846 ], [ -47.8808648, -15.7509442 ], [ -47.8807408, -15.751365 ], [ -47.8806509, -15.7516347 ], [ -47.8806147, -15.7517457 ], [ -47.8805812, -15.7518626 ], [ -47.8805356, -15.7520936 ], [ -47.8805, -15.7522485 ], [ -47.8804323, -15.7524928 ] ], [ [ -47.8804323, -15.7524928 ], [ -47.8803042, -15.7529068 ], [ -47.8801051, -15.7535082 ], [ -47.8799683, -15.7539 ], [ -47.8796786, -15.7546738 ], [ -47.8796243, -15.7548203 ], [ -47.8795787, -15.7549597 ], [ -47.8792345, -15.7560656 ], [ -47.8787388, -15.7575675 ], [ -47.8786919, -15.757706 ], [ -47.8786473, -15.7578586 ], [ -47.8784314, -15.7587363 ] ], [ [ -47.8784314, -15.7587363 ], [ -47.8783281, -15.7590977 ], [ -47.8782536, -15.7593009 ], [ -47.8781068, -15.7597179 ], [ -47.8779687, -15.7601748 ], [ -47.8777823, -15.7606407 ], [ -47.8776777, -15.7609085 ], [ -47.8775646, -15.7612407 ], [ -47.8775355, -15.761326 ], [ -47.8773954, -15.7617604 ], [ -47.8771225, -15.762607 ], [ -47.8770447, -15.7628923 ], [ -47.8768408, -15.7635189 ], [ -47.8766782, -15.7640683 ], [ -47.8765746, -15.7644185 ], [ -47.8763963, -15.7653078 ], [ -47.8763426, -15.7655452 ], [ -47.8761428, -15.7662248 ], [ -47.8761207, -15.7663222 ], [ -47.8761012, -15.7663938 ], [ -47.8760389, -15.766712 ], [ -47.8760121, -15.7668192 ], [ -47.8759966, -15.7668811 ], [ -47.8758406, -15.7674389 ], [ -47.8757988, -15.7675883 ], [ -47.8755634, -15.7684666 ], [ -47.8755245, -15.7686712 ], [ -47.875438, -15.7691552 ], [ -47.8752691, -15.7699825 ], [ -47.875084, -15.7709672 ], [ -47.8750638, -15.7711002 ], [ -47.8749933, -15.7715652 ], [ -47.8749264, -15.7723843 ], [ -47.8748842, -15.7726902 ], [ -47.8747514, -15.7734465 ], [ -47.8747313, -15.7736078 ], [ -47.8746994, -15.7737911 ], [ -47.8745805, -15.7746184 ], [ -47.8745677, -15.7747074 ], [ -47.8745127, -15.7749745 ], [ -47.8744282, -15.7758599 ], [ -47.8743933, -15.7762767 ], [ -47.8742766, -15.7776215 ], [ -47.8742541, -15.7779596 ], [ -47.8742324, -15.7782868 ], [ -47.8742217, -15.7785882 ], [ -47.8742257, -15.7791121 ], [ -47.874223, -15.7791909 ], [ -47.8741995, -15.7795658 ], [ -47.8741513, -15.7801143 ], [ -47.8741439, -15.7801985 ] ], [ [ -47.8741439, -15.7801985 ], [ -47.8741298, -15.7803904 ], [ -47.8741197, -15.7806198 ] ], [ [ -47.8741197, -15.7806198 ], [ -47.8740731, -15.7811908 ], [ -47.8740124, -15.7819333 ], [ -47.8738931, -15.78362 ] ], [ [ -47.8738931, -15.78362 ], [ -47.8738529, -15.784055 ] ], [ [ -47.8738529, -15.784055 ], [ -47.8737657, -15.7850409 ], [ -47.8736838, -15.7860469 ], [ -47.8736691, -15.7862269 ], [ -47.8736635, -15.7863274 ], [ -47.8736249, -15.7868812 ] ], [ [ -47.8736249, -15.7868812 ], [ -47.8736112, -15.7871597 ], [ -47.8735506, -15.78764 ] ], [ [ -47.8735506, -15.78764 ], [ -47.8734861, -15.7881511 ] ], [ [ -47.8734861, -15.7881511 ], [ -47.8734183, -15.788715 ], [ -47.8733962, -15.7890293 ], [ -47.8734123, -15.789217 ], [ -47.8734485, -15.7893487 ], [ -47.8735042, -15.7894726 ] ], [ [ -47.8735042, -15.7894726 ], [ -47.8736423, -15.7896552 ], [ -47.8737375, -15.7897507 ], [ -47.8738663, -15.7898416 ] ], [ [ -47.8738663, -15.7898416 ], [ -47.8739682, -15.7899081 ], [ -47.874172, -15.790061 ], [ -47.874286, -15.7901539 ], [ -47.8743973, -15.7902701 ] ], [ [ -47.8743973, -15.7902701 ], [ -47.8746217, -15.7909627 ], [ -47.8747601, -15.7913896 ], [ -47.8748305, -15.7915993 ], [ -47.874919, -15.7918671 ], [ -47.8749351, -15.7919026 ], [ -47.8749472, -15.7919522 ], [ -47.8750586, -15.7922596 ], [ -47.8753008, -15.7929598 ] ], [ [ -47.8753008, -15.7929598 ], [ -47.8754172, -15.7932989 ] ], [ [ -47.8754172, -15.7932989 ], [ -47.8755118, -15.7935957 ], [ -47.8756537, -15.7940318 ], [ -47.8757297, -15.7942551 ], [ -47.8759121, -15.794681 ], [ -47.8759713, -15.7948091 ], [ -47.8760099, -15.7949212 ] ], [ [ -47.8760099, -15.7949212 ], [ -47.876637, -15.7947158 ] ], [ [ -47.876637, -15.7947158 ], [ -47.876754, -15.7946793 ] ], [ [ -47.876754, -15.7946793 ], [ -47.8773289, -15.7944978 ], [ -47.8778682, -15.7943275 ], [ -47.8783759, -15.7941671 ], [ -47.8790401, -15.7939574 ], [ -47.8793811, -15.7938497 ], [ -47.8797853, -15.7937221 ], [ -47.8799647, -15.7936655 ], [ -47.880455, -15.7935106 ], [ -47.8805069, -15.7934943 ], [ -47.8807614, -15.7934139 ], [ -47.8809536, -15.7933532 ] ], [ [ -47.8809536, -15.7933532 ], [ -47.8816376, -15.7931078 ] ], [ [ -47.8816376, -15.7931078 ], [ -47.8821211, -15.7929354 ], [ -47.8825395, -15.792786 ], [ -47.8826902, -15.7927321 ], [ -47.882824, -15.7926826 ], [ -47.882926, -15.7926448 ], [ -47.8832313, -15.7925319 ], [ -47.8834227, -15.7924611 ] ], [ [ -47.8834227, -15.7924611 ], [ -47.8840486, -15.7922341 ] ], [ [ -47.8840486, -15.7922341 ], [ -47.8847246, -15.7919826 ], [ -47.8848798, -15.7919212 ], [ -47.8850136, -15.7918656 ], [ -47.8856658, -15.7916356 ], [ -47.8863168, -15.7914538 ], [ -47.8870128, -15.7911781 ], [ -47.8875356, -15.7909429 ], [ -47.8877243, -15.7908742 ] ], [ [ -47.8877243, -15.7908742 ], [ -47.8882894, -15.7906661 ], [ -47.8887619, -15.7904869 ] ], [ [ -47.8887619, -15.7904869 ], [ -47.8889524, -15.790419 ] ], [ [ -47.8759156, -15.7949508 ], [ -47.8760099, -15.7949212 ] ], [ [ -47.8820516, -15.7950056 ], [ -47.8822443, -15.794963 ], [ -47.8828397, -15.7947316 ] ], [ [ -47.8828397, -15.7947316 ], [ -47.8827877, -15.7946655 ], [ -47.8827462, -15.7946011 ], [ -47.8827086, -15.7945383 ], [ -47.8826802, -15.7944645 ], [ -47.8824507, -15.7938009 ], [ -47.8824413, -15.7937441 ], [ -47.882452, -15.7936963 ] ], [ [ -47.8814613, -15.7933447 ], [ -47.8817801, -15.7932724 ], [ -47.8819565, -15.7932285 ], [ -47.8822294, -15.7931376 ], [ -47.8826572, -15.7929892 ], [ -47.8828248, -15.7929375 ], [ -47.883034, -15.7928664 ], [ -47.8833911, -15.7927354 ] ], [ [ -47.8663447, -15.765533 ], [ -47.8684826, -15.7640529 ], [ -47.8691267, -15.7634466 ], [ -47.8696915, -15.7624466 ], [ -47.8666034, -15.7626344 ], [ -47.8658739, -15.7621605 ], [ -47.8649942, -15.7633934 ], [ -47.8649521, -15.7635608 ], [ -47.8662856, -15.7654471 ], [ -47.8663447, -15.765533 ] ], [ [ -47.8699037, -15.7659653 ], [ -47.8688795, -15.7646722 ], [ -47.8691511, -15.7645189 ], [ -47.8698243, -15.7637369 ], [ -47.8701555, -15.7631554 ], [ -47.8703788, -15.7624931 ], [ -47.8718839, -15.7629975 ], [ -47.8719701, -15.7630264 ], [ -47.8708761, -15.76463 ], [ -47.8699037, -15.7659653 ] ] ] } },
{ "type": "Feature", "properties": { "id_osm": 2436446, "nome": "107 - Rodoviária do Plano Piloto/W3-L2 Sul (Esplanada)", "ref": "107" }, "geometry": { "type": "MultiLineString", "coordinates": [ [ [ -47.882452, -15.7936963 ], [ -47.8824762, -15.7936628 ], [ -47.8825201, -15.7936358 ], [ -47.8827988, -15.7935438 ], [ -47.8828409, -15.7935544 ], [ -47.8828865, -15.7935789 ], [ -47.8829214, -15.7936176 ], [ -47.882963, -15.7936912 ] ], [ [ -47.8863168, -15.7914538 ], [ -47.8868358, -15.7913908 ], [ -47.8870517, -15.7913714 ], [ -47.8874045, -15.7913841 ], [ -47.8877562, -15.7914381 ], [ -47.8881816, -15.791472 ], [ -47.8883549, -15.7914881 ], [ -47.8886754, -15.7914809 ], [ -47.8888348, -15.7914463 ] ], [ [ -47.8888348, -15.7914463 ], [ -47.889034, -15.7914129 ] ], [ [ -47.889034, -15.7914129 ], [ -47.8892442, -15.7913705 ], [ -47.8894657, -15.7913083 ], [ -47.8897179, -15.7912229 ], [ -47.8898734, -15.7911514 ] ], [ [ -47.8898734, -15.7911514 ], [ -47.8901387, -15.7910222 ] ], [ [ -47.8901387, -15.7910222 ], [ -47.8902057, -15.7908441 ], [ -47.8902006, -15.7907355 ], [ -47.8901763, -15.7906418 ], [ -47.8901499, -15.7905612 ], [ -47.8900852, -15.7904781 ], [ -47.8900167, -15.7904327 ], [ -47.8899296, -15.7904092 ], [ -47.8898568, -15.7903942 ], [ -47.8897732, -15.7903939 ], [ -47.889703, -15.7904104 ], [ -47.8896291, -15.7904454 ], [ -47.8895457, -15.7905265 ], [ -47.8894935, -15.7905896 ], [ -47.8894579, -15.7906567 ], [ -47.8893945, -15.7908778 ] ], [ [ -47.8893945, -15.7908778 ], [ -47.8899207, -15.792454 ] ], [ [ -47.8899207, -15.792454 ], [ -47.8901581, -15.7931808 ], [ -47.8907378, -15.7948625 ] ], [ [ -47.8907378, -15.7948625 ], [ -47.8909102, -15.7953772 ], [ -47.890937, -15.7954476 ] ], [ [ -47.890937, -15.7954476 ], [ -47.8909708, -15.7955359 ] ], [ [ -47.8909708, -15.7955359 ], [ -47.8910155, -15.7956474 ], [ -47.8910818, -15.7958131 ] ], [ [ -47.8910818, -15.7958131 ], [ -47.8912537, -15.7961998 ] ], [ [ -47.8912537, -15.7961998 ], [ -47.8912806, -15.796265 ], [ -47.891296, -15.7963015 ], [ -47.8914349, -15.7966301 ], [ -47.8916996, -15.7972028 ], [ -47.8917793, -15.79736 ] ], [ [ -47.8917793, -15.79736 ], [ -47.8918349, -15.7974515 ], [ -47.8918911, -15.7975437 ] ], [ [ -47.8918911, -15.7975437 ], [ -47.8920767, -15.7978568 ], [ -47.8924042, -15.7984089 ], [ -47.8925831, -15.7987026 ], [ -47.8930495, -15.7994305 ], [ -47.8933063, -15.7997485 ] ], [ [ -47.8933063, -15.7997485 ], [ -47.8933619, -15.7998173 ], [ -47.8934128, -15.7998813 ] ], [ [ -47.8934128, -15.7998813 ], [ -47.8937197, -15.8002694 ], [ -47.8939474, -15.8005865 ], [ -47.8944801, -15.8012791 ], [ -47.8945461, -15.8013733 ] ], [ [ -47.8945461, -15.8013733 ], [ -47.8946346, -15.8014635 ], [ -47.8947098, -15.8015639 ] ], [ [ -47.8947098, -15.8015639 ], [ -47.8955186, -15.8024788 ] ], [ [ -47.8886717, -15.788621 ], [ -47.8887603, -15.7889534 ], [ -47.8892427, -15.7904448 ], [ -47.8893945, -15.7908778 ] ], [ [ -47.88841, -15.7878969 ], [ -47.8884291, -15.7879498 ], [ -47.8886717, -15.788621 ] ], [ [ -47.8882147, -15.78712 ], [ -47.8882945, -15.7874581 ], [ -47.8883613, -15.7877411 ], [ -47.8883805, -15.7878226 ], [ -47.88841, -15.7878969 ] ], [ [ -47.8881772, -15.7869703 ], [ -47.8881986, -15.7870541 ], [ -47.8882147, -15.78712 ] ], [ [ -47.888002, -15.7862952 ], [ -47.8880551, -15.7865444 ], [ -47.8881772, -15.7869703 ] ], [ [ -47.8955186, -15.8024788 ], [ -47.8956361, -15.8026125 ], [ -47.8964797, -15.8035531 ], [ -47.8966001, -15.8036874 ], [ -47.8968421, -15.8039507 ], [ -47.897849, -15.8050384 ] ], [ [ -47.897849, -15.8050384 ], [ -47.8986803, -15.8059272 ], [ -47.8987383, -15.8059873 ], [ -47.8988715, -15.8061222 ] ], [ [ -47.8988715, -15.8061222 ], [ -47.8993332, -15.8065703 ] ], [ [ -47.8993332, -15.8065703 ], [ -47.8996597, -15.806902 ] ], [ [ -47.8996597, -15.806902 ], [ -47.8998798, -15.8071114 ], [ -47.9004479, -15.8076517 ], [ -47.9006441, -15.8078304 ], [ -47.9008188, -15.8079718 ], [ -47.9009068, -15.8080453 ], [ -47.9011811, -15.8082846 ], [ -47.901829, -15.8088508 ], [ -47.9020377, -15.8090343 ], [ -47.9024553, -15.8094079 ] ], [ [ -47.9024553, -15.8094079 ], [ -47.9029696, -15.8098359 ], [ -47.9030735, -15.8099228 ] ], [ [ -47.9030735, -15.8099228 ], [ -47.9032297, -15.8100568 ] ], [ [ -47.9032297, -15.8100568 ], [ -47.903711, -15.8104295 ] ], [ [ -47.903711, -15.8104295 ], [ -47.9041684, -15.8107836 ] ], [ [ -47.9041684, -15.8107836 ], [ -47.9042939, -15.8108812 ], [ -47.9051895, -15.8115435 ], [ -47.9054937, -15.8117785 ], [ -47.9058231, -15.8120328 ], [ -47.9059602, -15.8121384 ] ], [ [ -47.9059602, -15.8121384 ], [ -47.9061211, -15.8122543 ], [ -47.907417, -15.8131881 ], [ -47.9075247, -15.8132606 ] ], [ [ -47.9075247, -15.8132606 ], [ -47.9076451, -15.8133473 ], [ -47.90788, -15.8135164 ], [ -47.9081445, -15.8137097 ] ], [ [ -47.9081445, -15.8137097 ], [ -47.9084911, -15.8139655 ] ], [ [ -47.9084911, -15.8139655 ], [ -47.9088087, -15.8142086 ], [ -47.9089747, -15.8143361 ] ], [ [ -47.9089747, -15.8143361 ], [ -47.9094733, -15.814686 ], [ -47.9101781, -15.8151838 ], [ -47.9104092, -15.8153465 ], [ -47.9105227, -15.8154265 ], [ -47.9107283, -15.815563 ], [ -47.9108492, -15.8156474 ], [ -47.9112897, -15.8159732 ], [ -47.9119763, -15.8164869 ], [ -47.912156, -15.8166076 ], [ -47.9122436, -15.8166664 ] ], [ [ -47.9122436, -15.8166664 ], [ -47.9123322, -15.8167317 ], [ -47.9129859, -15.8172024 ], [ -47.9132688, -15.817412 ], [ -47.9133947, -15.8175053 ], [ -47.9137659, -15.8177692 ], [ -47.9138648, -15.8178418 ], [ -47.9139207, -15.8178792 ], [ -47.9141988, -15.818077 ], [ -47.9144433, -15.8182509 ], [ -47.9146001, -15.8183672 ] ], [ [ -47.9146001, -15.8183672 ], [ -47.9148075, -15.8185319 ] ], [ [ -47.9148075, -15.8185319 ], [ -47.9148767, -15.818581 ], [ -47.9149383, -15.8186248 ], [ -47.9155665, -15.8190538 ], [ -47.9158772, -15.8192808 ], [ -47.9161877, -15.8195096 ], [ -47.9162318, -15.819542 ], [ -47.9162677, -15.8195662 ], [ -47.9167116, -15.8198935 ], [ -47.9169168, -15.8200476 ], [ -47.9173502, -15.8203674 ], [ -47.917634, -15.8205563 ] ], [ [ -47.917634, -15.8205563 ], [ -47.9177421, -15.8206371 ], [ -47.9182481, -15.8210008 ], [ -47.9185167, -15.8211938 ], [ -47.9185989, -15.8212534 ], [ -47.9186558, -15.8212946 ], [ -47.9188083, -15.821407 ], [ -47.9189227, -15.8214906 ], [ -47.9192457, -15.821726 ], [ -47.919954, -15.822234 ] ], [ [ -47.919954, -15.822234 ], [ -47.9201409, -15.8223747 ] ], [ [ -47.9201409, -15.8223747 ], [ -47.9202642, -15.8224641 ], [ -47.9212393, -15.8231714 ], [ -47.922085, -15.8237847 ], [ -47.9229574, -15.8244175 ], [ -47.9230908, -15.8245143 ], [ -47.9240718, -15.8252257 ], [ -47.9241482, -15.8252812 ], [ -47.9248195, -15.825768 ], [ -47.9250162, -15.8259107 ] ], [ [ -47.9250162, -15.8259107 ], [ -47.9251558, -15.8260018 ], [ -47.9258384, -15.8265008 ], [ -47.9260022, -15.8266061 ], [ -47.9265013, -15.8269537 ], [ -47.9265303, -15.826974 ], [ -47.9269975, -15.827302 ], [ -47.9270631, -15.8273472 ] ], [ [ -47.9270631, -15.8273472 ], [ -47.9274335, -15.8276083 ], [ -47.9277901, -15.8278701 ], [ -47.928164, -15.8281481 ], [ -47.9284076, -15.8283292 ] ], [ [ -47.9284076, -15.8283292 ], [ -47.9286308, -15.8285003 ], [ -47.9291182, -15.8288748 ] ], [ [ -47.9291182, -15.8288748 ], [ -47.9292851, -15.8289877 ], [ -47.9293897, -15.8290635 ], [ -47.9294641, -15.8291248 ], [ -47.9295489, -15.8291987 ], [ -47.9295999, -15.8292587 ], [ -47.9296622, -15.8293351 ], [ -47.9297424, -15.8294538 ] ], [ [ -47.9297424, -15.8294538 ], [ -47.929827, -15.8296612 ], [ -47.929902, -15.8300031 ] ], [ [ -47.929902, -15.8300031 ], [ -47.9299351, -15.8301849 ], [ -47.9299573, -15.8303064 ], [ -47.9300006, -15.8304613 ], [ -47.9300994, -15.8306741 ], [ -47.9301111, -15.8306903 ], [ -47.9301497, -15.8307438 ], [ -47.9302231, -15.830828 ], [ -47.9303043, -15.8309138 ], [ -47.9304207, -15.8310167 ], [ -47.9305858, -15.8311279 ] ], [ [ -47.9305858, -15.8311279 ], [ -47.9307286, -15.8312325 ], [ -47.9308056, -15.8313099 ], [ -47.9308725, -15.8313816 ], [ -47.9309278, -15.8314319 ] ], [ [ -47.9309278, -15.8314319 ], [ -47.9309628, -15.8314828 ], [ -47.9309923, -15.8315415 ] ], [ [ -47.9299305, -15.829687 ], [ -47.930049, -15.8295301 ] ], [ [ -47.930049, -15.8295301 ], [ -47.9307218, -15.8286743 ] ], [ [ -47.9307218, -15.8286743 ], [ -47.9313388, -15.8278686 ], [ -47.9314111, -15.827777 ] ], [ [ -47.9314111, -15.827777 ], [ -47.9317436, -15.8273665 ] ], [ [ -47.9317436, -15.8273665 ], [ -47.9321454, -15.8268593 ], [ -47.9323297, -15.8266221 ], [ -47.9324068, -15.8265259 ], [ -47.9324345, -15.8264883 ], [ -47.9326006, -15.8262607 ], [ -47.9327139, -15.8261092 ], [ -47.9328854, -15.8258885 ] ], [ [ -47.9328854, -15.8258885 ], [ -47.9331712, -15.8255208 ] ], [ [ -47.9331712, -15.8255208 ], [ -47.9333294, -15.8253193 ], [ -47.9336673, -15.8248778 ], [ -47.9341757, -15.824237 ], [ -47.9347095, -15.8235364 ], [ -47.9350946, -15.8230402 ], [ -47.9351051, -15.8230267 ] ], [ [ -47.9351051, -15.8230267 ], [ -47.935431, -15.8225312 ] ], [ [ -47.935431, -15.8225312 ], [ -47.9355785, -15.8222988 ], [ -47.935781, -15.8219158 ] ], [ [ -47.935781, -15.8219158 ], [ -47.9359711, -15.8215427 ] ], [ [ -47.9359711, -15.8215427 ], [ -47.9360066, -15.8214584 ], [ -47.9360442, -15.8213694 ], [ -47.936531, -15.8200864 ], [ -47.9367398, -15.8193055 ], [ -47.9368411, -15.8188094 ], [ -47.9369095, -15.8184958 ], [ -47.936986, -15.8179591 ], [ -47.937001, -15.8178827 ], [ -47.9370624, -15.8174752 ], [ -47.9371161, -15.8171642 ], [ -47.9373735, -15.8155268 ], [ -47.9376371, -15.813863 ] ], [ [ -47.9377015, -15.8144384 ], [ -47.9376626, -15.8147429 ], [ -47.9374507, -15.8162823 ] ], [ [ -47.9374507, -15.8162823 ], [ -47.9374449, -15.8163763 ] ], [ [ -47.9374449, -15.8163763 ], [ -47.9372046, -15.8178403 ], [ -47.9370026, -15.8190398 ], [ -47.9369977, -15.81907 ], [ -47.9367815, -15.8199003 ], [ -47.9363738, -15.8210841 ], [ -47.9363369, -15.8213293 ], [ -47.936339, -15.8215402 ], [ -47.9363504, -15.8215946 ], [ -47.9363677, -15.8216774 ], [ -47.9364039, -15.821843 ], [ -47.93642, -15.8220357 ], [ -47.9364197, -15.8222271 ], [ -47.936342, -15.8225645 ] ], [ [ -47.936342, -15.8225645 ], [ -47.9361907, -15.8227312 ], [ -47.936005, -15.8229839 ] ], [ [ -47.936005, -15.8229839 ], [ -47.9354565, -15.8236389 ], [ -47.9345441, -15.8248229 ] ], [ [ -47.9345441, -15.8248229 ], [ -47.9341475, -15.8253342 ], [ -47.9340027, -15.8255208 ], [ -47.933786, -15.8257965 ] ], [ [ -47.933786, -15.8257965 ], [ -47.9332603, -15.8264889 ], [ -47.9331468, -15.8266289 ] ], [ [ -47.9331468, -15.8266289 ], [ -47.932976, -15.8268541 ], [ -47.9328285, -15.8270093 ], [ -47.9327302, -15.8271124 ], [ -47.932498, -15.827282 ], [ -47.9323621, -15.827465 ], [ -47.9318999, -15.8280872 ], [ -47.9318331, -15.8281759 ], [ -47.9315779, -15.8285066 ], [ -47.9315356, -15.8285614 ], [ -47.9313489, -15.8287484 ], [ -47.9312554, -15.8288122 ], [ -47.9310886, -15.8288987 ], [ -47.9309236, -15.8289413 ], [ -47.9307237, -15.8290475 ] ], [ [ -47.9307237, -15.8290475 ], [ -47.9306285, -15.8291174 ], [ -47.9304199, -15.829371 ], [ -47.9301532, -15.829712 ] ], [ [ -47.9301532, -15.829712 ], [ -47.9300558, -15.8298407 ] ], [ [ -47.9300558, -15.8298407 ], [ -47.9294927, -15.8305787 ] ], [ [ -47.9294927, -15.8305787 ], [ -47.9294399, -15.8306451 ], [ -47.9292614, -15.8308812 ], [ -47.9291369, -15.8311095 ], [ -47.9290669, -15.8312426 ], [ -47.9289796, -15.8314083 ], [ -47.9289291, -15.8315018 ] ], [ [ -47.9289291, -15.8315018 ], [ -47.9288381, -15.8317598 ], [ -47.9286896, -15.8320855 ], [ -47.9285663, -15.8323928 ], [ -47.9284666, -15.8327114 ], [ -47.9283332, -15.8333745 ] ], [ [ -47.9283332, -15.8333745 ], [ -47.9283177, -15.8334642 ] ], [ [ -47.9283353, -15.8337003 ], [ -47.928339, -15.834044 ] ], [ [ -47.9283177, -15.8334642 ], [ -47.9283353, -15.8337003 ] ], [ [ -47.9280584, -15.8343397 ], [ -47.9275112, -15.8353977 ] ], [ [ -47.9275112, -15.8353977 ], [ -47.927346, -15.8356147 ], [ -47.9266173, -15.8365718 ] ], [ [ -47.9266173, -15.8365718 ], [ -47.9262299, -15.8369669 ], [ -47.9257347, -15.8373767 ], [ -47.9252046, -15.8377349 ], [ -47.9246723, -15.8380084 ], [ -47.9239086, -15.8384246 ], [ -47.9236494, -15.8386012 ], [ -47.9230902, -15.8390463 ] ], [ [ -47.922178, -15.8402344 ], [ -47.9220275, -15.8403088 ], [ -47.9219757, -15.8403197 ], [ -47.921904, -15.8403132 ], [ -47.9218054, -15.8402661 ] ], [ [ -47.9218054, -15.8402661 ], [ -47.9212652, -15.8398664 ], [ -47.921106, -15.8397486 ], [ -47.9210177, -15.8396895 ], [ -47.9208949, -15.8396072 ], [ -47.9202791, -15.8391671 ], [ -47.9202331, -15.8391337 ], [ -47.9199052, -15.838898 ], [ -47.9197983, -15.8388214 ], [ -47.9195919, -15.8386731 ], [ -47.919508, -15.8386141 ], [ -47.9194018, -15.8385392 ], [ -47.9188889, -15.838171 ], [ -47.9188639, -15.838152 ], [ -47.9185787, -15.8379418 ], [ -47.9181511, -15.8376268 ], [ -47.9180345, -15.8375471 ], [ -47.9179054, -15.837453 ], [ -47.9177928, -15.8373755 ], [ -47.917365, -15.8370594 ], [ -47.9173048, -15.837015 ], [ -47.9169905, -15.8367828 ], [ -47.9167334, -15.8366079 ], [ -47.9162702, -15.8362689 ], [ -47.9162372, -15.8362448 ] ], [ [ -47.9162372, -15.8362448 ], [ -47.9161107, -15.8361536 ], [ -47.9159392, -15.8360309 ], [ -47.9157716, -15.83592 ], [ -47.9156671, -15.8358422 ], [ -47.9153974, -15.8356458 ] ], [ [ -47.9153974, -15.8356458 ], [ -47.9142527, -15.8348338 ], [ -47.9130395, -15.8339876 ], [ -47.9128527, -15.833851 ], [ -47.9127676, -15.8337876 ], [ -47.9124294, -15.833561 ], [ -47.9123756, -15.8335221 ], [ -47.9123295, -15.8334862 ], [ -47.911955, -15.8332055 ] ], [ [ -47.911955, -15.8332055 ], [ -47.9114641, -15.8328546 ] ], [ [ -47.9114641, -15.8328546 ], [ -47.9113179, -15.8327539 ], [ -47.910919, -15.8324682 ], [ -47.910756, -15.8323527 ], [ -47.9106172, -15.8322527 ], [ -47.9104565, -15.8321249 ] ], [ [ -47.9104565, -15.8321249 ], [ -47.9102548, -15.8319785 ], [ -47.9099654, -15.8317685 ] ], [ [ -47.9099654, -15.8317685 ], [ -47.9098005, -15.8316524 ], [ -47.909537, -15.8314644 ] ], [ [ -47.909537, -15.8314644 ], [ -47.9092407, -15.8312575 ], [ -47.9091078, -15.8311637 ] ], [ [ -47.9091078, -15.8311637 ], [ -47.9085204, -15.8307399 ] ], [ [ -47.9085204, -15.8307399 ], [ -47.9080222, -15.830378 ] ], [ [ -47.9080222, -15.830378 ], [ -47.9078344, -15.8302528 ], [ -47.9076715, -15.8301348 ], [ -47.9075538, -15.8300509 ], [ -47.9069279, -15.8296005 ] ], [ [ -47.9069279, -15.8296005 ], [ -47.9064458, -15.829252 ] ], [ [ -47.9064458, -15.829252 ], [ -47.906091, -15.8289981 ] ], [ [ -47.906091, -15.8289981 ], [ -47.9058898, -15.8288626 ] ], [ [ -47.9058898, -15.8288626 ], [ -47.9052099, -15.8284288 ], [ -47.9051536, -15.8283929 ] ], [ [ -47.9051536, -15.8283929 ], [ -47.9049896, -15.8282929 ], [ -47.9049475, -15.8282686 ], [ -47.9047724, -15.8281676 ], [ -47.9046755, -15.8281117 ], [ -47.9042711, -15.8278291 ], [ -47.9038212, -15.8275278 ], [ -47.9035355, -15.8273149 ], [ -47.9029977, -15.8268943 ], [ -47.902474, -15.8264711 ] ], [ [ -47.902474, -15.8264711 ], [ -47.9018195, -15.8259047 ] ], [ [ -47.9018195, -15.8259047 ], [ -47.9015488, -15.8257139 ], [ -47.9014784, -15.8256579 ], [ -47.90129, -15.8255171 ] ], [ [ -47.90129, -15.8255171 ], [ -47.9011121, -15.8253853 ] ], [ [ -47.9011121, -15.8253853 ], [ -47.9006937, -15.8250853 ] ], [ [ -47.9006937, -15.8250853 ], [ -47.9000266, -15.8245957 ], [ -47.8997648, -15.8243955 ] ], [ [ -47.8997648, -15.8243955 ], [ -47.8995939, -15.8242729 ], [ -47.8995008, -15.8242051 ], [ -47.8991742, -15.8239796 ] ], [ [ -47.8991742, -15.8239796 ], [ -47.89903, -15.8238794 ], [ -47.8988913, -15.8237802 ], [ -47.8984897, -15.8234862 ] ], [ [ -47.8984897, -15.8234862 ], [ -47.898099, -15.8232038 ] ], [ [ -47.898099, -15.8232038 ], [ -47.8979565, -15.8231002 ], [ -47.8974711, -15.8227423 ], [ -47.8972234, -15.8225554 ] ], [ [ -47.8972234, -15.8225554 ], [ -47.8969366, -15.8223443 ] ], [ [ -47.8969366, -15.8223443 ], [ -47.8968487, -15.8222755 ], [ -47.8968005, -15.8222422 ] ], [ [ -47.8968005, -15.8222422 ], [ -47.8966479, -15.8221364 ], [ -47.8963415, -15.8219188 ] ], [ [ -47.8963415, -15.8219188 ], [ -47.8958556, -15.8215744 ] ], [ [ -47.8958556, -15.8215744 ], [ -47.8956428, -15.8214163 ] ], [ [ -47.8956428, -15.8214163 ], [ -47.8952684, -15.8211318 ], [ -47.8951797, -15.8210609 ], [ -47.8950195, -15.82093 ] ], [ [ -47.8950195, -15.82093 ], [ -47.8948733, -15.8208029 ], [ -47.8945932, -15.8205808 ] ], [ [ -47.8945932, -15.8205808 ], [ -47.8940969, -15.82019 ] ], [ [ -47.8940969, -15.82019 ], [ -47.8938303, -15.8199604 ] ], [ [ -47.8938303, -15.8199604 ], [ -47.8935725, -15.8197429 ], [ -47.8932721, -15.8195 ] ], [ [ -47.8932721, -15.8195 ], [ -47.8931554, -15.8194057 ], [ -47.8930601, -15.8193287 ], [ -47.8920713, -15.8184599 ] ], [ [ -47.8920713, -15.8184599 ], [ -47.8915142, -15.817971 ] ], [ [ -47.8915142, -15.817971 ], [ -47.8913556, -15.8178294 ] ], [ [ -47.8913556, -15.8178294 ], [ -47.8910291, -15.8175351 ], [ -47.8905273, -15.8170745 ] ], [ [ -47.8905273, -15.8170745 ], [ -47.8902908, -15.8168435 ], [ -47.8901084, -15.8166616 ], [ -47.8899053, -15.8164597 ] ], [ [ -47.8899053, -15.8164597 ], [ -47.8895069, -15.8160648 ] ], [ [ -47.8895069, -15.8160648 ], [ -47.889356, -15.8159281 ], [ -47.8889865, -15.8155661 ], [ -47.8889034, -15.8154832 ] ], [ [ -47.8889034, -15.8154832 ], [ -47.8887641, -15.8153435 ], [ -47.8884523, -15.815017 ] ], [ [ -47.8884523, -15.815017 ], [ -47.8881745, -15.8147326 ] ], [ [ -47.8881745, -15.8147326 ], [ -47.8880156, -15.8145616 ], [ -47.8871451, -15.8136639 ] ], [ [ -47.8871451, -15.8136639 ], [ -47.8869238, -15.8134255 ], [ -47.8863342, -15.8127122 ] ], [ [ -47.8863342, -15.8127122 ], [ -47.8862173, -15.8125783 ], [ -47.8853556, -15.8116338 ], [ -47.8850036, -15.8112984 ], [ -47.8847755, -15.8110725 ], [ -47.8843974, -15.8106981 ], [ -47.8835435, -15.8097487 ], [ -47.8829385, -15.8089849 ] ], [ [ -47.8829385, -15.8089849 ], [ -47.8827332, -15.8087062 ] ], [ [ -47.8827332, -15.8087062 ], [ -47.8825792, -15.8084966 ], [ -47.8824217, -15.8083123 ] ], [ [ -47.8824217, -15.8083123 ], [ -47.8822564, -15.8081224 ] ], [ [ -47.8822564, -15.8081224 ], [ -47.8818392, -15.8076448 ] ], [ [ -47.8818392, -15.8076448 ], [ -47.8815374, -15.8072975 ] ], [ [ -47.8815374, -15.8072975 ], [ -47.8810546, -15.8067452 ] ], [ [ -47.8810546, -15.8067452 ], [ -47.8809674, -15.8066471 ], [ -47.8808983, -15.8065716 ], [ -47.8808192, -15.8064903 ] ], [ [ -47.8808192, -15.8064903 ], [ -47.8803277, -15.805936 ] ], [ [ -47.8803277, -15.805936 ], [ -47.8801118, -15.8056951 ], [ -47.8796253, -15.8051495 ], [ -47.8796062, -15.8051232 ], [ -47.8789008, -15.8043386 ], [ -47.8785172, -15.8039308 ] ], [ [ -47.8785172, -15.8039308 ], [ -47.8782101, -15.8035953 ] ], [ [ -47.8782101, -15.8035953 ], [ -47.8781229, -15.8034976 ], [ -47.8780244, -15.8033708 ], [ -47.8777635, -15.8029772 ], [ -47.8774778, -15.8024998 ] ], [ [ -47.8774778, -15.8024998 ], [ -47.8774481, -15.8024379 ] ], [ [ -47.8774481, -15.8024379 ], [ -47.8772319, -15.8019563 ] ], [ [ -47.8772319, -15.8019563 ], [ -47.8772143, -15.8019094 ], [ -47.8770996, -15.8016097 ], [ -47.877034, -15.8014313 ], [ -47.8768958, -15.8010158 ], [ -47.8767577, -15.8005693 ], [ -47.8766182, -15.8001925 ], [ -47.8766866, -15.7998866 ], [ -47.8767604, -15.7996363 ], [ -47.8767899, -15.7994169 ], [ -47.8767832, -15.7992092 ], [ -47.8767551, -15.7990392 ], [ -47.8767475, -15.7989931 ] ], [ [ -47.8767475, -15.7989931 ], [ -47.8765959, -15.7985484 ] ], [ [ -47.8765959, -15.7985484 ], [ -47.8765936, -15.7985413 ], [ -47.8765373, -15.7983826 ], [ -47.876082, -15.7972213 ], [ -47.8760592, -15.7971641 ], [ -47.8760142, -15.797038 ] ], [ [ -47.876132, -15.7969962 ], [ -47.8760851, -15.7970125 ], [ -47.8760142, -15.797038 ] ], [ [ -47.8760142, -15.797038 ], [ -47.8757373, -15.7971188 ], [ -47.8753573, -15.7972496 ] ], [ [ -47.8753573, -15.7972496 ], [ -47.8752545, -15.7972789 ], [ -47.8750645, -15.7973318 ], [ -47.8748555, -15.79739 ], [ -47.8746247, -15.7974576 ], [ -47.8743789, -15.7975432 ], [ -47.8741373, -15.7976272 ], [ -47.8739278, -15.7976884 ], [ -47.8738784, -15.7977028 ], [ -47.8736121, -15.7977803 ], [ -47.8734908, -15.7978178 ], [ -47.8729611, -15.7979816 ], [ -47.8727912, -15.7980339 ], [ -47.872516, -15.7981186 ], [ -47.8722411, -15.7982115 ], [ -47.8721783, -15.7982329 ], [ -47.8721463, -15.7982438 ], [ -47.8719899, -15.7982894 ], [ -47.8718075, -15.7983425 ], [ -47.8715061, -15.7984356 ], [ -47.871292, -15.7985026 ], [ -47.8711331, -15.798552 ], [ -47.8707942, -15.7986563 ], [ -47.8704853, -15.7987614 ], [ -47.8702949, -15.7988195 ], [ -47.8696745, -15.7990089 ], [ -47.8694862, -15.7990666 ], [ -47.8691852, -15.7991588 ], [ -47.8689615, -15.7992286 ], [ -47.8688997, -15.799251 ], [ -47.8688859, -15.7992547 ], [ -47.8688209, -15.7992714 ], [ -47.868628, -15.7993321 ], [ -47.8681938, -15.7994685 ], [ -47.868118, -15.7994921 ], [ -47.8680206, -15.7995243 ], [ -47.867846, -15.7995821 ], [ -47.867146, -15.7997956 ], [ -47.8671206, -15.7998036 ], [ -47.8669721, -15.799853 ], [ -47.8663951, -15.8000302 ], [ -47.8657854, -15.8002206 ] ], [ [ -47.8657854, -15.8002206 ], [ -47.8637544, -15.8008866 ] ], [ [ -47.8637544, -15.8008866 ], [ -47.8632034, -15.8010636 ] ], [ [ -47.8632034, -15.8010636 ], [ -47.8627619, -15.8012085 ] ], [ [ -47.8627619, -15.8012085 ], [ -47.8624312, -15.8013071 ], [ -47.862329, -15.8013342 ], [ -47.8622612, -15.8013414 ], [ -47.8622139, -15.8013256 ] ], [ [ -47.8622139, -15.8013256 ], [ -47.8621767, -15.8012906 ], [ -47.8621441, -15.8012216 ], [ -47.8620323, -15.8008939 ], [ -47.8617193, -15.7999559 ], [ -47.8616337, -15.7996943 ] ], [ [ -47.8616337, -15.7996943 ], [ -47.8616385, -15.7996078 ], [ -47.8616638, -15.7995195 ], [ -47.8616952, -15.7994748 ], [ -47.8617383, -15.7994365 ], [ -47.8618433, -15.7993489 ] ], [ [ -47.8618433, -15.7993489 ], [ -47.8618951, -15.7993329 ], [ -47.8623799, -15.7991879 ], [ -47.8624665, -15.7991608 ], [ -47.8625324, -15.7991402 ], [ -47.8625826, -15.7991245 ], [ -47.8656243, -15.7981722 ], [ -47.865987, -15.7980587 ], [ -47.8664047, -15.7979279 ], [ -47.8665206, -15.7978916 ], [ -47.8665932, -15.7978705 ], [ -47.86726, -15.7976604 ], [ -47.8674802, -15.7975912 ], [ -47.8675482, -15.7975676 ], [ -47.8677889, -15.7974946 ], [ -47.8680854, -15.7974017 ], [ -47.8688622, -15.797152 ], [ -47.868986, -15.7971122 ], [ -47.8694411, -15.7969773 ], [ -47.8697047, -15.7968958 ], [ -47.8698189, -15.7968612 ], [ -47.8704941, -15.796652 ], [ -47.870533, -15.7966391 ], [ -47.8706322, -15.7966063 ], [ -47.8708382, -15.7965472 ], [ -47.871031, -15.7964795 ], [ -47.871198, -15.796424 ], [ -47.8712956, -15.7963954 ], [ -47.871491, -15.796338 ], [ -47.872153, -15.7961276 ], [ -47.8723116, -15.7960799 ], [ -47.8727497, -15.7959415 ], [ -47.8729673, -15.7958747 ], [ -47.8731514, -15.7958182 ], [ -47.8737967, -15.7956145 ], [ -47.8739559, -15.7955643 ], [ -47.8744157, -15.7954198 ], [ -47.8744619, -15.7954054 ], [ -47.8745537, -15.7953768 ], [ -47.8746291, -15.7953525 ], [ -47.8747147, -15.7953242 ] ], [ [ -47.8747147, -15.7953242 ], [ -47.8748073, -15.7952943 ], [ -47.8751782, -15.7951716 ] ], [ [ -47.8751782, -15.7951716 ], [ -47.8754488, -15.7951139 ] ], [ [ -47.8754488, -15.7951139 ], [ -47.8759156, -15.7949508 ] ], [ [ -47.8759156, -15.7949508 ], [ -47.8760099, -15.7949212 ] ], [ [ -47.8760099, -15.7949212 ], [ -47.876637, -15.7947158 ] ], [ [ -47.876637, -15.7947158 ], [ -47.876754, -15.7946793 ] ], [ [ -47.876754, -15.7946793 ], [ -47.8773289, -15.7944978 ], [ -47.8778682, -15.7943275 ], [ -47.8783759, -15.7941671 ], [ -47.8790401, -15.7939574 ], [ -47.8793811, -15.7938497 ], [ -47.8797853, -15.7937221 ], [ -47.8799647, -15.7936655 ], [ -47.880455, -15.7935106 ], [ -47.8805069, -15.7934943 ], [ -47.8807614, -15.7934139 ], [ -47.8809536, -15.7933532 ] ], [ [ -47.8809536, -15.7933532 ], [ -47.8816376, -15.7931078 ] ], [ [ -47.8816376, -15.7931078 ], [ -47.8821211, -15.7929354 ], [ -47.8825395, -15.792786 ], [ -47.8826902, -15.7927321 ], [ -47.882824, -15.7926826 ], [ -47.882926, -15.7926448 ], [ -47.8832313, -15.7925319 ], [ -47.8834227, -15.7924611 ] ], [ [ -47.8834227, -15.7924611 ], [ -47.8840486, -15.7922341 ] ], [ [ -47.8840486, -15.7922341 ], [ -47.8847246, -15.7919826 ], [ -47.8848798, -15.7919212 ], [ -47.8850136, -15.7918656 ], [ -47.8856658, -15.7916356 ], [ -47.8863168, -15.7914538 ], [ -47.8870128, -15.7911781 ], [ -47.8875356, -15.7909429 ], [ -47.8877243, -15.7908742 ] ], [ [ -47.8877243, -15.7908742 ], [ -47.8882894, -15.7906661 ], [ -47.8887619, -15.7904869 ] ], [ [ -47.8887619, -15.7904869 ], [ -47.8889524, -15.790419 ] ], [ [ -47.8814613, -15.7933447 ], [ -47.8817801, -15.7932724 ], [ -47.8819565, -15.7932285 ], [ -47.8822294, -15.7931376 ], [ -47.8826572, -15.7929892 ], [ -47.8828248, -15.7929375 ], [ -47.883034, -15.7928664 ], [ -47.8833911, -15.7927354 ] ], [ [ -47.8779607, -15.8027531 ], [ -47.8780317, -15.8029359 ], [ -47.8781144, -15.8030797 ], [ -47.8782932, -15.8033575 ], [ -47.8783559, -15.8034391 ], [ -47.8785963, -15.8037153 ], [ -47.8788431, -15.8039747 ] ], [ [ -47.8788431, -15.8039747 ], [ -47.8789195, -15.8040573 ], [ -47.8791234, -15.8042805 ], [ -47.8792454, -15.8044083 ], [ -47.8793903, -15.8045593 ], [ -47.8796458, -15.8048535 ], [ -47.8797349, -15.8049524 ], [ -47.8798784, -15.805117 ], [ -47.8806405, -15.8059893 ] ], [ [ -47.8806405, -15.8059893 ], [ -47.8810211, -15.8064236 ] ], [ [ -47.8810211, -15.8064236 ], [ -47.8811055, -15.8065297 ] ], [ [ -47.8811055, -15.8065297 ], [ -47.8811874, -15.8066239 ], [ -47.8815776, -15.8070523 ], [ -47.8825655, -15.808193 ], [ -47.8831948, -15.8089158 ] ], [ [ -47.8831948, -15.8089158 ], [ -47.8835931, -15.8093837 ] ], [ [ -47.8835931, -15.8093837 ], [ -47.8839493, -15.8097618 ], [ -47.8844553, -15.8103081 ], [ -47.88492, -15.8108392 ], [ -47.8857756, -15.8118171 ] ], [ [ -47.8857756, -15.8118171 ], [ -47.8863222, -15.8124418 ] ], [ [ -47.8863222, -15.8124418 ], [ -47.8864672, -15.8126108 ], [ -47.8873099, -15.8135184 ], [ -47.8875874, -15.8138201 ] ], [ [ -47.8875874, -15.8138201 ], [ -47.8881575, -15.8144357 ] ], [ [ -47.8881575, -15.8144357 ], [ -47.8883596, -15.814628 ], [ -47.8886493, -15.8149545 ], [ -47.8890878, -15.8154003 ], [ -47.8891576, -15.8154642 ] ], [ [ -47.8891576, -15.8154642 ], [ -47.8894841, -15.8157816 ] ], [ [ -47.8894841, -15.8157816 ], [ -47.8896676, -15.8159502 ], [ -47.8902519, -15.8165287 ], [ -47.8908827, -15.8171378 ] ], [ [ -47.8908827, -15.8171378 ], [ -47.8914764, -15.8176913 ] ], [ [ -47.8914764, -15.8176913 ], [ -47.8916795, -15.8178635 ], [ -47.8925078, -15.8185972 ], [ -47.8925498, -15.8186339 ] ], [ [ -47.8925498, -15.8186339 ], [ -47.8931674, -15.8191726 ] ], [ [ -47.8931674, -15.8191726 ], [ -47.8932698, -15.8192549 ], [ -47.8933713, -15.8193364 ], [ -47.8937888, -15.8196609 ], [ -47.8940847, -15.8199162 ], [ -47.894475, -15.8202528 ] ], [ [ -47.894475, -15.8202528 ], [ -47.8946319, -15.8203868 ] ], [ [ -47.8946319, -15.8203868 ], [ -47.8949585, -15.8206429 ] ], [ [ -47.8949585, -15.8206429 ], [ -47.8951701, -15.8208024 ], [ -47.895362, -15.820939 ], [ -47.896348, -15.8217048 ] ], [ [ -47.896348, -15.8217048 ], [ -47.8967495, -15.822017 ] ], [ [ -47.8967495, -15.822017 ], [ -47.8969014, -15.8221267 ], [ -47.8975733, -15.822614 ] ], [ [ -47.8975733, -15.822614 ], [ -47.8980631, -15.8229699 ] ], [ [ -47.8980631, -15.8229699 ], [ -47.8982357, -15.8230924 ], [ -47.8985279, -15.8232935 ] ], [ [ -47.8985279, -15.8232935 ], [ -47.8991166, -15.8237086 ] ], [ [ -47.8991166, -15.8237086 ], [ -47.8993097, -15.8238505 ] ], [ [ -47.8993097, -15.8238505 ], [ -47.8997308, -15.8241628 ] ], [ [ -47.8997308, -15.8241628 ], [ -47.9002196, -15.824527 ] ], [ [ -47.9002196, -15.824527 ], [ -47.9007899, -15.8249362 ], [ -47.9012319, -15.8252295 ], [ -47.9018404, -15.8256908 ] ], [ [ -47.9018404, -15.8256908 ], [ -47.9023969, -15.8261221 ], [ -47.9032068, -15.826689 ] ], [ [ -47.9032068, -15.826689 ], [ -47.9038815, -15.8271517 ], [ -47.9046077, -15.8276846 ], [ -47.9049668, -15.8279497 ], [ -47.9050066, -15.8279782 ], [ -47.9050956, -15.8280546 ], [ -47.9053337, -15.8282339 ], [ -47.9055894, -15.8284342 ] ], [ [ -47.9055894, -15.8284342 ], [ -47.9060011, -15.8287216 ] ], [ [ -47.9060011, -15.8287216 ], [ -47.9061671, -15.8288323 ], [ -47.906606, -15.8291342 ], [ -47.907039, -15.8294492 ], [ -47.9073355, -15.82966 ] ], [ [ -47.9073355, -15.82966 ], [ -47.9077841, -15.8299999 ], [ -47.9079404, -15.8301083 ] ], [ [ -47.9079404, -15.8301083 ], [ -47.9081415, -15.8302528 ], [ -47.9087933, -15.8307244 ], [ -47.9090681, -15.8309214 ], [ -47.9092144, -15.8310263 ] ], [ [ -47.9092144, -15.8310263 ], [ -47.9094699, -15.8312095 ], [ -47.9099125, -15.8315337 ] ], [ [ -47.9099125, -15.8315337 ], [ -47.9100615, -15.8316374 ] ], [ [ -47.9100615, -15.8316374 ], [ -47.9103575, -15.8318508 ], [ -47.9104462, -15.8319148 ] ], [ [ -47.9104462, -15.8319148 ], [ -47.9108164, -15.8321834 ], [ -47.9109799, -15.832302 ] ], [ [ -47.9114129, -15.8326138 ], [ -47.9115685, -15.8327267 ], [ -47.9122393, -15.8332107 ], [ -47.9131376, -15.8338536 ], [ -47.9143126, -15.8347048 ], [ -47.9154979, -15.8355086 ], [ -47.915866, -15.8357577 ], [ -47.9159151, -15.8357952 ], [ -47.9163327, -15.8361072 ], [ -47.9164005, -15.8361585 ] ], [ [ -47.9164005, -15.8361585 ], [ -47.9168172, -15.8364801 ] ], [ [ -47.9168172, -15.8364801 ], [ -47.9170776, -15.8366721 ], [ -47.9181153, -15.837443 ], [ -47.9187523, -15.8379032 ], [ -47.9189502, -15.8380477 ], [ -47.9196854, -15.8385699 ], [ -47.9198853, -15.8387138 ], [ -47.9205766, -15.8392116 ], [ -47.9209803, -15.8395022 ], [ -47.9211854, -15.8396371 ], [ -47.9218921, -15.8401432 ] ], [ [ -47.8945079, -15.7306932 ], [ -47.8945072, -15.7309263 ], [ -47.8945367, -15.7310935 ], [ -47.8946159, -15.7313271 ] ], [ [ -47.8946159, -15.7313271 ], [ -47.8947151, -15.7314601 ], [ -47.8948347, -15.7315824 ], [ -47.8951617, -15.7318357 ], [ -47.8952712, -15.7319133 ], [ -47.8955796, -15.7321768 ] ], [ [ -47.8955796, -15.7321768 ], [ -47.8956567, -15.7322572 ], [ -47.8959398, -15.7325421 ], [ -47.8964679, -15.7330623 ], [ -47.8970271, -15.73369 ] ], [ [ -47.8970271, -15.73369 ], [ -47.8971191, -15.7337984 ], [ -47.8972437, -15.7339431 ], [ -47.8975106, -15.7342793 ] ], [ [ -47.8975106, -15.7342793 ], [ -47.8975595, -15.7343408 ], [ -47.8976027, -15.7343917 ], [ -47.8977494, -15.7345644 ] ], [ [ -47.8977494, -15.7345644 ], [ -47.897753, -15.7345694 ], [ -47.8979402, -15.7348343 ], [ -47.898148, -15.7351283 ] ], [ [ -47.898148, -15.7351283 ], [ -47.8983535, -15.735432 ] ], [ [ -47.8983535, -15.735432 ], [ -47.8984221, -15.7355256 ], [ -47.8984981, -15.7356296 ], [ -47.8985587, -15.7357122 ] ], [ [ -47.8985587, -15.7357122 ], [ -47.8987277, -15.7359406 ], [ -47.8988189, -15.7360697 ], [ -47.8989355, -15.7362621 ], [ -47.8990401, -15.7364479 ], [ -47.899126, -15.7366454 ], [ -47.8992386, -15.7369759 ] ], [ [ -47.8992386, -15.7369759 ], [ -47.8992735, -15.7371398 ], [ -47.8992856, -15.7372057 ], [ -47.8993003, -15.7373051 ], [ -47.8993164, -15.737682 ], [ -47.8992963, -15.7380395 ], [ -47.8992896, -15.7381286 ] ], [ [ -47.8992896, -15.7381286 ], [ -47.8992211, -15.7384285 ] ], [ [ -47.8992211, -15.7384285 ], [ -47.8992124, -15.7384714 ], [ -47.8991608, -15.7386269 ], [ -47.8990973, -15.7387703 ], [ -47.8990562, -15.7388696 ] ], [ [ -47.8990562, -15.7388696 ], [ -47.8990009, -15.739042 ], [ -47.8989194, -15.7393291 ] ], [ [ -47.8989194, -15.7393291 ], [ -47.8988735, -15.7394715 ], [ -47.8982319, -15.7414608 ], [ -47.8978841, -15.7425458 ], [ -47.8977148, -15.7431029 ] ], [ [ -47.8977148, -15.7431029 ], [ -47.8976011, -15.7434768 ] ], [ [ -47.8976011, -15.7434768 ], [ -47.8974945, -15.7437811 ], [ -47.8974166, -15.7440468 ], [ -47.8973556, -15.7442235 ], [ -47.8973108, -15.7443429 ] ], [ [ -47.8973108, -15.7443429 ], [ -47.8972084, -15.7447045 ], [ -47.8970741, -15.7450647 ] ], [ [ -47.8970741, -15.7450647 ], [ -47.8969923, -15.7453494 ], [ -47.8969505, -15.7454794 ] ], [ [ -47.8969505, -15.7454794 ], [ -47.8968742, -15.7457085 ], [ -47.8962761, -15.7475734 ], [ -47.8961833, -15.74785 ], [ -47.8960153, -15.7483822 ], [ -47.8958845, -15.7488002 ], [ -47.8957305, -15.7492898 ] ], [ [ -47.8957305, -15.7492898 ], [ -47.8955862, -15.7497486 ] ], [ [ -47.8955862, -15.7497486 ], [ -47.8954285, -15.7502582 ], [ -47.8953281, -15.7505499 ] ], [ [ -47.8953281, -15.7505499 ], [ -47.8950866, -15.7512714 ] ], [ [ -47.8950866, -15.7512714 ], [ -47.8949813, -15.7515812 ], [ -47.894872, -15.7519542 ], [ -47.8943981, -15.7534583 ], [ -47.8942363, -15.7539277 ], [ -47.8941447, -15.7542121 ], [ -47.8939295, -15.7548806 ], [ -47.8939248, -15.7548953 ], [ -47.8937086, -15.7555616 ] ], [ [ -47.8937086, -15.7555616 ], [ -47.8935845, -15.7559438 ] ], [ [ -47.8935845, -15.7559438 ], [ -47.8934809, -15.7562858 ], [ -47.8934236, -15.7564572 ], [ -47.8933283, -15.7567421 ], [ -47.8930702, -15.757487 ] ], [ [ -47.8930702, -15.757487 ], [ -47.8929764, -15.7577738 ], [ -47.8929019, -15.7580522 ] ], [ [ -47.8929019, -15.7580522 ], [ -47.8928768, -15.7581358 ], [ -47.8923091, -15.7599586 ], [ -47.8922466, -15.7601597 ], [ -47.8922274, -15.7602276 ], [ -47.89212, -15.7605549 ], [ -47.8919645, -15.7610453 ], [ -47.8917505, -15.7617025 ] ], [ [ -47.8917505, -15.7617025 ], [ -47.8915474, -15.762326 ] ], [ [ -47.8915474, -15.762326 ], [ -47.8914857, -15.7625332 ], [ -47.8914393, -15.7626719 ], [ -47.8913771, -15.7628345 ], [ -47.8913341, -15.7629594 ], [ -47.891217, -15.7633248 ], [ -47.8911367, -15.7635714 ], [ -47.891098, -15.76369 ] ], [ [ -47.891098, -15.76369 ], [ -47.8910249, -15.763906 ], [ -47.8909635, -15.7641172 ] ], [ [ -47.8909635, -15.7641172 ], [ -47.8908907, -15.7643643 ], [ -47.89085, -15.7644978 ], [ -47.8903174, -15.7661604 ], [ -47.8902692, -15.7663351 ], [ -47.8901868, -15.7666457 ], [ -47.8901696, -15.7666962 ], [ -47.8900709, -15.7669854 ], [ -47.8899228, -15.7675169 ] ], [ [ -47.8899228, -15.7675169 ], [ -47.8897892, -15.7679962 ] ], [ [ -47.8897892, -15.7679962 ], [ -47.8896106, -15.7685963 ], [ -47.8895797, -15.7687158 ], [ -47.8895481, -15.7688178 ], [ -47.8894654, -15.7692323 ], [ -47.8893652, -15.76959 ] ], [ [ -47.8893652, -15.76959 ], [ -47.8892916, -15.7698882 ], [ -47.8891984, -15.770289 ], [ -47.8889892, -15.7712206 ], [ -47.8889289, -15.7714882 ], [ -47.8888687, -15.7717555 ], [ -47.8887923, -15.7720948 ], [ -47.8886837, -15.7726714 ], [ -47.8885943, -15.7732129 ] ], [ [ -47.8885943, -15.7732129 ], [ -47.8885312, -15.7735953 ] ], [ [ -47.8885312, -15.7735953 ], [ -47.888436, -15.7741576 ], [ -47.8884047, -15.7743716 ], [ -47.8883969, -15.7744354 ], [ -47.8883486, -15.774851 ], [ -47.8882845, -15.7752081 ] ], [ [ -47.8882845, -15.7752081 ], [ -47.8882416, -15.7755689 ], [ -47.8882089, -15.7758517 ], [ -47.8880512, -15.7773809 ], [ -47.8880412, -15.777569 ] ], [ [ -47.8880412, -15.777569 ], [ -47.8880408, -15.7776104 ], [ -47.8880234, -15.7778705 ], [ -47.8879887, -15.7781781 ], [ -47.8879425, -15.7786863 ], [ -47.8879103, -15.7790629 ] ], [ [ -47.8879103, -15.7790629 ], [ -47.8878647, -15.7795948 ] ], [ [ -47.8878647, -15.7795948 ], [ -47.8878166, -15.7801961 ], [ -47.8878027, -15.7804246 ], [ -47.8877967, -15.7805241 ] ], [ [ -47.8877967, -15.7805241 ], [ -47.8877778, -15.7809608 ], [ -47.8877507, -15.7812131 ], [ -47.88774, -15.7813474 ] ], [ [ -47.88774, -15.7813474 ], [ -47.887731, -15.7815868 ], [ -47.8877199, -15.781903 ], [ -47.887687, -15.7832103 ], [ -47.887687, -15.7833058 ] ], [ [ -47.887687, -15.7833058 ], [ -47.8876924, -15.7834207 ], [ -47.8876971, -15.7835207 ] ], [ [ -47.8876971, -15.7835207 ], [ -47.8877682, -15.7844453 ], [ -47.8878107, -15.7848206 ], [ -47.8878191, -15.7848861 ], [ -47.887862, -15.7852281 ], [ -47.8878795, -15.7854462 ], [ -47.8878835, -15.785592 ], [ -47.8879237, -15.7859469 ] ], [ [ -47.8879237, -15.7859469 ], [ -47.8879479, -15.7860656 ], [ -47.88797, -15.786145 ] ], [ [ -47.88797, -15.786145 ], [ -47.888002, -15.7862952 ] ] ] } },
{ "type": "Feature", "properties": { "id_osm": 2436484, "nome": "114 - Rodoviária do Plano Piloto/L2-W3 Sul", "ref": "114" }, "geometry": { "type": "MultiLineString", "coordinates": [ [ [ -47.8788431, -15.8039747 ], [ -47.8789195, -15.8040573 ], [ -47.8791234, -15.8042805 ], [ -47.8792454, -15.8044083 ], [ -47.8793903, -15.8045593 ], [ -47.8796458, -15.8048535 ], [ -47.8797349, -15.8049524 ], [ -47.8798784, -15.805117 ], [ -47.8806405, -15.8059893 ] ], [ [ -47.8806405, -15.8059893 ], [ -47.8810211, -15.8064236 ] ], [ [ -47.8810211, -15.8064236 ], [ -47.8811055, -15.8065297 ] ], [ [ -47.8811055, -15.8065297 ], [ -47.8811874, -15.8066239 ], [ -47.8815776, -15.8070523 ], [ -47.8825655, -15.808193 ], [ -47.8831948, -15.8089158 ] ], [ [ -47.8831948, -15.8089158 ], [ -47.8835931, -15.8093837 ] ], [ [ -47.8835931, -15.8093837 ], [ -47.8839493, -15.8097618 ], [ -47.8844553, -15.8103081 ], [ -47.88492, -15.8108392 ], [ -47.8857756, -15.8118171 ] ], [ [ -47.8857756, -15.8118171 ], [ -47.8863222, -15.8124418 ] ], [ [ -47.8863222, -15.8124418 ], [ -47.8864672, -15.8126108 ], [ -47.8873099, -15.8135184 ], [ -47.8875874, -15.8138201 ] ], [ [ -47.8875874, -15.8138201 ], [ -47.8881575, -15.8144357 ] ], [ [ -47.8881575, -15.8144357 ], [ -47.8883596, -15.814628 ], [ -47.8886493, -15.8149545 ], [ -47.8890878, -15.8154003 ], [ -47.8891576, -15.8154642 ] ], [ [ -47.8891576, -15.8154642 ], [ -47.8894841, -15.8157816 ] ], [ [ -47.8894841, -15.8157816 ], [ -47.8896676, -15.8159502 ], [ -47.8902519, -15.8165287 ], [ -47.8908827, -15.8171378 ] ], [ [ -47.8908827, -15.8171378 ], [ -47.8914764, -15.8176913 ] ], [ [ -47.8914764, -15.8176913 ], [ -47.8916795, -15.8178635 ], [ -47.8925078, -15.8185972 ], [ -47.8925498, -15.8186339 ] ], [ [ -47.8925498, -15.8186339 ], [ -47.8931674, -15.8191726 ] ], [ [ -47.8931674, -15.8191726 ], [ -47.8932698, -15.8192549 ], [ -47.8933713, -15.8193364 ], [ -47.8937888, -15.8196609 ], [ -47.8940847, -15.8199162 ], [ -47.894475, -15.8202528 ] ], [ [ -47.894475, -15.8202528 ], [ -47.8946319, -15.8203868 ] ], [ [ -47.8946319, -15.8203868 ], [ -47.8949585, -15.8206429 ] ], [ [ -47.8949585, -15.8206429 ], [ -47.8951701, -15.8208024 ], [ -47.895362, -15.820939 ], [ -47.896348, -15.8217048 ] ], [ [ -47.896348, -15.8217048 ], [ -47.8967495, -15.822017 ] ], [ [ -47.8967495, -15.822017 ], [ -47.8969014, -15.8221267 ], [ -47.8975733, -15.822614 ] ], [ [ -47.8975733, -15.822614 ], [ -47.8980631, -15.8229699 ] ], [ [ -47.8980631, -15.8229699 ], [ -47.8982357, -15.8230924 ], [ -47.8985279, -15.8232935 ] ], [ [ -47.8985279, -15.8232935 ], [ -47.8991166, -15.8237086 ] ], [ [ -47.8991166, -15.8237086 ], [ -47.8993097, -15.8238505 ] ], [ [ -47.8993097, -15.8238505 ], [ -47.8997308, -15.8241628 ] ], [ [ -47.8997308, -15.8241628 ], [ -47.9002196, -15.824527 ] ], [ [ -47.9002196, -15.824527 ], [ -47.9007899, -15.8249362 ], [ -47.9012319, -15.8252295 ], [ -47.9018404, -15.8256908 ] ], [ [ -47.9018404, -15.8256908 ], [ -47.9023969, -15.8261221 ], [ -47.9032068, -15.826689 ] ], [ [ -47.9032068, -15.826689 ], [ -47.9038815, -15.8271517 ], [ -47.9046077, -15.8276846 ], [ -47.9049668, -15.8279497 ], [ -47.9050066, -15.8279782 ], [ -47.9050956, -15.8280546 ], [ -47.9053337, -15.8282339 ], [ -47.9055894, -15.8284342 ] ], [ [ -47.9055894, -15.8284342 ], [ -47.9060011, -15.8287216 ] ], [ [ -47.9060011, -15.8287216 ], [ -47.9061671, -15.8288323 ], [ -47.906606, -15.8291342 ], [ -47.907039, -15.8294492 ], [ -47.9073355, -15.82966 ] ], [ [ -47.9073355, -15.82966 ], [ -47.9077841, -15.8299999 ], [ -47.9079404, -15.8301083 ] ], [ [ -47.9079404, -15.8301083 ], [ -47.9081415, -15.8302528 ], [ -47.9087933, -15.8307244 ], [ -47.9090681, -15.8309214 ], [ -47.9092144, -15.8310263 ] ], [ [ -47.9092144, -15.8310263 ], [ -47.9094699, -15.8312095 ], [ -47.9099125, -15.8315337 ] ], [ [ -47.9099125, -15.8315337 ], [ -47.9100615, -15.8316374 ] ], [ [ -47.9100615, -15.8316374 ], [ -47.9103575, -15.8318508 ], [ -47.9104462, -15.8319148 ] ], [ [ -47.9104462, -15.8319148 ], [ -47.9108164, -15.8321834 ], [ -47.9109799, -15.832302 ] ], [ [ -47.9114129, -15.8326138 ], [ -47.9115685, -15.8327267 ], [ -47.9122393, -15.8332107 ], [ -47.9131376, -15.8338536 ], [ -47.9143126, -15.8347048 ], [ -47.9154979, -15.8355086 ], [ -47.915866, -15.8357577 ], [ -47.9159151, -15.8357952 ], [ -47.9163327, -15.8361072 ], [ -47.9164005, -15.8361585 ] ], [ [ -47.9164005, -15.8361585 ], [ -47.9168172, -15.8364801 ] ], [ [ -47.9168172, -15.8364801 ], [ -47.9170776, -15.8366721 ], [ -47.9181153, -15.837443 ], [ -47.9187523, -15.8379032 ], [ -47.9189502, -15.8380477 ], [ -47.9196854, -15.8385699 ], [ -47.9198853, -15.8387138 ], [ -47.9205766, -15.8392116 ], [ -47.9209803, -15.8395022 ], [ -47.9211854, -15.8396371 ], [ -47.9218921, -15.8401432 ] ], [ [ -47.9234734, -15.8380349 ], [ -47.9237122, -15.8378279 ], [ -47.9237807, -15.8377771 ], [ -47.9242989, -15.8374763 ], [ -47.9254328, -15.8368943 ] ], [ [ -47.9254328, -15.8368943 ], [ -47.9260714, -15.8366078 ], [ -47.9266106, -15.8362672 ], [ -47.926738, -15.8361459 ], [ -47.9271403, -15.8355937 ], [ -47.9271797, -15.8354934 ], [ -47.927269, -15.835266 ], [ -47.9273576, -15.8349344 ], [ -47.9274266, -15.8346538 ], [ -47.9274655, -15.8343461 ] ], [ [ -47.9275578, -15.834113 ], [ -47.9275815, -15.8338364 ], [ -47.9276351, -15.8333371 ], [ -47.9276935, -15.8329475 ], [ -47.9277444, -15.8327541 ] ], [ [ -47.9279398, -15.8323394 ], [ -47.9278933, -15.8324073 ], [ -47.9278254, -15.8325155 ], [ -47.9277444, -15.8327541 ] ], [ [ -47.9281598, -15.8320739 ], [ -47.9279398, -15.8323394 ] ], [ [ -47.9275866, -15.8325598 ], [ -47.927721, -15.832434 ], [ -47.9289095, -15.8310862 ], [ -47.9291363, -15.8307957 ] ], [ [ -47.9291363, -15.8307957 ], [ -47.9296316, -15.8300871 ] ], [ [ -47.9296316, -15.8300871 ], [ -47.9296514, -15.8300595 ] ], [ [ -47.9296514, -15.8300595 ], [ -47.9299305, -15.829687 ] ], [ [ -47.9299305, -15.829687 ], [ -47.930049, -15.8295301 ] ], [ [ -47.930049, -15.8295301 ], [ -47.9307218, -15.8286743 ] ], [ [ -47.9307218, -15.8286743 ], [ -47.9313388, -15.8278686 ], [ -47.9314111, -15.827777 ] ], [ [ -47.9314111, -15.827777 ], [ -47.9317436, -15.8273665 ] ], [ [ -47.9317436, -15.8273665 ], [ -47.9321454, -15.8268593 ], [ -47.9323297, -15.8266221 ], [ -47.9324068, -15.8265259 ], [ -47.9324345, -15.8264883 ], [ -47.9326006, -15.8262607 ], [ -47.9327139, -15.8261092 ], [ -47.9328854, -15.8258885 ] ], [ [ -47.9328854, -15.8258885 ], [ -47.9331712, -15.8255208 ] ], [ [ -47.9331712, -15.8255208 ], [ -47.9333294, -15.8253193 ], [ -47.9336673, -15.8248778 ], [ -47.9341757, -15.824237 ], [ -47.9347095, -15.8235364 ], [ -47.9350946, -15.8230402 ], [ -47.9351051, -15.8230267 ] ], [ [ -47.9351051, -15.8230267 ], [ -47.935431, -15.8225312 ] ], [ [ -47.935431, -15.8225312 ], [ -47.9355785, -15.8222988 ], [ -47.935781, -15.8219158 ] ], [ [ -47.935781, -15.8219158 ], [ -47.9359711, -15.8215427 ] ], [ [ -47.9359711, -15.8215427 ], [ -47.9360066, -15.8214584 ], [ -47.9360442, -15.8213694 ], [ -47.936531, -15.8200864 ], [ -47.9367398, -15.8193055 ], [ -47.9368411, -15.8188094 ], [ -47.9369095, -15.8184958 ], [ -47.936986, -15.8179591 ], [ -47.937001, -15.8178827 ], [ -47.9370624, -15.8174752 ], [ -47.9371161, -15.8171642 ], [ -47.9373735, -15.8155268 ], [ -47.9376371, -15.813863 ] ], [ [ -47.9376371, -15.813863 ], [ -47.9377297, -15.8134859 ], [ -47.9381655, -15.8106873 ] ], [ [ -47.930893, -15.8314783 ], [ -47.9307546, -15.8314069 ], [ -47.930546, -15.8313044 ], [ -47.930426, -15.8312347 ], [ -47.9302249, -15.8310909 ], [ -47.9301065, -15.8309889 ], [ -47.9300189, -15.8308786 ], [ -47.9299432, -15.8307615 ], [ -47.9298279, -15.8305435 ] ], [ [ -47.9309923, -15.8315415 ], [ -47.9309339, -15.8315143 ], [ -47.930893, -15.8314783 ] ], [ [ -47.9298279, -15.8305435 ], [ -47.929682, -15.8299373 ] ], [ [ -47.929682, -15.8299373 ], [ -47.9296334, -15.8296883 ] ], [ [ -47.9296334, -15.8296883 ], [ -47.9295912, -15.8295703 ], [ -47.9295509, -15.8294832 ], [ -47.9294591, -15.8293471 ], [ -47.9293974, -15.8292832 ], [ -47.9293072, -15.829211 ] ], [ [ -47.9293072, -15.829211 ], [ -47.9288274, -15.8288613 ], [ -47.9286448, -15.8287316 ], [ -47.9283144, -15.828497 ] ], [ [ -47.9283144, -15.828497 ], [ -47.9282134, -15.8284242 ], [ -47.927968, -15.8282472 ], [ -47.9278399, -15.8281548 ], [ -47.9277022, -15.8280543 ] ], [ [ -47.9277022, -15.8280543 ], [ -47.9272918, -15.8277676 ] ], [ [ -47.9272918, -15.8277676 ], [ -47.9272641, -15.8277517 ], [ -47.9269867, -15.8275498 ], [ -47.9269381, -15.8275129 ], [ -47.9268334, -15.8274374 ], [ -47.9264951, -15.8271866 ], [ -47.925882, -15.8267269 ], [ -47.9257531, -15.8266469 ], [ -47.9256784, -15.8265951 ], [ -47.9253501, -15.8263672 ], [ -47.9249387, -15.8260817 ], [ -47.9248757, -15.826037 ], [ -47.9247045, -15.8259257 ], [ -47.9244193, -15.8257174 ], [ -47.9241268, -15.8255025 ], [ -47.9239475, -15.8253625 ] ], [ [ -47.9239475, -15.8253625 ], [ -47.9232789, -15.8248798 ] ], [ [ -47.9232789, -15.8248798 ], [ -47.9229908, -15.8246744 ] ], [ [ -47.9229908, -15.8246744 ], [ -47.9228571, -15.8245734 ], [ -47.9219748, -15.8239259 ], [ -47.9218892, -15.823863 ], [ -47.921429, -15.8235286 ], [ -47.9210991, -15.823289 ], [ -47.9204305, -15.8227951 ] ], [ [ -47.9204305, -15.8227951 ], [ -47.9201839, -15.822613 ] ], [ [ -47.9201839, -15.822613 ], [ -47.9200273, -15.8225022 ], [ -47.9199397, -15.82244 ], [ -47.9194473, -15.8220906 ], [ -47.9191668, -15.8218915 ], [ -47.9191416, -15.8218726 ], [ -47.9190515, -15.8218076 ], [ -47.9187973, -15.8216243 ], [ -47.9185517, -15.8214521 ] ], [ [ -47.9185517, -15.8214521 ], [ -47.9184919, -15.8214087 ], [ -47.9175155, -15.8206989 ], [ -47.9173744, -15.8205933 ], [ -47.9166042, -15.8200277 ] ], [ [ -47.9166042, -15.8200277 ], [ -47.9164991, -15.8199525 ], [ -47.9161515, -15.8197038 ] ], [ [ -47.9161515, -15.8197038 ], [ -47.9160747, -15.8196507 ] ], [ [ -47.9160747, -15.8196507 ], [ -47.9159624, -15.8195699 ], [ -47.9159457, -15.819558 ], [ -47.9157313, -15.8194039 ], [ -47.9154319, -15.8191784 ], [ -47.9151516, -15.8189819 ] ], [ [ -47.9151516, -15.8189819 ], [ -47.9148377, -15.8187538 ] ], [ [ -47.9148377, -15.8187538 ], [ -47.914713, -15.8186677 ], [ -47.9146017, -15.818578 ], [ -47.9141315, -15.8182224 ], [ -47.9137643, -15.8179567 ], [ -47.9136914, -15.8179035 ], [ -47.9134375, -15.8177185 ], [ -47.9132646, -15.8175984 ], [ -47.9132147, -15.8175638 ] ], [ [ -47.9132147, -15.8175638 ], [ -47.9130777, -15.8174642 ], [ -47.9125248, -15.8170616 ], [ -47.912473, -15.8170239 ], [ -47.9123936, -15.8169661 ], [ -47.9121542, -15.8168222 ], [ -47.9120104, -15.8167358 ], [ -47.9118324, -15.8166046 ], [ -47.9117812, -15.8165669 ], [ -47.9111779, -15.8161222 ], [ -47.911099, -15.8160693 ], [ -47.9106518, -15.815748 ], [ -47.9104181, -15.8155797 ], [ -47.9103193, -15.8155101 ] ], [ [ -47.9103193, -15.8155101 ], [ -47.9101502, -15.8153777 ], [ -47.9096723, -15.815027 ], [ -47.9096211, -15.8149895 ], [ -47.9092568, -15.8147221 ], [ -47.908999, -15.8145401 ], [ -47.9089526, -15.8145073 ], [ -47.9089345, -15.8144945 ], [ -47.9082938, -15.8140506 ], [ -47.9079833, -15.8138235 ], [ -47.9078881, -15.8137609 ], [ -47.9077931, -15.8136964 ] ], [ [ -47.9077931, -15.8136964 ], [ -47.9072276, -15.8132606 ], [ -47.9070978, -15.8131674 ], [ -47.9059261, -15.8123263 ], [ -47.9058441, -15.8122674 ], [ -47.9057468, -15.8121926 ] ], [ [ -47.9057468, -15.8121926 ], [ -47.905338, -15.8118828 ], [ -47.9050637, -15.8116873 ] ], [ [ -47.9050637, -15.8116873 ], [ -47.9042289, -15.8110544 ] ], [ [ -47.9042289, -15.8110544 ], [ -47.9040753, -15.8109447 ], [ -47.9033189, -15.8103408 ], [ -47.9032116, -15.8102589 ], [ -47.902954, -15.8100453 ], [ -47.9028439, -15.8099576 ] ], [ [ -47.9028439, -15.8099576 ], [ -47.9025696, -15.8097305 ], [ -47.9017726, -15.809047 ], [ -47.9013991, -15.8087267 ], [ -47.9011964, -15.8085529 ], [ -47.9011412, -15.8085055 ], [ -47.9009161, -15.8083039 ], [ -47.900744, -15.8081498 ], [ -47.9006079, -15.808029 ], [ -47.9005151, -15.8079385 ] ], [ [ -47.9005151, -15.8079385 ], [ -47.9002867, -15.8077317 ], [ -47.899991, -15.8074478 ], [ -47.8995808, -15.8070645 ], [ -47.8989656, -15.8064618 ], [ -47.8988569, -15.8063506 ], [ -47.8986958, -15.8061839 ] ], [ [ -47.8986958, -15.8061839 ], [ -47.8986127, -15.8060903 ], [ -47.8985283, -15.8060021 ] ], [ [ -47.8985283, -15.8060021 ], [ -47.8980678, -15.8055193 ] ], [ [ -47.8980678, -15.8055193 ], [ -47.8977493, -15.8051881 ] ], [ [ -47.8977493, -15.8051881 ], [ -47.8976111, -15.8050434 ], [ -47.8972461, -15.8046613 ], [ -47.8970107, -15.8044079 ], [ -47.896958, -15.804351 ], [ -47.8966985, -15.8040623 ], [ -47.8966065, -15.8039599 ], [ -47.896431, -15.8037831 ], [ -47.8963407, -15.8036932 ] ], [ [ -47.8963407, -15.8036932 ], [ -47.8955506, -15.8027615 ], [ -47.8954388, -15.8026363 ], [ -47.894775, -15.8018608 ], [ -47.8946951, -15.8017706 ] ], [ [ -47.8946951, -15.8017706 ], [ -47.8945246, -15.801593 ], [ -47.894475, -15.8015423 ], [ -47.8943822, -15.8014316 ] ], [ [ -47.8943822, -15.8014316 ], [ -47.894186, -15.8011683 ] ], [ [ -47.894186, -15.8011683 ], [ -47.8938029, -15.8006724 ] ], [ [ -47.8938029, -15.8006724 ], [ -47.8936442, -15.8004743 ], [ -47.893441, -15.8002207 ], [ -47.8932131, -15.7999363 ] ], [ [ -47.8932131, -15.7999363 ], [ -47.8930038, -15.7996647 ] ], [ [ -47.8930038, -15.7996647 ], [ -47.8928932, -15.7995214 ] ], [ [ -47.8928932, -15.7995214 ], [ -47.8925733, -15.7989767 ], [ -47.892321, -15.798518 ], [ -47.891928, -15.7979539 ], [ -47.8917603, -15.7977132 ] ], [ [ -47.8917603, -15.7977132 ], [ -47.8916947, -15.7975957 ], [ -47.891656, -15.7975144 ] ], [ [ -47.891656, -15.7975144 ], [ -47.8915661, -15.797324 ], [ -47.8912531, -15.7966507 ], [ -47.8911323, -15.7963701 ], [ -47.8910968, -15.7962876 ], [ -47.8908505, -15.7957037 ], [ -47.8908117, -15.795598 ] ], [ [ -47.8908117, -15.795598 ], [ -47.8907749, -15.7955092 ] ], [ [ -47.8907749, -15.7955092 ], [ -47.8907487, -15.7954403 ], [ -47.890652, -15.7951883 ], [ -47.8905128, -15.7948132 ] ], [ [ -47.8905128, -15.7948132 ], [ -47.890294, -15.7944972 ], [ -47.8898764, -15.7932911 ], [ -47.8898227, -15.7932318 ], [ -47.8896859, -15.7931298 ] ], [ [ -47.8896859, -15.7931298 ], [ -47.8887632, -15.7933847 ], [ -47.8885494, -15.7934352 ] ], [ [ -47.8885494, -15.7934352 ], [ -47.8876256, -15.7936717 ], [ -47.8872296, -15.7937566 ], [ -47.886342, -15.7940257 ], [ -47.8855048, -15.7942353 ], [ -47.88506, -15.7943492 ], [ -47.885052, -15.7943512 ], [ -47.884738, -15.7944317 ], [ -47.8846675, -15.7944498 ] ], [ [ -47.8846675, -15.7944498 ], [ -47.8841833, -15.7946119 ], [ -47.8833993, -15.7947697 ], [ -47.8832808, -15.7947945 ], [ -47.8829953, -15.794876 ], [ -47.882936, -15.7948932 ] ], [ [ -47.882936, -15.7948932 ], [ -47.8828152, -15.7949245 ] ], [ [ -47.8828152, -15.7949245 ], [ -47.8826429, -15.7949707 ], [ -47.8825668, -15.7949885 ], [ -47.8823043, -15.7950736 ], [ -47.8822498, -15.7950913 ] ], [ [ -47.8822498, -15.7950913 ], [ -47.8819277, -15.795174 ] ], [ [ -47.8819277, -15.795174 ], [ -47.8817804, -15.795211 ] ], [ [ -47.8817804, -15.795211 ], [ -47.8813736, -15.7953201 ], [ -47.8808905, -15.795473 ], [ -47.8808379, -15.7954901 ], [ -47.8806056, -15.7955625 ], [ -47.8794873, -15.7959163 ], [ -47.8791634, -15.7960242 ], [ -47.8787399, -15.796155 ], [ -47.8773893, -15.7965722 ] ], [ [ -47.8773893, -15.7965722 ], [ -47.8772364, -15.7966181 ] ], [ [ -47.8772364, -15.7966181 ], [ -47.8769728, -15.796709 ] ], [ [ -47.8769728, -15.796709 ], [ -47.8768119, -15.7968714 ], [ -47.8767914, -15.7968965 ], [ -47.8767507, -15.7969466 ], [ -47.8767289, -15.7969953 ], [ -47.8767241, -15.7970408 ], [ -47.8767251, -15.7970477 ], [ -47.8767329, -15.7971029 ], [ -47.8767374, -15.7971251 ], [ -47.8767604, -15.7972399 ], [ -47.8768194, -15.7974425 ], [ -47.877046, -15.7981613 ], [ -47.8771026, -15.7983377 ], [ -47.8771118, -15.7983654 ], [ -47.8771131, -15.7983704 ] ], [ [ -47.8771131, -15.7983704 ], [ -47.8772646, -15.7988104 ] ], [ [ -47.8772646, -15.7988104 ], [ -47.8774752, -15.7995163 ] ], [ [ -47.8774752, -15.7995163 ], [ -47.8775516, -15.7997395 ], [ -47.8776442, -15.8000234 ], [ -47.8778185, -15.8005202 ], [ -47.8779864, -15.8010397 ] ], [ [ -47.8779864, -15.8010397 ], [ -47.8780258, -15.8011467 ], [ -47.8780483, -15.8012093 ], [ -47.8781658, -15.8015668 ] ], [ [ -47.8781658, -15.8015668 ], [ -47.8780586, -15.801892 ], [ -47.8779754, -15.8021642 ] ], [ [ -47.8779754, -15.8021642 ], [ -47.8779432, -15.8023868 ], [ -47.8779437, -15.802559 ], [ -47.8779607, -15.8027531 ] ], [ [ -47.8779607, -15.8027531 ], [ -47.8780317, -15.8029359 ], [ -47.8781144, -15.8030797 ], [ -47.8782932, -15.8033575 ], [ -47.8783559, -15.8034391 ], [ -47.8785963, -15.8037153 ], [ -47.8788431, -15.8039747 ] ], [ [ -47.8813736, -15.7953201 ], [ -47.8812202, -15.7952752 ], [ -47.8810586, -15.7952088 ], [ -47.8809352, -15.795152 ] ], [ [ -47.8809352, -15.795152 ], [ -47.8807066, -15.7949894 ], [ -47.8805912, -15.7948552 ], [ -47.8805255, -15.7947597 ], [ -47.8804786, -15.794639 ], [ -47.8804283, -15.7944771 ], [ -47.8804028, -15.7942499 ] ], [ [ -47.8804028, -15.7942499 ], [ -47.8804135, -15.7940919 ], [ -47.8804564, -15.7939112 ], [ -47.8804947, -15.7938589 ], [ -47.8805227, -15.7938056 ], [ -47.8805602, -15.7937251 ], [ -47.8806051, -15.7936578 ], [ -47.8806663, -15.7935589 ], [ -47.8807614, -15.7934139 ] ], [ [ -47.8814613, -15.7933447 ], [ -47.8817801, -15.7932724 ], [ -47.8819565, -15.7932285 ], [ -47.8822294, -15.7931376 ], [ -47.8826572, -15.7929892 ], [ -47.8828248, -15.7929375 ], [ -47.883034, -15.7928664 ], [ -47.8833911, -15.7927354 ] ], [ [ -47.8759156, -15.7949508 ], [ -47.8760099, -15.7949212 ] ], [ [ -47.8760099, -15.7949212 ], [ -47.876637, -15.7947158 ] ], [ [ -47.876637, -15.7947158 ], [ -47.876754, -15.7946793 ] ], [ [ -47.876754, -15.7946793 ], [ -47.8773289, -15.7944978 ], [ -47.8778682, -15.7943275 ], [ -47.8783759, -15.7941671 ], [ -47.8790401, -15.7939574 ], [ -47.8793811, -15.7938497 ], [ -47.8797853, -15.7937221 ], [ -47.8799647, -15.7936655 ], [ -47.880455, -15.7935106 ], [ -47.8805069, -15.7934943 ], [ -47.8807614, -15.7934139 ], [ -47.8809536, -15.7933532 ] ], [ [ -47.8809536, -15.7933532 ], [ -47.8816376, -15.7931078 ] ], [ [ -47.8816376, -15.7931078 ], [ -47.8821211, -15.7929354 ], [ -47.8825395, -15.792786 ], [ -47.8826902, -15.7927321 ], [ -47.882824, -15.7926826 ], [ -47.882926, -15.7926448 ], [ -47.8832313, -15.7925319 ], [ -47.8834227, -15.7924611 ] ], [ [ -47.8834227, -15.7924611 ], [ -47.8840486, -15.7922341 ] ], [ [ -47.8840486, -15.7922341 ], [ -47.8847246, -15.7919826 ], [ -47.8848798, -15.7919212 ], [ -47.8850136, -15.7918656 ], [ -47.8856658, -15.7916356 ], [ -47.8863168, -15.7914538 ], [ -47.8870128, -15.7911781 ], [ -47.8875356, -15.7909429 ], [ -47.8877243, -15.7908742 ] ], [ [ -47.8877243, -15.7908742 ], [ -47.8882894, -15.7906661 ], [ -47.8887619, -15.7904869 ] ], [ [ -47.8887619, -15.7904869 ], [ -47.8889524, -15.790419 ] ], [ [ -47.8769728, -15.796709 ], [ -47.8765856, -15.7968337 ] ] ] } },
{ "type": "Feature", "properties": { "id_osm": 2438388, "nome": "115.1 - Rodoviária do Plano Piloto/L2 - W3 Norte", "ref": "115.1" }, "geometry": { "type": "MultiLineString", "coordinates": [ [ [ -47.882452, -15.7936963 ], [ -47.8824762, -15.7936628 ], [ -47.8825201, -15.7936358 ], [ -47.8827988, -15.7935438 ], [ -47.8828409, -15.7935544 ], [ -47.8828865, -15.7935789 ], [ -47.8829214, -15.7936176 ], [ -47.882963, -15.7936912 ] ], [ [ -47.8814613, -15.7933447 ], [ -47.8817801, -15.7932724 ], [ -47.8819565, -15.7932285 ], [ -47.8822294, -15.7931376 ], [ -47.8826572, -15.7929892 ], [ -47.8828248, -15.7929375 ], [ -47.883034, -15.7928664 ], [ -47.8833911, -15.7927354 ] ], [ [ -47.8896859, -15.7931298 ], [ -47.8887632, -15.7933847 ], [ -47.8885494, -15.7934352 ] ], [ [ -47.8885494, -15.7934352 ], [ -47.8876256, -15.7936717 ], [ -47.8872296, -15.7937566 ], [ -47.886342, -15.7940257 ], [ -47.8855048, -15.7942353 ], [ -47.88506, -15.7943492 ], [ -47.885052, -15.7943512 ], [ -47.884738, -15.7944317 ], [ -47.8846675, -15.7944498 ] ], [ [ -47.8846675, -15.7944498 ], [ -47.8841833, -15.7946119 ], [ -47.8833993, -15.7947697 ], [ -47.8832808, -15.7947945 ], [ -47.8829953, -15.794876 ], [ -47.882936, -15.7948932 ] ], [ [ -47.882936, -15.7948932 ], [ -47.8828152, -15.7949245 ] ], [ [ -47.8828152, -15.7949245 ], [ -47.8826429, -15.7949707 ], [ -47.8825668, -15.7949885 ], [ -47.8823043, -15.7950736 ], [ -47.8822498, -15.7950913 ] ], [ [ -47.8822498, -15.7950913 ], [ -47.8819277, -15.795174 ] ], [ [ -47.8819277, -15.795174 ], [ -47.8817804, -15.795211 ] ], [ [ -47.8817804, -15.795211 ], [ -47.8813736, -15.7953201 ], [ -47.8808905, -15.795473 ], [ -47.8808379, -15.7954901 ], [ -47.8806056, -15.7955625 ], [ -47.8794873, -15.7959163 ], [ -47.8791634, -15.7960242 ], [ -47.8787399, -15.796155 ], [ -47.8773893, -15.7965722 ] ], [ [ -47.8773893, -15.7965722 ], [ -47.8772364, -15.7966181 ] ], [ [ -47.8772364, -15.7966181 ], [ -47.8769728, -15.796709 ] ], [ [ -47.8769728, -15.796709 ], [ -47.8765856, -15.7968337 ] ], [ [ -47.8765856, -15.7968337 ], [ -47.876132, -15.7969962 ] ], [ [ -47.876132, -15.7969962 ], [ -47.8760851, -15.7970125 ], [ -47.8760142, -15.797038 ] ], [ [ -47.8760142, -15.797038 ], [ -47.8757373, -15.7971188 ], [ -47.8753573, -15.7972496 ] ], [ [ -47.8753573, -15.7972496 ], [ -47.8752818, -15.797007 ], [ -47.8750696, -15.7963669 ], [ -47.8749105, -15.7958868 ], [ -47.874784, -15.7955098 ], [ -47.8747147, -15.7953242 ] ], [ [ -47.8747147, -15.7953242 ], [ -47.8748073, -15.7952943 ], [ -47.8751782, -15.7951716 ] ], [ [ -47.8751782, -15.7951716 ], [ -47.8752255, -15.7950591 ], [ -47.8752449, -15.7949894 ], [ -47.875261, -15.7949029 ], [ -47.8752539, -15.7948125 ], [ -47.8752523, -15.7947919 ], [ -47.8751866, -15.794528 ], [ -47.8750832, -15.794187 ], [ -47.8748876, -15.7935418 ], [ -47.8748707, -15.7934898 ] ], [ [ -47.8748707, -15.7934898 ], [ -47.8747616, -15.7931452 ] ], [ [ -47.8747616, -15.7931452 ], [ -47.8745335, -15.7924355 ] ], [ [ -47.8745335, -15.7924355 ], [ -47.8744219, -15.7921259 ], [ -47.8744, -15.7920742 ], [ -47.874385, -15.7920242 ] ], [ [ -47.874385, -15.7920242 ], [ -47.8742768, -15.7917876 ] ], [ [ -47.8742768, -15.7917876 ], [ -47.8736141, -15.7907263 ], [ -47.8734498, -15.7904662 ] ], [ [ -47.8734498, -15.7904662 ], [ -47.8733585, -15.7899815 ], [ -47.8733061, -15.7895387 ], [ -47.8733003, -15.7891473 ], [ -47.8733164, -15.7886853 ], [ -47.8734685, -15.7872225 ], [ -47.8734894, -15.7870219 ], [ -47.8735197, -15.7865201 ], [ -47.8735377, -15.7862224 ], [ -47.8735424, -15.7861624 ], [ -47.8736136, -15.7851916 ] ], [ [ -47.8736136, -15.7851916 ], [ -47.8737268, -15.7840343 ] ], [ [ -47.8737268, -15.7840343 ], [ -47.8737603, -15.7835594 ] ], [ [ -47.8737603, -15.7835594 ], [ -47.8738388, -15.7826741 ], [ -47.8739132, -15.7816403 ], [ -47.8739219, -15.7814797 ], [ -47.8739246, -15.7812538 ], [ -47.8739199, -15.7810273 ], [ -47.8739186, -15.780615 ], [ -47.8739554, -15.7802107 ], [ -47.8739598, -15.7801543 ], [ -47.8739642, -15.7800834 ], [ -47.8739683, -15.7800322 ], [ -47.8739937, -15.7797159 ] ], [ [ -47.8739937, -15.7797159 ], [ -47.8740359, -15.7791889 ] ], [ [ -47.8740359, -15.7791889 ], [ -47.8740419, -15.7791109 ], [ -47.8740446, -15.7790618 ], [ -47.8741091, -15.7783021 ], [ -47.8741224, -15.7781455 ], [ -47.8741237, -15.7781193 ], [ -47.8741267, -15.7780577 ], [ -47.8741467, -15.7776524 ], [ -47.8741506, -15.7775738 ], [ -47.8742243, -15.7766291 ], [ -47.8742673, -15.7762664 ], [ -47.8742901, -15.7760754 ], [ -47.8743088, -15.7758663 ], [ -47.8743544, -15.7754063 ], [ -47.8743708, -15.7752405 ], [ -47.8743987, -15.7749591 ], [ -47.8744374, -15.7746219 ], [ -47.8744885, -15.7741757 ], [ -47.8744993, -15.7740956 ], [ -47.8745432, -15.7737798 ], [ -47.8747044, -15.772699 ] ], [ [ -47.8747044, -15.772699 ], [ -47.8747467, -15.7723546 ] ], [ [ -47.8747467, -15.7723546 ], [ -47.8748269, -15.7718308 ], [ -47.874872, -15.7715361 ], [ -47.8751376, -15.7700341 ], [ -47.8751645, -15.7697902 ], [ -47.87521, -15.7694339 ], [ -47.8752409, -15.7691229 ], [ -47.8752617, -15.7690403 ], [ -47.8752825, -15.7689216 ], [ -47.8753106, -15.7687744 ] ], [ [ -47.8753106, -15.7687744 ], [ -47.8753368, -15.7686338 ], [ -47.8753851, -15.7684272 ], [ -47.8754488, -15.7681239 ], [ -47.8756741, -15.7674128 ], [ -47.8757364, -15.7671702 ] ], [ [ -47.8757364, -15.7671702 ], [ -47.87577, -15.7670637 ], [ -47.875829, -15.766834 ], [ -47.8758388, -15.7667812 ], [ -47.8758618, -15.7666565 ], [ -47.8761274, -15.7656627 ], [ -47.876232, -15.7652587 ], [ -47.8763272, -15.7648883 ], [ -47.87646, -15.7644056 ], [ -47.8766584, -15.7637086 ], [ -47.8767805, -15.7632543 ], [ -47.8769213, -15.7628529 ], [ -47.8769736, -15.7626774 ] ], [ [ -47.8769736, -15.7626774 ], [ -47.8770105, -15.7625774 ] ], [ [ -47.8770105, -15.7625774 ], [ -47.8770799, -15.762352 ], [ -47.8771282, -15.7621952 ], [ -47.8771646, -15.762077 ], [ -47.8771868, -15.7620049 ], [ -47.8772798, -15.7617297 ], [ -47.8773836, -15.7613995 ], [ -47.8774453, -15.7612032 ], [ -47.8775033, -15.7610137 ], [ -47.8775992, -15.760713 ], [ -47.8777341, -15.7602872 ], [ -47.8777423, -15.7602613 ], [ -47.8777857, -15.7601244 ], [ -47.8778624, -15.7598978 ], [ -47.877964, -15.7595979 ], [ -47.8780847, -15.7592416 ] ], [ [ -47.8780847, -15.7592416 ], [ -47.878091, -15.7592212 ], [ -47.8782613, -15.7586721 ] ], [ [ -47.8782613, -15.7586721 ], [ -47.8782788, -15.7586114 ], [ -47.8782926, -15.758554 ], [ -47.8783249, -15.7584557 ], [ -47.8784582, -15.7580226 ], [ -47.8785215, -15.7578134 ], [ -47.8786067, -15.7575511 ], [ -47.8788344, -15.7568499 ], [ -47.8790731, -15.7560794 ], [ -47.8790768, -15.7560676 ], [ -47.8790918, -15.7560199 ], [ -47.8791033, -15.7559845 ], [ -47.8791101, -15.7559639 ], [ -47.8794064, -15.7550713 ], [ -47.8797869, -15.7538529 ], [ -47.879808, -15.7537799 ], [ -47.8799689, -15.7533014 ], [ -47.8800397, -15.7530912 ] ], [ [ -47.8800397, -15.7530912 ], [ -47.8801918, -15.7526602 ], [ -47.8802606, -15.7524653 ] ], [ [ -47.8802606, -15.7524653 ], [ -47.8803021, -15.752333 ], [ -47.8803217, -15.7522706 ], [ -47.8803351, -15.7522271 ], [ -47.880338, -15.7522178 ], [ -47.8804786, -15.751738 ], [ -47.880547, -15.7515263 ], [ -47.8806371, -15.751256 ], [ -47.8807046, -15.7510533 ], [ -47.8809205, -15.7503921 ], [ -47.8811042, -15.7498225 ], [ -47.8813395, -15.7490492 ], [ -47.8815149, -15.7484731 ] ], [ [ -47.8815149, -15.7484731 ], [ -47.8816286, -15.7480994 ], [ -47.8817218, -15.7478089 ], [ -47.8817888, -15.7476327 ] ], [ [ -47.8817888, -15.7476327 ], [ -47.8820283, -15.7468989 ] ], [ [ -47.8820283, -15.7468989 ], [ -47.882042, -15.7468547 ] ], [ [ -47.882042, -15.7468547 ], [ -47.882106, -15.7466621 ], [ -47.8837974, -15.7413539 ], [ -47.8842635, -15.7399261 ], [ -47.8845033, -15.7391914 ], [ -47.8848861, -15.7379629 ], [ -47.8853241, -15.7366043 ], [ -47.8856846, -15.7355276 ] ], [ [ -47.8856846, -15.7355276 ], [ -47.885925, -15.734759 ], [ -47.8859712, -15.7346113 ] ], [ [ -47.8859712, -15.7346113 ], [ -47.8859857, -15.7345565 ], [ -47.886099, -15.7341309 ], [ -47.8861563, -15.7340362 ], [ -47.8862067, -15.733948 ], [ -47.8862467, -15.7338858 ], [ -47.886389, -15.7337389 ] ], [ [ -47.886389, -15.7337389 ], [ -47.8869254, -15.733428 ] ], [ [ -47.8869254, -15.733428 ], [ -47.8893437, -15.7321819 ] ], [ [ -47.8893437, -15.7321819 ], [ -47.8901293, -15.7318061 ], [ -47.8906654, -15.7315953 ], [ -47.8912202, -15.7314242 ], [ -47.8917721, -15.7312736 ], [ -47.8922168, -15.731171 ], [ -47.8925662, -15.7311025 ], [ -47.8928236, -15.7310596 ], [ -47.8929717, -15.7310354 ] ], [ [ -47.8929717, -15.7310354 ], [ -47.8932093, -15.7310005 ], [ -47.893441, -15.7309449 ], [ -47.8935389, -15.7309063 ], [ -47.8936368, -15.7308482 ], [ -47.8937736, -15.7307268 ], [ -47.8939524, -15.7305167 ] ], [ [ -47.8945079, -15.7306932 ], [ -47.8945072, -15.7309263 ], [ -47.8945367, -15.7310935 ], [ -47.8946159, -15.7313271 ] ], [ [ -47.8946159, -15.7313271 ], [ -47.8947151, -15.7314601 ], [ -47.8948347, -15.7315824 ], [ -47.8951617, -15.7318357 ], [ -47.8952712, -15.7319133 ], [ -47.8955796, -15.7321768 ] ], [ [ -47.8955796, -15.7321768 ], [ -47.8956567, -15.7322572 ], [ -47.8959398, -15.7325421 ], [ -47.8964679, -15.7330623 ], [ -47.8970271, -15.73369 ] ], [ [ -47.8970271, -15.73369 ], [ -47.8971191, -15.7337984 ], [ -47.8972437, -15.7339431 ], [ -47.8975106, -15.7342793 ] ], [ [ -47.8975106, -15.7342793 ], [ -47.8975595, -15.7343408 ], [ -47.8976027, -15.7343917 ], [ -47.8977494, -15.7345644 ] ], [ [ -47.8977494, -15.7345644 ], [ -47.897753, -15.7345694 ], [ -47.8979402, -15.7348343 ], [ -47.898148, -15.7351283 ] ], [ [ -47.898148, -15.7351283 ], [ -47.8983535, -15.735432 ] ], [ [ -47.8983535, -15.735432 ], [ -47.8984221, -15.7355256 ], [ -47.8984981, -15.7356296 ], [ -47.8985587, -15.7357122 ] ], [ [ -47.8985587, -15.7357122 ], [ -47.8987277, -15.7359406 ], [ -47.8988189, -15.7360697 ], [ -47.8989355, -15.7362621 ], [ -47.8990401, -15.7364479 ], [ -47.899126, -15.7366454 ], [ -47.8992386, -15.7369759 ] ], [ [ -47.8992386, -15.7369759 ], [ -47.8992735, -15.7371398 ], [ -47.8992856, -15.7372057 ], [ -47.8993003, -15.7373051 ], [ -47.8993164, -15.737682 ], [ -47.8992963, -15.7380395 ], [ -47.8992896, -15.7381286 ] ], [ [ -47.8992896, -15.7381286 ], [ -47.8992211, -15.7384285 ] ], [ [ -47.8992211, -15.7384285 ], [ -47.8992124, -15.7384714 ], [ -47.8991608, -15.7386269 ], [ -47.8990973, -15.7387703 ], [ -47.8990562, -15.7388696 ] ], [ [ -47.8990562, -15.7388696 ], [ -47.8990009, -15.739042 ], [ -47.8989194, -15.7393291 ] ], [ [ -47.8989194, -15.7393291 ], [ -47.8988735, -15.7394715 ], [ -47.8982319, -15.7414608 ], [ -47.8978841, -15.7425458 ], [ -47.8977148, -15.7431029 ] ], [ [ -47.8977148, -15.7431029 ], [ -47.8976011, -15.7434768 ] ], [ [ -47.8976011, -15.7434768 ], [ -47.8974945, -15.7437811 ], [ -47.8974166, -15.7440468 ], [ -47.8973556, -15.7442235 ], [ -47.8973108, -15.7443429 ] ], [ [ -47.8973108, -15.7443429 ], [ -47.8972084, -15.7447045 ], [ -47.8970741, -15.7450647 ] ], [ [ -47.8970741, -15.7450647 ], [ -47.8969923, -15.7453494 ], [ -47.8969505, -15.7454794 ] ], [ [ -47.8969505, -15.7454794 ], [ -47.8968742, -15.7457085 ], [ -47.8962761, -15.7475734 ], [ -47.8961833, -15.74785 ], [ -47.8960153, -15.7483822 ], [ -47.8958845, -15.7488002 ], [ -47.8957305, -15.7492898 ] ], [ [ -47.8957305, -15.7492898 ], [ -47.8955862, -15.7497486 ] ], [ [ -47.8955862, -15.7497486 ], [ -47.8954285, -15.7502582 ], [ -47.8953281, -15.7505499 ] ], [ [ -47.8953281, -15.7505499 ], [ -47.8950866, -15.7512714 ] ], [ [ -47.8950866, -15.7512714 ], [ -47.8949813, -15.7515812 ], [ -47.894872, -15.7519542 ], [ -47.8943981, -15.7534583 ], [ -47.8942363, -15.7539277 ], [ -47.8941447, -15.7542121 ], [ -47.8939295, -15.7548806 ], [ -47.8939248, -15.7548953 ], [ -47.8937086, -15.7555616 ] ], [ [ -47.8937086, -15.7555616 ], [ -47.8935845, -15.7559438 ] ], [ [ -47.8935845, -15.7559438 ], [ -47.8934809, -15.7562858 ], [ -47.8934236, -15.7564572 ], [ -47.8933283, -15.7567421 ], [ -47.8930702, -15.757487 ] ], [ [ -47.8930702, -15.757487 ], [ -47.8929764, -15.7577738 ], [ -47.8929019, -15.7580522 ] ], [ [ -47.8929019, -15.7580522 ], [ -47.8928768, -15.7581358 ], [ -47.8923091, -15.7599586 ], [ -47.8922466, -15.7601597 ], [ -47.8922274, -15.7602276 ], [ -47.89212, -15.7605549 ], [ -47.8919645, -15.7610453 ], [ -47.8917505, -15.7617025 ] ], [ [ -47.8917505, -15.7617025 ], [ -47.8915474, -15.762326 ] ], [ [ -47.8915474, -15.762326 ], [ -47.8914857, -15.7625332 ], [ -47.8914393, -15.7626719 ], [ -47.8913771, -15.7628345 ], [ -47.8913341, -15.7629594 ], [ -47.891217, -15.7633248 ], [ -47.8911367, -15.7635714 ], [ -47.891098, -15.76369 ] ], [ [ -47.891098, -15.76369 ], [ -47.8910249, -15.763906 ], [ -47.8909635, -15.7641172 ] ], [ [ -47.8909635, -15.7641172 ], [ -47.8908907, -15.7643643 ], [ -47.89085, -15.7644978 ], [ -47.8903174, -15.7661604 ], [ -47.8902692, -15.7663351 ], [ -47.8901868, -15.7666457 ], [ -47.8901696, -15.7666962 ], [ -47.8900709, -15.7669854 ], [ -47.8899228, -15.7675169 ] ], [ [ -47.8899228, -15.7675169 ], [ -47.8897892, -15.7679962 ] ], [ [ -47.8897892, -15.7679962 ], [ -47.8896106, -15.7685963 ], [ -47.8895797, -15.7687158 ], [ -47.8895481, -15.7688178 ], [ -47.8894654, -15.7692323 ], [ -47.8893652, -15.76959 ] ], [ [ -47.8893652, -15.76959 ], [ -47.8892916, -15.7698882 ], [ -47.8891984, -15.770289 ], [ -47.8889892, -15.7712206 ], [ -47.8889289, -15.7714882 ], [ -47.8888687, -15.7717555 ], [ -47.8887923, -15.7720948 ], [ -47.8886837, -15.7726714 ], [ -47.8885943, -15.7732129 ] ], [ [ -47.8885943, -15.7732129 ], [ -47.8885312, -15.7735953 ] ], [ [ -47.8885312, -15.7735953 ], [ -47.888436, -15.7741576 ], [ -47.8884047, -15.7743716 ], [ -47.8883969, -15.7744354 ], [ -47.8883486, -15.774851 ], [ -47.8882845, -15.7752081 ] ], [ [ -47.8882845, -15.7752081 ], [ -47.8882416, -15.7755689 ], [ -47.8882089, -15.7758517 ], [ -47.8880512, -15.7773809 ], [ -47.8880412, -15.777569 ] ], [ [ -47.8880412, -15.777569 ], [ -47.8880408, -15.7776104 ], [ -47.8880234, -15.7778705 ], [ -47.8879887, -15.7781781 ], [ -47.8879425, -15.7786863 ], [ -47.8879103, -15.7790629 ] ], [ [ -47.8879103, -15.7790629 ], [ -47.8878647, -15.7795948 ] ], [ [ -47.8878647, -15.7795948 ], [ -47.8878166, -15.7801961 ], [ -47.8878027, -15.7804246 ], [ -47.8877967, -15.7805241 ] ], [ [ -47.8877967, -15.7805241 ], [ -47.8877778, -15.7809608 ], [ -47.8877507, -15.7812131 ], [ -47.88774, -15.7813474 ] ], [ [ -47.88774, -15.7813474 ], [ -47.887731, -15.7815868 ], [ -47.8877199, -15.781903 ], [ -47.887687, -15.7832103 ], [ -47.887687, -15.7833058 ] ], [ [ -47.887687, -15.7833058 ], [ -47.8876924, -15.7834207 ], [ -47.8876971, -15.7835207 ] ], [ [ -47.8876971, -15.7835207 ], [ -47.8877682, -15.7844453 ], [ -47.8878107, -15.7848206 ], [ -47.8878191, -15.7848861 ], [ -47.887862, -15.7852281 ], [ -47.8878795, -15.7854462 ], [ -47.8878835, -15.785592 ], [ -47.8879237, -15.7859469 ] ], [ [ -47.8879237, -15.7859469 ], [ -47.8879479, -15.7860656 ], [ -47.88797, -15.786145 ] ], [ [ -47.88797, -15.786145 ], [ -47.888002, -15.7862952 ] ], [ [ -47.888002, -15.7862952 ], [ -47.8880551, -15.7865444 ], [ -47.8881772, -15.7869703 ] ], [ [ -47.8881772, -15.7869703 ], [ -47.8881986, -15.7870541 ], [ -47.8882147, -15.78712 ] ], [ [ -47.8882147, -15.78712 ], [ -47.8882945, -15.7874581 ], [ -47.8883613, -15.7877411 ], [ -47.8883805, -15.7878226 ], [ -47.88841, -15.7878969 ] ], [ [ -47.88841, -15.7878969 ], [ -47.8884291, -15.7879498 ], [ -47.8886717, -15.788621 ] ], [ [ -47.8886717, -15.788621 ], [ -47.8887603, -15.7889534 ], [ -47.8892427, -15.7904448 ], [ -47.8893945, -15.7908778 ] ], [ [ -47.8893945, -15.7908778 ], [ -47.8899207, -15.792454 ] ], [ [ -47.8899207, -15.792454 ], [ -47.8901581, -15.7931808 ], [ -47.8907378, -15.7948625 ] ], [ [ -47.8907378, -15.7948625 ], [ -47.8909102, -15.7953772 ], [ -47.890937, -15.7954476 ] ], [ [ -47.890937, -15.7954476 ], [ -47.8909708, -15.7955359 ] ], [ [ -47.8909708, -15.7955359 ], [ -47.8910155, -15.7956474 ], [ -47.8910818, -15.7958131 ] ], [ [ -47.8910818, -15.7958131 ], [ -47.8912537, -15.7961998 ] ], [ [ -47.8912537, -15.7961998 ], [ -47.8912806, -15.796265 ], [ -47.891296, -15.7963015 ], [ -47.8914349, -15.7966301 ], [ -47.8916996, -15.7972028 ], [ -47.8917793, -15.79736 ] ], [ [ -47.8917793, -15.79736 ], [ -47.8918349, -15.7974515 ], [ -47.8918911, -15.7975437 ] ], [ [ -47.8918911, -15.7975437 ], [ -47.8920767, -15.7978568 ], [ -47.8924042, -15.7984089 ], [ -47.8925831, -15.7987026 ], [ -47.8930495, -15.7994305 ], [ -47.8933063, -15.7997485 ] ], [ [ -47.8933063, -15.7997485 ], [ -47.8933619, -15.7998173 ], [ -47.8934128, -15.7998813 ] ], [ [ -47.8934128, -15.7998813 ], [ -47.8937197, -15.8002694 ], [ -47.8939474, -15.8005865 ], [ -47.8944801, -15.8012791 ], [ -47.8945461, -15.8013733 ] ], [ [ -47.8945461, -15.8013733 ], [ -47.8946346, -15.8014635 ], [ -47.8947098, -15.8015639 ] ], [ [ -47.8947098, -15.8015639 ], [ -47.8955186, -15.8024788 ] ], [ [ -47.8955186, -15.8024788 ], [ -47.8956361, -15.8026125 ], [ -47.8964797, -15.8035531 ], [ -47.8966001, -15.8036874 ], [ -47.8968421, -15.8039507 ], [ -47.897849, -15.8050384 ] ], [ [ -47.897849, -15.8050384 ], [ -47.8986803, -15.8059272 ], [ -47.8987383, -15.8059873 ], [ -47.8988715, -15.8061222 ] ], [ [ -47.8988715, -15.8061222 ], [ -47.8993332, -15.8065703 ] ], [ [ -47.8993332, -15.8065703 ], [ -47.8996597, -15.806902 ] ], [ [ -47.8996597, -15.806902 ], [ -47.8998798, -15.8071114 ], [ -47.9004479, -15.8076517 ], [ -47.9006441, -15.8078304 ], [ -47.9008188, -15.8079718 ], [ -47.9009068, -15.8080453 ], [ -47.9011811, -15.8082846 ], [ -47.901829, -15.8088508 ], [ -47.9020377, -15.8090343 ], [ -47.9024553, -15.8094079 ] ], [ [ -47.9024553, -15.8094079 ], [ -47.9029696, -15.8098359 ], [ -47.9030735, -15.8099228 ] ], [ [ -47.9030735, -15.8099228 ], [ -47.9032297, -15.8100568 ] ], [ [ -47.9032297, -15.8100568 ], [ -47.903711, -15.8104295 ] ], [ [ -47.903711, -15.8104295 ], [ -47.9041684, -15.8107836 ] ], [ [ -47.9041684, -15.8107836 ], [ -47.9042939, -15.8108812 ], [ -47.9051895, -15.8115435 ], [ -47.9054937, -15.8117785 ], [ -47.9058231, -15.8120328 ], [ -47.9059602, -15.8121384 ] ], [ [ -47.9059602, -15.8121384 ], [ -47.9061211, -15.8122543 ], [ -47.907417, -15.8131881 ], [ -47.9075247, -15.8132606 ] ], [ [ -47.9075247, -15.8132606 ], [ -47.9076451, -15.8133473 ], [ -47.90788, -15.8135164 ], [ -47.9081445, -15.8137097 ] ], [ [ -47.9081445, -15.8137097 ], [ -47.9084911, -15.8139655 ] ], [ [ -47.9084911, -15.8139655 ], [ -47.9088087, -15.8142086 ], [ -47.9089747, -15.8143361 ] ], [ [ -47.9089747, -15.8143361 ], [ -47.9094733, -15.814686 ], [ -47.9101781, -15.8151838 ], [ -47.9104092, -15.8153465 ], [ -47.9105227, -15.8154265 ], [ -47.9107283, -15.815563 ], [ -47.9108492, -15.8156474 ], [ -47.9112897, -15.8159732 ], [ -47.9119763, -15.8164869 ], [ -47.912156, -15.8166076 ], [ -47.9122436, -15.8166664 ] ], [ [ -47.9122436, -15.8166664 ], [ -47.9123322, -15.8167317 ], [ -47.9129859, -15.8172024 ], [ -47.9132688, -15.817412 ], [ -47.9133947, -15.8175053 ], [ -47.9137659, -15.8177692 ], [ -47.9138648, -15.8178418 ], [ -47.9139207, -15.8178792 ], [ -47.9141988, -15.818077 ], [ -47.9144433, -15.8182509 ], [ -47.9146001, -15.8183672 ] ], [ [ -47.9146001, -15.8183672 ], [ -47.9148075, -15.8185319 ] ], [ [ -47.9148075, -15.8185319 ], [ -47.9148767, -15.818581 ], [ -47.9149383, -15.8186248 ], [ -47.9155665, -15.8190538 ], [ -47.9158772, -15.8192808 ], [ -47.9161877, -15.8195096 ], [ -47.9162318, -15.819542 ], [ -47.9162677, -15.8195662 ], [ -47.9167116, -15.8198935 ], [ -47.9169168, -15.8200476 ], [ -47.9173502, -15.8203674 ], [ -47.917634, -15.8205563 ] ], [ [ -47.917634, -15.8205563 ], [ -47.9177421, -15.8206371 ], [ -47.9182481, -15.8210008 ], [ -47.9185167, -15.8211938 ], [ -47.9185989, -15.8212534 ], [ -47.9186558, -15.8212946 ], [ -47.9188083, -15.821407 ], [ -47.9189227, -15.8214906 ], [ -47.9192457, -15.821726 ], [ -47.919954, -15.822234 ] ], [ [ -47.919954, -15.822234 ], [ -47.9201409, -15.8223747 ] ], [ [ -47.9201409, -15.8223747 ], [ -47.9202642, -15.8224641 ], [ -47.9212393, -15.8231714 ], [ -47.922085, -15.8237847 ], [ -47.9229574, -15.8244175 ], [ -47.9230908, -15.8245143 ], [ -47.9240718, -15.8252257 ], [ -47.9241482, -15.8252812 ], [ -47.9248195, -15.825768 ], [ -47.9250162, -15.8259107 ] ], [ [ -47.9250162, -15.8259107 ], [ -47.9251558, -15.8260018 ], [ -47.9258384, -15.8265008 ], [ -47.9260022, -15.8266061 ], [ -47.9265013, -15.8269537 ], [ -47.9265303, -15.826974 ], [ -47.9269975, -15.827302 ], [ -47.9270631, -15.8273472 ] ], [ [ -47.9270631, -15.8273472 ], [ -47.9274335, -15.8276083 ], [ -47.9277901, -15.8278701 ], [ -47.928164, -15.8281481 ], [ -47.9284076, -15.8283292 ] ], [ [ -47.9284076, -15.8283292 ], [ -47.9286308, -15.8285003 ], [ -47.9291182, -15.8288748 ] ], [ [ -47.9291182, -15.8288748 ], [ -47.9292851, -15.8289877 ], [ -47.9293897, -15.8290635 ], [ -47.9294641, -15.8291248 ], [ -47.9295489, -15.8291987 ], [ -47.9295999, -15.8292587 ], [ -47.9296622, -15.8293351 ], [ -47.9297424, -15.8294538 ] ], [ [ -47.9297424, -15.8294538 ], [ -47.929827, -15.8296612 ], [ -47.929902, -15.8300031 ] ], [ [ -47.929902, -15.8300031 ], [ -47.9299351, -15.8301849 ], [ -47.9299573, -15.8303064 ], [ -47.9300006, -15.8304613 ], [ -47.9300994, -15.8306741 ], [ -47.9301111, -15.8306903 ], [ -47.9301497, -15.8307438 ], [ -47.9302231, -15.830828 ], [ -47.9303043, -15.8309138 ], [ -47.9304207, -15.8310167 ], [ -47.9305858, -15.8311279 ] ], [ [ -47.9305858, -15.8311279 ], [ -47.9307286, -15.8312325 ], [ -47.9308056, -15.8313099 ], [ -47.9308725, -15.8313816 ], [ -47.9309278, -15.8314319 ] ], [ [ -47.9309278, -15.8314319 ], [ -47.9309628, -15.8314828 ], [ -47.9309923, -15.8315415 ] ], [ [ -47.9299305, -15.829687 ], [ -47.930049, -15.8295301 ] ], [ [ -47.930049, -15.8295301 ], [ -47.9307218, -15.8286743 ] ], [ [ -47.9307218, -15.8286743 ], [ -47.9313388, -15.8278686 ], [ -47.9314111, -15.827777 ] ], [ [ -47.9314111, -15.827777 ], [ -47.9317436, -15.8273665 ] ], [ [ -47.9317436, -15.8273665 ], [ -47.9321454, -15.8268593 ], [ -47.9323297, -15.8266221 ], [ -47.9324068, -15.8265259 ], [ -47.9324345, -15.8264883 ], [ -47.9326006, -15.8262607 ], [ -47.9327139, -15.8261092 ], [ -47.9328854, -15.8258885 ] ], [ [ -47.9328854, -15.8258885 ], [ -47.9331712, -15.8255208 ] ], [ [ -47.9331712, -15.8255208 ], [ -47.9333294, -15.8253193 ], [ -47.9336673, -15.8248778 ], [ -47.9341757, -15.824237 ], [ -47.9347095, -15.8235364 ], [ -47.9350946, -15.8230402 ], [ -47.9351051, -15.8230267 ] ], [ [ -47.9351051, -15.8230267 ], [ -47.935431, -15.8225312 ] ], [ [ -47.935431, -15.8225312 ], [ -47.9355785, -15.8222988 ], [ -47.935781, -15.8219158 ] ], [ [ -47.935781, -15.8219158 ], [ -47.9359711, -15.8215427 ] ], [ [ -47.9359711, -15.8215427 ], [ -47.9360066, -15.8214584 ], [ -47.9360442, -15.8213694 ], [ -47.936531, -15.8200864 ], [ -47.9367398, -15.8193055 ], [ -47.9368411, -15.8188094 ], [ -47.9369095, -15.8184958 ], [ -47.936986, -15.8179591 ], [ -47.937001, -15.8178827 ], [ -47.9370624, -15.8174752 ], [ -47.9371161, -15.8171642 ], [ -47.9373735, -15.8155268 ], [ -47.9376371, -15.813863 ] ], [ [ -47.9376371, -15.813863 ], [ -47.9377297, -15.8134859 ], [ -47.9381655, -15.8106873 ] ], [ [ -47.8899207, -15.792454 ], [ -47.8900829, -15.792573 ], [ -47.8902464, -15.7926361 ], [ -47.8903815, -15.7926451 ], [ -47.890491, -15.7926273 ], [ -47.8905917, -15.792573 ], [ -47.8906745, -15.7924861 ], [ -47.8907049, -15.7924091 ], [ -47.8907263, -15.7923052 ], [ -47.8907204, -15.7922108 ], [ -47.8906876, -15.7921267 ], [ -47.8906251, -15.7920415 ], [ -47.8905281, -15.791985 ], [ -47.8904136, -15.7919342 ] ], [ [ -47.8901203, -15.7919666 ], [ -47.8898475, -15.7920247 ], [ -47.8895618, -15.7921096 ], [ -47.8893217, -15.792217 ] ], [ [ -47.8904136, -15.7919342 ], [ -47.8901203, -15.7919666 ] ], [ [ -47.8933937, -15.7921277 ], [ -47.8925021, -15.7921523 ], [ -47.8923832, -15.7921481 ], [ -47.8922714, -15.7921344 ], [ -47.8921552, -15.7921167 ], [ -47.8919697, -15.792104 ], [ -47.8917752, -15.7920728 ], [ -47.8910117, -15.7919609 ], [ -47.8909503, -15.7919532 ], [ -47.8907655, -15.7919329 ], [ -47.8905395, -15.7919251 ], [ -47.8904136, -15.7919342 ] ], [ [ -47.8893217, -15.792217 ], [ -47.8890219, -15.7923881 ] ], [ [ -47.8890219, -15.7923881 ], [ -47.8888462, -15.7925002 ], [ -47.8882554, -15.7930335 ], [ -47.8879569, -15.7932951 ], [ -47.8877443, -15.7934384 ], [ -47.8874202, -15.7936041 ], [ -47.8872296, -15.7937566 ] ] ] } },
{ "type": "Feature", "properties": { "id_osm": 3116985, "nome": "394 - Samambaia Sul/Rodoviária Plano", "ref": "394" }, "geometry": { "type": "MultiLineString", "coordinates": [ [ [ -47.9415745, -15.8114821 ], [ -47.9409054, -15.8116873 ], [ -47.9404521, -15.811677 ] ], [ [ -47.9404521, -15.811677 ], [ -47.9399264, -15.8115248 ], [ -47.939508, -15.8113209 ] ], [ [ -47.939508, -15.8113209 ], [ -47.9392505, -15.8112267 ] ], [ [ -47.9301532, -15.829712 ], [ -47.9300558, -15.8298407 ] ], [ [ -47.9307237, -15.8290475 ], [ -47.9306285, -15.8291174 ], [ -47.9304199, -15.829371 ], [ -47.9301532, -15.829712 ] ], [ [ -47.9331468, -15.8266289 ], [ -47.932976, -15.8268541 ], [ -47.9328285, -15.8270093 ], [ -47.9327302, -15.8271124 ], [ -47.932498, -15.827282 ], [ -47.9323621, -15.827465 ], [ -47.9318999, -15.8280872 ], [ -47.9318331, -15.8281759 ], [ -47.9315779, -15.8285066 ], [ -47.9315356, -15.8285614 ], [ -47.9313489, -15.8287484 ], [ -47.9312554, -15.8288122 ], [ -47.9310886, -15.8288987 ], [ -47.9309236, -15.8289413 ], [ -47.9307237, -15.8290475 ] ], [ [ -47.933786, -15.8257965 ], [ -47.9332603, -15.8264889 ], [ -47.9331468, -15.8266289 ] ], [ [ -47.9345441, -15.8248229 ], [ -47.9341475, -15.8253342 ], [ -47.9340027, -15.8255208 ], [ -47.933786, -15.8257965 ] ], [ [ -47.936005, -15.8229839 ], [ -47.9354565, -15.8236389 ], [ -47.9345441, -15.8248229 ] ], [ [ -47.936342, -15.8225645 ], [ -47.9361907, -15.8227312 ], [ -47.936005, -15.8229839 ] ], [ [ -47.9374449, -15.8163763 ], [ -47.9372046, -15.8178403 ], [ -47.9370026, -15.8190398 ], [ -47.9369977, -15.81907 ], [ -47.9367815, -15.8199003 ], [ -47.9363738, -15.8210841 ], [ -47.9363369, -15.8213293 ], [ -47.936339, -15.8215402 ], [ -47.9363504, -15.8215946 ], [ -47.9363677, -15.8216774 ], [ -47.9364039, -15.821843 ], [ -47.93642, -15.8220357 ], [ -47.9364197, -15.8222271 ], [ -47.936342, -15.8225645 ] ], [ [ -47.9374507, -15.8162823 ], [ -47.9374449, -15.8163763 ] ], [ [ -47.9377015, -15.8144384 ], [ -47.9376626, -15.8147429 ], [ -47.9374507, -15.8162823 ] ], [ [ -47.9392505, -15.8112267 ], [ -47.9390788, -15.8112254 ], [ -47.9388978, -15.8112925 ], [ -47.938537, -15.811508 ], [ -47.9384029, -15.8116538 ], [ -47.9382259, -15.8121544 ], [ -47.9381119, -15.8128809 ], [ -47.9380247, -15.813228 ], [ -47.937971, -15.8134112 ], [ -47.937908, -15.81361 ], [ -47.9378463, -15.8138371 ], [ -47.9377015, -15.8144384 ] ], [ [ -47.943142, -15.8110449 ], [ -47.9422921, -15.8112073 ], [ -47.9419193, -15.8113247 ], [ -47.9415745, -15.8114821 ] ], [ [ -47.9449382, -15.8107785 ], [ -47.943142, -15.8110449 ] ], [ [ -47.945714, -15.8106634 ], [ -47.9449382, -15.8107785 ] ], [ [ -47.9480291, -15.8103053 ], [ -47.9464656, -15.8105518 ], [ -47.945714, -15.8106634 ] ], [ [ -47.9484582, -15.810246 ], [ -47.9480291, -15.8103053 ] ], [ [ -47.948893, -15.8101854 ], [ -47.9484582, -15.810246 ] ], [ [ -47.9531188, -15.8095415 ], [ -47.948893, -15.8101854 ] ], [ [ -47.9550205, -15.8092744 ], [ -47.9531188, -15.8095415 ] ], [ [ -47.9605646, -15.8084149 ], [ -47.9603232, -15.8084485 ], [ -47.9583438, -15.8087573 ], [ -47.9571804, -15.8089388 ], [ -47.9550205, -15.8092744 ] ], [ [ -47.9796493, -15.8121309 ], [ -47.9791294, -15.8121054 ] ], [ [ -47.9688614, -15.8075685 ], [ -47.9684859, -15.8074755 ], [ -47.9680535, -15.80741 ] ], [ [ -47.9680535, -15.80741 ], [ -47.9674833, -15.8073921 ], [ -47.9672675, -15.8074007 ], [ -47.9670604, -15.807424 ], [ -47.9667035, -15.8074933 ], [ -47.9659116, -15.8076194 ] ], [ [ -47.9659116, -15.8076194 ], [ -47.9635352, -15.8079827 ], [ -47.9617458, -15.8082535 ] ], [ [ -47.9617458, -15.8082535 ], [ -47.961383, -15.8083045 ], [ -47.9611842, -15.8083324 ], [ -47.9605646, -15.8084149 ] ], [ [ -48.0117333, -15.8171873 ], [ -48.0109217, -15.8168816 ], [ -48.010428, -15.8167047 ] ], [ [ -48.010428, -15.8167047 ], [ -48.0099875, -15.8165473 ], [ -48.0081403, -15.8159633 ] ], [ [ -48.0081403, -15.8159633 ], [ -48.0076737, -15.8157749 ], [ -48.0075032, -15.8157061 ] ], [ [ -48.0075032, -15.8157061 ], [ -48.0049153, -15.814747 ] ], [ [ -48.0049153, -15.814747 ], [ -48.0046884, -15.8146633 ] ], [ [ -48.0046884, -15.8146633 ], [ -47.9997089, -15.8128256 ] ], [ [ -47.9997089, -15.8128256 ], [ -47.9995077, -15.81275 ] ], [ [ -47.9995077, -15.81275 ], [ -47.9993451, -15.812692 ], [ -47.995975, -15.8114521 ] ], [ [ -47.995975, -15.8114521 ], [ -47.9955399, -15.8112987 ], [ -47.9952616, -15.8112272 ], [ -47.9945935, -15.811097 ] ], [ [ -47.9945935, -15.811097 ], [ -47.9939299, -15.8110702 ], [ -47.9933255, -15.811109 ] ], [ [ -47.9933255, -15.811109 ], [ -47.992892, -15.8111557 ], [ -47.9924376, -15.8112173 ] ], [ [ -47.9924376, -15.8112173 ], [ -47.9920518, -15.8112712 ] ], [ [ -47.9920518, -15.8112712 ], [ -47.991831, -15.811301 ], [ -47.991394, -15.8113738 ], [ -47.9909591, -15.8114568 ] ], [ [ -47.9909591, -15.8114568 ], [ -47.9871131, -15.811966 ], [ -47.9850908, -15.8122525 ], [ -47.9846227, -15.8123119 ], [ -47.9844437, -15.8123273 ], [ -47.9842673, -15.8123332 ], [ -47.9837269, -15.8123473 ], [ -47.983456, -15.812348 ], [ -47.9831831, -15.812348 ], [ -47.9825981, -15.8123227 ], [ -47.9808375, -15.8122133 ], [ -47.9797559, -15.8121407 ], [ -47.9796493, -15.8121309 ] ], [ [ -47.9791294, -15.8121054 ], [ -47.9790653, -15.8120986 ], [ -47.9787031, -15.8120357 ], [ -47.9784536, -15.8119841 ], [ -47.9782417, -15.8119364 ], [ -47.977999, -15.8118641 ], [ -47.9778126, -15.8117931 ], [ -47.9775846, -15.8116783 ], [ -47.9774331, -15.811577 ], [ -47.9772158, -15.8114254 ], [ -47.9764031, -15.810726 ], [ -47.9761831, -15.8105634 ] ], [ [ -47.9761831, -15.8105634 ], [ -47.9758573, -15.8103712 ], [ -47.9755944, -15.8102331 ], [ -47.9753691, -15.8101247 ], [ -47.9751411, -15.8100305 ], [ -47.9746784, -15.8098679 ], [ -47.9744406, -15.8097763 ], [ -47.9734848, -15.8094279 ], [ -47.9726829, -15.8091285 ], [ -47.9714893, -15.808673 ], [ -47.9711621, -15.8085433 ], [ -47.9705465, -15.8083272 ], [ -47.9704097, -15.8082678 ], [ -47.9693789, -15.8077904 ], [ -47.9691222, -15.8076678 ], [ -47.9688614, -15.8075685 ] ] ] } },
{ "type": "Feature", "properties": { "id_osm": 3484335, "nome": "0.169 - Cruzeiro/W3 Norte (Buriti-Avenida Comercial Sudoeste)", "ref": "0169" }, "geometry": { "type": "MultiLineString", "coordinates": [ [ [ -47.9215177, -15.798773 ], [ -47.9212685, -15.7986093 ], [ -47.9209692, -15.7984365 ], [ -47.9201445, -15.7979588 ], [ -47.9197738, -15.7977696 ], [ -47.9195211, -15.7976236 ], [ -47.9193352, -15.7975002 ], [ -47.9192901, -15.7974703 ], [ -47.9192339, -15.7974382 ], [ -47.9189745, -15.7972901 ], [ -47.9187691, -15.7971641 ] ], [ [ -47.9187691, -15.7971641 ], [ -47.9186695, -15.7970954 ], [ -47.9185066, -15.7969887 ] ], [ [ -47.9185066, -15.7969887 ], [ -47.9182944, -15.796868 ] ], [ [ -47.9182944, -15.796868 ], [ -47.9181254, -15.7967425 ], [ -47.9179893, -15.796616 ], [ -47.9178806, -15.7964747 ], [ -47.9176996, -15.7962227 ], [ -47.9175926, -15.7960382 ], [ -47.9175162, -15.7958914 ] ], [ [ -47.9175162, -15.7958914 ], [ -47.9174575, -15.7957301 ], [ -47.9173951, -15.7955584 ], [ -47.9173135, -15.7953145 ], [ -47.9172447, -15.7951092 ], [ -47.9171424, -15.7948019 ], [ -47.9171049, -15.7946908 ], [ -47.9170861, -15.7946352 ], [ -47.9170347, -15.7944896 ], [ -47.9169372, -15.7941805 ] ], [ [ -47.9169372, -15.7941805 ], [ -47.9168485, -15.7939142 ] ], [ [ -47.9168485, -15.7939142 ], [ -47.9167555, -15.793637 ] ], [ [ -47.9167555, -15.793637 ], [ -47.9166536, -15.793335 ], [ -47.9165473, -15.79302 ], [ -47.9163409, -15.7924084 ], [ -47.9159739, -15.7913338 ], [ -47.9157971, -15.790791 ] ], [ [ -47.9157971, -15.790791 ], [ -47.9156977, -15.7904859 ] ], [ [ -47.9156977, -15.7904859 ], [ -47.9155861, -15.790166 ], [ -47.9155176, -15.7899694 ], [ -47.9153087, -15.789353 ], [ -47.9149854, -15.78839 ], [ -47.9149098, -15.7881688 ], [ -47.9148556, -15.7880059 ], [ -47.9147832, -15.7877877 ], [ -47.9147286, -15.7876323 ] ], [ [ -47.9147286, -15.7876323 ], [ -47.9146197, -15.7872793 ] ], [ [ -47.9146197, -15.7872793 ], [ -47.9143683, -15.7865618 ], [ -47.9142134, -15.7861134 ] ], [ [ -47.9142134, -15.7861134 ], [ -47.9139524, -15.7853948 ], [ -47.9139156, -15.7852836 ], [ -47.9138915, -15.7852268 ], [ -47.9138587, -15.785168 ], [ -47.9138057, -15.7851074 ], [ -47.9137447, -15.7850745 ], [ -47.9136578, -15.7850579 ] ], [ [ -47.9216109, -15.7986255 ], [ -47.9216335, -15.7986232 ], [ -47.9216605, -15.7986257 ], [ -47.9216863, -15.7986338 ], [ -47.9217095, -15.7986473 ], [ -47.9217291, -15.7986653 ], [ -47.9217455, -15.7986897 ], [ -47.9217552, -15.7987171 ], [ -47.9217576, -15.798746 ] ], [ [ -47.9242219, -15.8003091 ], [ -47.9241355, -15.8002617 ], [ -47.9240188, -15.8001942 ], [ -47.9232073, -15.7997242 ], [ -47.9231169, -15.7996723 ], [ -47.9230315, -15.7996228 ], [ -47.9226799, -15.7994156 ], [ -47.9221797, -15.7991266 ], [ -47.9219107, -15.7989701 ], [ -47.9216734, -15.7988528 ] ], [ [ -47.9243688, -15.8001502 ], [ -47.9243846, -15.8001521 ], [ -47.9244187, -15.8001561 ], [ -47.9244638, -15.8001772 ], [ -47.9244995, -15.8002112 ], [ -47.924522, -15.8002544 ], [ -47.9245287, -15.8003023 ] ], [ [ -47.92699, -15.8019082 ], [ -47.9269411, -15.8018729 ], [ -47.9267634, -15.8017629 ], [ -47.9264075, -15.8015569 ], [ -47.9256624, -15.8011255 ], [ -47.9249463, -15.8007129 ], [ -47.9248202, -15.8006403 ], [ -47.92455, -15.8004983 ], [ -47.9244398, -15.800432 ] ], [ [ -47.9271095, -15.8019907 ], [ -47.9270839, -15.801989 ], [ -47.9270581, -15.8019815 ], [ -47.9270351, -15.8019691 ], [ -47.9270155, -15.8019522 ], [ -47.9270002, -15.8019316 ], [ -47.92699, -15.8019082 ] ], [ [ -47.9304141, -15.8038982 ], [ -47.9303107, -15.8038328 ], [ -47.9299097, -15.8035766 ], [ -47.9298272, -15.8035198 ], [ -47.9296113, -15.8033972 ], [ -47.9293437, -15.8032527 ], [ -47.9291461, -15.803134 ], [ -47.9290366, -15.8030682 ], [ -47.9287382, -15.8029062 ], [ -47.9281864, -15.8025875 ], [ -47.9276361, -15.8022633 ], [ -47.9275741, -15.8022268 ], [ -47.9273616, -15.8021126 ], [ -47.9272067, -15.8020191 ], [ -47.9271095, -15.8019907 ] ], [ [ -47.9136578, -15.7850579 ], [ -47.9129765, -15.7852706 ], [ -47.9128664, -15.785305 ], [ -47.9126372, -15.7853766 ] ], [ [ -47.9126372, -15.7853766 ], [ -47.9122604, -15.7854992 ] ], [ [ -47.9122604, -15.7854992 ], [ -47.9104919, -15.7860558 ] ], [ [ -47.9104919, -15.7860558 ], [ -47.9104131, -15.786081 ], [ -47.9101342, -15.7861701 ], [ -47.9098095, -15.7862739 ] ], [ [ -47.9098095, -15.7862739 ], [ -47.9096528, -15.786328 ], [ -47.9095907, -15.7863494 ] ], [ [ -47.9095907, -15.7863494 ], [ -47.9090794, -15.7865119 ], [ -47.9088778, -15.786576 ], [ -47.9088106, -15.7865966 ], [ -47.9083709, -15.7867311 ], [ -47.9082423, -15.7867704 ], [ -47.9081759, -15.7867906 ], [ -47.9081016, -15.7868132 ] ], [ [ -47.9160877, -15.7842906 ], [ -47.9147634, -15.7847096 ] ], [ [ -47.9147634, -15.7847096 ], [ -47.9141929, -15.7848901 ] ], [ [ -47.9081016, -15.7868132 ], [ -47.9078965, -15.7868847 ], [ -47.9076957, -15.7869798 ] ], [ [ -47.9076957, -15.7869798 ], [ -47.9076336, -15.787018 ], [ -47.907324, -15.7872088 ] ], [ [ -47.907324, -15.7872088 ], [ -47.9069625, -15.7874024 ], [ -47.9068744, -15.7874585 ], [ -47.9067783, -15.7875124 ] ], [ [ -47.9067783, -15.7875124 ], [ -47.9062258, -15.7878233 ] ], [ [ -47.9062258, -15.7878233 ], [ -47.9054971, -15.7882124 ], [ -47.9042074, -15.7889022 ], [ -47.9038319, -15.7890925 ], [ -47.9035791, -15.7892054 ], [ -47.9032145, -15.7893445 ], [ -47.9029478, -15.7894387 ], [ -47.9022186, -15.7896573 ], [ -47.9020887, -15.7896962 ] ], [ [ -47.9020887, -15.7896962 ], [ -47.9019977, -15.7897251 ], [ -47.9019315, -15.7897452 ], [ -47.9005806, -15.7901794 ], [ -47.900377, -15.790242 ], [ -47.8998269, -15.790411 ], [ -47.8988808, -15.7907019 ], [ -47.8984805, -15.790818 ] ], [ [ -47.8984805, -15.790818 ], [ -47.8975783, -15.7910779 ], [ -47.8973418, -15.791135 ], [ -47.8971572, -15.7911741 ], [ -47.896596, -15.7913055 ], [ -47.896319, -15.7913747 ], [ -47.8960133, -15.7914522 ], [ -47.8953027, -15.7916377 ], [ -47.8952692, -15.7916464 ], [ -47.8948905, -15.7917437 ] ], [ [ -47.8948905, -15.7917437 ], [ -47.8945962, -15.7918193 ], [ -47.8944973, -15.7918447 ], [ -47.8944593, -15.7918545 ], [ -47.8941752, -15.7919275 ], [ -47.8940372, -15.7919629 ], [ -47.8939411, -15.7919868 ], [ -47.8938552, -15.7920113 ], [ -47.8937331, -15.7920414 ], [ -47.8933937, -15.7921277 ] ], [ [ -47.8933937, -15.7921277 ], [ -47.8925021, -15.7921523 ], [ -47.8923832, -15.7921481 ], [ -47.8922714, -15.7921344 ], [ -47.8921552, -15.7921167 ], [ -47.8919697, -15.792104 ], [ -47.8917752, -15.7920728 ], [ -47.8910117, -15.7919609 ], [ -47.8909503, -15.7919532 ], [ -47.8907655, -15.7919329 ], [ -47.8905395, -15.7919251 ], [ -47.8904136, -15.7919342 ] ], [ [ -47.8904136, -15.7919342 ], [ -47.8901203, -15.7919666 ] ], [ [ -47.8901203, -15.7919666 ], [ -47.8898475, -15.7920247 ], [ -47.8895618, -15.7921096 ], [ -47.8893217, -15.792217 ] ], [ [ -47.8893217, -15.792217 ], [ -47.8890219, -15.7923881 ] ], [ [ -47.8890219, -15.7923881 ], [ -47.8889609, -15.792503 ], [ -47.8889361, -15.7926649 ], [ -47.8889741, -15.7927978 ], [ -47.8890333, -15.7928697 ], [ -47.8891039, -15.7929264 ], [ -47.889205, -15.7929723 ], [ -47.8893316, -15.7929804 ], [ -47.8894443, -15.7929442 ], [ -47.8895373, -15.7928776 ], [ -47.8896002, -15.7927904 ], [ -47.889649, -15.7926904 ], [ -47.8896783, -15.7925847 ], [ -47.889711, -15.7923742 ] ], [ [ -47.8992211, -15.7384285 ], [ -47.8992124, -15.7384714 ], [ -47.8991608, -15.7386269 ], [ -47.8990973, -15.7387703 ], [ -47.8990562, -15.7388696 ] ], [ [ -47.8992896, -15.7381286 ], [ -47.8992211, -15.7384285 ] ], [ [ -47.8992386, -15.7369759 ], [ -47.8992735, -15.7371398 ], [ -47.8992856, -15.7372057 ], [ -47.8993003, -15.7373051 ], [ -47.8993164, -15.737682 ], [ -47.8992963, -15.7380395 ], [ -47.8992896, -15.7381286 ] ], [ [ -47.8985587, -15.7357122 ], [ -47.8987277, -15.7359406 ], [ -47.8988189, -15.7360697 ], [ -47.8989355, -15.7362621 ], [ -47.8990401, -15.7364479 ], [ -47.899126, -15.7366454 ], [ -47.8992386, -15.7369759 ] ], [ [ -47.8983535, -15.735432 ], [ -47.8984221, -15.7355256 ], [ -47.8984981, -15.7356296 ], [ -47.8985587, -15.7357122 ] ], [ [ -47.898148, -15.7351283 ], [ -47.8983535, -15.735432 ] ], [ [ -47.8990562, -15.7388696 ], [ -47.8990009, -15.739042 ], [ -47.8989194, -15.7393291 ] ], [ [ -47.8976011, -15.7434768 ], [ -47.8974945, -15.7437811 ], [ -47.8974166, -15.7440468 ], [ -47.8973556, -15.7442235 ], [ -47.8973108, -15.7443429 ] ], [ [ -47.8973108, -15.7443429 ], [ -47.8972084, -15.7447045 ], [ -47.8970741, -15.7450647 ] ], [ [ -47.8969505, -15.7454794 ], [ -47.8968742, -15.7457085 ], [ -47.8962761, -15.7475734 ], [ -47.8961833, -15.74785 ], [ -47.8960153, -15.7483822 ], [ -47.8958845, -15.7488002 ], [ -47.8957305, -15.7492898 ] ], [ [ -47.8953281, -15.7505499 ], [ -47.8950866, -15.7512714 ] ], [ [ -47.8950866, -15.7512714 ], [ -47.8949813, -15.7515812 ], [ -47.894872, -15.7519542 ], [ -47.8943981, -15.7534583 ], [ -47.8942363, -15.7539277 ], [ -47.8941447, -15.7542121 ], [ -47.8939295, -15.7548806 ], [ -47.8939248, -15.7548953 ], [ -47.8937086, -15.7555616 ] ], [ [ -47.8930702, -15.757487 ], [ -47.8929764, -15.7577738 ], [ -47.8929019, -15.7580522 ] ], [ [ -47.8929019, -15.7580522 ], [ -47.8928768, -15.7581358 ], [ -47.8923091, -15.7599586 ], [ -47.8922466, -15.7601597 ], [ -47.8922274, -15.7602276 ], [ -47.89212, -15.7605549 ], [ -47.8919645, -15.7610453 ], [ -47.8917505, -15.7617025 ] ], [ [ -47.8917505, -15.7617025 ], [ -47.8915474, -15.762326 ] ], [ [ -47.8915474, -15.762326 ], [ -47.8914857, -15.7625332 ], [ -47.8914393, -15.7626719 ], [ -47.8913771, -15.7628345 ], [ -47.8913341, -15.7629594 ], [ -47.891217, -15.7633248 ], [ -47.8911367, -15.7635714 ], [ -47.891098, -15.76369 ] ], [ [ -47.8909635, -15.7641172 ], [ -47.8908907, -15.7643643 ], [ -47.89085, -15.7644978 ], [ -47.8903174, -15.7661604 ], [ -47.8902692, -15.7663351 ], [ -47.8901868, -15.7666457 ], [ -47.8901696, -15.7666962 ], [ -47.8900709, -15.7669854 ], [ -47.8899228, -15.7675169 ] ], [ [ -47.8893652, -15.76959 ], [ -47.8892916, -15.7698882 ], [ -47.8891984, -15.770289 ], [ -47.8889892, -15.7712206 ], [ -47.8889289, -15.7714882 ], [ -47.8888687, -15.7717555 ], [ -47.8887923, -15.7720948 ], [ -47.8886837, -15.7726714 ], [ -47.8885943, -15.7732129 ] ], [ [ -47.8885943, -15.7732129 ], [ -47.8885312, -15.7735953 ] ], [ [ -47.8885312, -15.7735953 ], [ -47.888436, -15.7741576 ], [ -47.8884047, -15.7743716 ], [ -47.8883969, -15.7744354 ], [ -47.8883486, -15.774851 ], [ -47.8882845, -15.7752081 ] ], [ [ -47.8882845, -15.7752081 ], [ -47.8882416, -15.7755689 ], [ -47.8882089, -15.7758517 ], [ -47.8880512, -15.7773809 ], [ -47.8880412, -15.777569 ] ], [ [ -47.8880412, -15.777569 ], [ -47.8880408, -15.7776104 ], [ -47.8880234, -15.7778705 ], [ -47.8879887, -15.7781781 ], [ -47.8879425, -15.7786863 ], [ -47.8879103, -15.7790629 ] ], [ [ -47.8879103, -15.7790629 ], [ -47.8878647, -15.7795948 ] ], [ [ -47.8878647, -15.7795948 ], [ -47.8878166, -15.7801961 ], [ -47.8878027, -15.7804246 ], [ -47.8877967, -15.7805241 ] ], [ [ -47.8877967, -15.7805241 ], [ -47.8877778, -15.7809608 ], [ -47.8877507, -15.7812131 ], [ -47.88774, -15.7813474 ] ], [ [ -47.88774, -15.7813474 ], [ -47.887731, -15.7815868 ], [ -47.8877199, -15.781903 ], [ -47.887687, -15.7832103 ], [ -47.887687, -15.7833058 ] ], [ [ -47.887687, -15.7833058 ], [ -47.8876924, -15.7834207 ], [ -47.8876971, -15.7835207 ] ], [ [ -47.8876971, -15.7835207 ], [ -47.8877682, -15.7844453 ], [ -47.8878107, -15.7848206 ], [ -47.8878191, -15.7848861 ], [ -47.887862, -15.7852281 ], [ -47.8878795, -15.7854462 ], [ -47.8878835, -15.785592 ], [ -47.8879237, -15.7859469 ] ], [ [ -47.8879237, -15.7859469 ], [ -47.8879479, -15.7860656 ], [ -47.88797, -15.786145 ] ], [ [ -47.88797, -15.786145 ], [ -47.888002, -15.7862952 ] ], [ [ -47.888002, -15.7862952 ], [ -47.8880551, -15.7865444 ], [ -47.8881772, -15.7869703 ] ], [ [ -47.8881772, -15.7869703 ], [ -47.8881986, -15.7870541 ], [ -47.8882147, -15.78712 ] ], [ [ -47.8882147, -15.78712 ], [ -47.8882945, -15.7874581 ], [ -47.8883613, -15.7877411 ], [ -47.8883805, -15.7878226 ], [ -47.88841, -15.7878969 ] ], [ [ -47.88841, -15.7878969 ], [ -47.8884291, -15.7879498 ], [ -47.8886717, -15.788621 ] ], [ [ -47.8886717, -15.788621 ], [ -47.8888533, -15.7888987 ], [ -47.8892474, -15.790061 ], [ -47.889312, -15.7901348 ], [ -47.88936, -15.7901656 ], [ -47.8894955, -15.7902107 ] ], [ [ -47.8894955, -15.7902107 ], [ -47.890095, -15.7899771 ], [ -47.8904325, -15.7898633 ], [ -47.8907565, -15.7897402 ], [ -47.8910394, -15.7896389 ] ], [ [ -47.8910394, -15.7896389 ], [ -47.8919013, -15.7893192 ], [ -47.8921281, -15.7892356 ] ], [ [ -47.8921281, -15.7892356 ], [ -47.8923379, -15.7891526 ], [ -47.8926037, -15.7890541 ] ], [ [ -47.8926037, -15.7890541 ], [ -47.8941192, -15.7885071 ], [ -47.8944985, -15.7883674 ], [ -47.8948274, -15.7882339 ], [ -47.8949706, -15.7881758 ], [ -47.895053, -15.7881511 ], [ -47.8951171, -15.7881254 ], [ -47.8954607, -15.7879975 ], [ -47.8960147, -15.7877902 ], [ -47.8972574, -15.7873485 ], [ -47.8977101, -15.7872042 ], [ -47.8982073, -15.7870458 ], [ -47.8985663, -15.7869314 ], [ -47.8990407, -15.7867802 ], [ -47.8993634, -15.7866773 ], [ -47.9000691, -15.7864474 ], [ -47.900544, -15.7862927 ], [ -47.900731, -15.7862326 ], [ -47.9007573, -15.7862241 ] ], [ [ -47.9007573, -15.7862241 ], [ -47.9008079, -15.7862092 ], [ -47.9008941, -15.7861837 ], [ -47.9011864, -15.7860963 ], [ -47.9017176, -15.7859211 ], [ -47.9023969, -15.7857191 ], [ -47.9025887, -15.7856642 ], [ -47.9028019, -15.7856365 ], [ -47.9030687, -15.7856049 ], [ -47.9038973, -15.7855205 ], [ -47.9043274, -15.7854756 ], [ -47.9045221, -15.7854553 ], [ -47.9053688, -15.7853906 ], [ -47.9057272, -15.7853507 ], [ -47.9059622, -15.7853261 ], [ -47.9062128, -15.785289 ] ], [ [ -47.9062128, -15.785289 ], [ -47.9063389, -15.7852732 ], [ -47.9063868, -15.7852672 ], [ -47.906988, -15.7852085 ] ], [ [ -47.906988, -15.7852085 ], [ -47.9071711, -15.7851913 ], [ -47.9073402, -15.7851663 ], [ -47.9075204, -15.7851175 ], [ -47.9085702, -15.7847751 ], [ -47.9092105, -15.7845766 ] ], [ [ -47.9092105, -15.7845766 ], [ -47.9093461, -15.7845349 ], [ -47.9097, -15.7844263 ], [ -47.9097666, -15.7844058 ] ], [ [ -47.9097666, -15.7844058 ], [ -47.9102444, -15.7842534 ], [ -47.9104868, -15.7841784 ], [ -47.9116433, -15.7838206 ] ], [ [ -47.9116433, -15.7838206 ], [ -47.9120271, -15.783698 ], [ -47.9124092, -15.78358 ], [ -47.912797, -15.7834562 ], [ -47.9135998, -15.7832066 ], [ -47.9154888, -15.7826115 ] ], [ [ -47.9154888, -15.7826115 ], [ -47.9155635, -15.7826325 ], [ -47.9156118, -15.7826531 ], [ -47.9156417, -15.7826818 ], [ -47.9156648, -15.7827263 ], [ -47.9156849, -15.7827699 ], [ -47.9157258, -15.7828802 ], [ -47.9157377, -15.7829151 ], [ -47.9158874, -15.7833474 ], [ -47.9159226, -15.7834536 ], [ -47.9160758, -15.7838894 ], [ -47.9160926, -15.7839424 ], [ -47.9161315, -15.7840566 ], [ -47.9161449, -15.7841147 ], [ -47.9161412, -15.7841653 ], [ -47.9161225, -15.784214 ], [ -47.9160877, -15.7842906 ] ], [ [ -47.9141929, -15.7848901 ], [ -47.9141369, -15.7849519 ], [ -47.914095, -15.7850218 ], [ -47.9140708, -15.7851122 ], [ -47.9140669, -15.7851755 ], [ -47.9140742, -15.7852342 ], [ -47.9141034, -15.78533 ], [ -47.9147545, -15.7872355 ], [ -47.9149111, -15.7876778 ] ], [ [ -47.9149111, -15.7876778 ], [ -47.9149999, -15.7879572 ], [ -47.9150529, -15.788112 ] ], [ [ -47.9150529, -15.788112 ], [ -47.9151341, -15.7883608 ], [ -47.9151582, -15.7884321 ], [ -47.9152809, -15.7887841 ], [ -47.9155155, -15.7894649 ], [ -47.9155937, -15.7897005 ], [ -47.9156651, -15.7899158 ], [ -47.9158341, -15.7904195 ], [ -47.9159463, -15.7907536 ], [ -47.9159977, -15.7909271 ] ], [ [ -47.9159977, -15.7909271 ], [ -47.9161208, -15.7912951 ] ], [ [ -47.9161208, -15.7912951 ], [ -47.9163346, -15.7919045 ], [ -47.9164347, -15.7921898 ], [ -47.9165871, -15.7926241 ], [ -47.9166996, -15.7929776 ], [ -47.9167901, -15.7932619 ], [ -47.9168135, -15.7933356 ], [ -47.9169023, -15.7936005 ] ], [ [ -47.9169023, -15.7936005 ], [ -47.9170485, -15.7940177 ] ], [ [ -47.9170485, -15.7940177 ], [ -47.9171859, -15.7944345 ] ], [ [ -47.9171859, -15.7944345 ], [ -47.9172512, -15.7946469 ], [ -47.9172865, -15.7947616 ], [ -47.9173844, -15.7950429 ], [ -47.9174857, -15.7953546 ], [ -47.917603, -15.7956978 ], [ -47.9176654, -15.795854 ] ], [ [ -47.9176654, -15.795854 ], [ -47.9177371, -15.7959934 ], [ -47.9178384, -15.7961656 ], [ -47.9180054, -15.7963895 ], [ -47.9181797, -15.7965747 ], [ -47.9183983, -15.7967592 ] ], [ [ -47.9183983, -15.7967592 ], [ -47.9185708, -15.796876 ], [ -47.9188593, -15.797049 ], [ -47.9190444, -15.7971525 ], [ -47.9192495, -15.797277 ], [ -47.919347, -15.7973303 ], [ -47.9199545, -15.7976735 ], [ -47.9204754, -15.7979787 ], [ -47.9210482, -15.7983088 ], [ -47.9213266, -15.7984726 ], [ -47.9216109, -15.7986255 ] ], [ [ -47.9217576, -15.798746 ], [ -47.9220534, -15.7988855 ], [ -47.9222573, -15.7990021 ], [ -47.9227743, -15.7993021 ], [ -47.9231304, -15.799504 ], [ -47.9231958, -15.7995432 ], [ -47.9233175, -15.7996163 ], [ -47.9240333, -15.8000368 ], [ -47.92421, -15.8001255 ], [ -47.9243688, -15.8001502 ] ], [ [ -47.9245287, -15.8003023 ], [ -47.9245805, -15.8003311 ], [ -47.9248563, -15.8004909 ], [ -47.92502, -15.8005856 ], [ -47.9254384, -15.8008276 ], [ -47.9258996, -15.8010854 ], [ -47.9261212, -15.8012259 ], [ -47.9264778, -15.8014399 ], [ -47.9266171, -15.8015235 ], [ -47.9270041, -15.8017293 ], [ -47.9270992, -15.8017595 ] ], [ [ -47.9272176, -15.8018341 ], [ -47.9272902, -15.8018913 ], [ -47.9274108, -15.8019653 ], [ -47.9277109, -15.8021418 ], [ -47.927754, -15.8021671 ], [ -47.9288804, -15.8028084 ], [ -47.9291181, -15.8029474 ], [ -47.9292254, -15.8030129 ], [ -47.929426, -15.8031353 ], [ -47.9298737, -15.8034046 ], [ -47.9299854, -15.8034642 ], [ -47.9302341, -15.803593 ], [ -47.9304085, -15.8036833 ], [ -47.930526, -15.8037302 ] ], [ [ -47.9304141, -15.8038982 ], [ -47.9304132, -15.8038619 ], [ -47.9304215, -15.8038265 ], [ -47.9304385, -15.8037941 ], [ -47.9304632, -15.8037666 ], [ -47.9304941, -15.8037458 ], [ -47.930526, -15.8037302 ] ], [ [ -47.930526, -15.8037302 ], [ -47.9305501, -15.8037237 ], [ -47.9305711, -15.8037222 ] ], [ [ -47.9305711, -15.8037222 ], [ -47.9306064, -15.8037247 ], [ -47.9306404, -15.8037345 ], [ -47.9306713, -15.8037511 ], [ -47.9306978, -15.8037738 ], [ -47.9307186, -15.8038014 ], [ -47.9307327, -15.8038327 ], [ -47.9307408, -15.80386 ] ], [ [ -47.9305711, -15.8037222 ], [ -47.9306164, -15.8036716 ], [ -47.9306941, -15.8035532 ], [ -47.9310349, -15.803034 ], [ -47.9312996, -15.8026293 ] ], [ [ -47.9312996, -15.8026293 ], [ -47.9313889, -15.8024927 ], [ -47.9315505, -15.8022538 ] ], [ [ -47.9315505, -15.8022538 ], [ -47.9316474, -15.80212 ], [ -47.9319153, -15.8017191 ], [ -47.9322036, -15.8012966 ] ], [ [ -47.9322036, -15.8012966 ], [ -47.9323967, -15.8010137 ], [ -47.9324385, -15.8009488 ], [ -47.9326817, -15.8006002 ] ], [ [ -47.9326817, -15.8006002 ], [ -47.9328094, -15.8004089 ] ], [ [ -47.9328094, -15.8004089 ], [ -47.932882, -15.8002947 ], [ -47.9329795, -15.8001415 ], [ -47.9330868, -15.7999383 ], [ -47.9332068, -15.7996718 ], [ -47.9332577, -15.799524 ], [ -47.933296, -15.7993595 ], [ -47.9333355, -15.7991324 ], [ -47.933351, -15.7990195 ], [ -47.933373, -15.7986215 ] ], [ [ -47.933373, -15.7986215 ], [ -47.9333684, -15.7978684 ], [ -47.9333692, -15.7978361 ] ], [ [ -47.9333692, -15.7978361 ], [ -47.9333798, -15.797418 ] ], [ [ -47.9333798, -15.797418 ], [ -47.9334214, -15.7973612 ], [ -47.9334482, -15.7973374 ], [ -47.9334737, -15.797329 ], [ -47.9335092, -15.7973361 ], [ -47.933538, -15.7973496 ] ], [ [ -47.889711, -15.7923742 ], [ -47.8892171, -15.7909659 ] ], [ [ -47.8892171, -15.7909659 ], [ -47.889059, -15.7905141 ], [ -47.8883978, -15.788529 ] ], [ [ -47.8883978, -15.788529 ], [ -47.8882391, -15.7879955 ], [ -47.888217, -15.7879214 ] ], [ [ -47.888217, -15.7879214 ], [ -47.8881995, -15.7878494 ], [ -47.8881863, -15.7877735 ], [ -47.8881566, -15.7876032 ] ], [ [ -47.8881566, -15.7876032 ], [ -47.8880794, -15.7872791 ], [ -47.8880517, -15.787157 ] ], [ [ -47.8880517, -15.787157 ], [ -47.8880333, -15.7870829 ], [ -47.8880173, -15.7870345 ], [ -47.8879942, -15.7869593 ], [ -47.8877822, -15.7862179 ], [ -47.8877728, -15.7861682 ] ], [ [ -47.8877728, -15.7861682 ], [ -47.8877306, -15.7857546 ] ], [ [ -47.8877306, -15.7857546 ], [ -47.8877241, -15.785622 ], [ -47.8877123, -15.7855296 ] ], [ [ -47.8877123, -15.7855296 ], [ -47.8876528, -15.7849403 ] ], [ [ -47.8876528, -15.7849403 ], [ -47.8876394, -15.7848435 ], [ -47.88763, -15.7847815 ], [ -47.8875442, -15.7838923 ], [ -47.8875107, -15.7835207 ] ], [ [ -47.8875107, -15.7835207 ], [ -47.8875086, -15.7834219 ], [ -47.887506, -15.7833039 ] ], [ [ -47.887506, -15.7833039 ], [ -47.8875125, -15.7830987 ], [ -47.8875335, -15.7824408 ] ], [ [ -47.8875335, -15.7824408 ], [ -47.88755, -15.7819205 ] ], [ [ -47.88755, -15.7819205 ], [ -47.8875568, -15.7813461 ], [ -47.887559, -15.7811569 ] ], [ [ -47.887559, -15.7811569 ], [ -47.8875949, -15.7807522 ], [ -47.8876019, -15.7806622 ], [ -47.8876086, -15.7805856 ] ], [ [ -47.8876086, -15.7805856 ], [ -47.8876488, -15.7798555 ], [ -47.8876663, -15.7795703 ], [ -47.8876964, -15.7790779 ], [ -47.8877293, -15.7785817 ], [ -47.8878273, -15.7776773 ], [ -47.8878412, -15.7775748 ], [ -47.8878576, -15.7774408 ], [ -47.8879673, -15.7764092 ] ], [ [ -47.8879673, -15.7764092 ], [ -47.8880085, -15.776022 ] ], [ [ -47.8880085, -15.776022 ], [ -47.8881079, -15.7751906 ], [ -47.8881172, -15.7751036 ], [ -47.888149, -15.7747754 ], [ -47.888192, -15.7744986 ] ], [ [ -47.888192, -15.7744986 ], [ -47.8883036, -15.7738065 ], [ -47.8884943, -15.7726818 ], [ -47.8885126, -15.7725598 ], [ -47.8885573, -15.7723457 ], [ -47.8886225, -15.7719445 ], [ -47.888668, -15.7717447 ], [ -47.888798, -15.7711747 ], [ -47.8888783, -15.7708358 ] ], [ [ -47.8888783, -15.7708358 ], [ -47.8889717, -15.7704416 ] ], [ [ -47.8889717, -15.7704416 ], [ -47.8891883, -15.7694746 ], [ -47.8892867, -15.7691217 ], [ -47.8893549, -15.7688352 ] ], [ [ -47.8893549, -15.7688352 ], [ -47.8895612, -15.7680946 ], [ -47.8898424, -15.7671033 ], [ -47.8900431, -15.7663746 ], [ -47.8901411, -15.7660628 ], [ -47.8902328, -15.76577 ], [ -47.890518, -15.764913 ] ], [ [ -47.890518, -15.764913 ], [ -47.8906549, -15.7645017 ] ], [ [ -47.8906549, -15.7645017 ], [ -47.8907852, -15.7641146 ], [ -47.890922, -15.763662 ], [ -47.8909517, -15.7635679 ], [ -47.8910651, -15.7632178 ], [ -47.8911667, -15.7629233 ] ], [ [ -47.8911667, -15.7629233 ], [ -47.8912484, -15.7626552 ], [ -47.891358, -15.7623171 ], [ -47.8920008, -15.7602762 ], [ -47.8920329, -15.760174 ], [ -47.8924869, -15.7587553 ] ], [ [ -47.8924869, -15.7587553 ], [ -47.8926454, -15.7582674 ] ], [ [ -47.8926454, -15.7582674 ], [ -47.8927349, -15.7579999 ], [ -47.8928193, -15.7577385 ], [ -47.8929261, -15.757408 ] ], [ [ -47.8929261, -15.757408 ], [ -47.8931516, -15.7567447 ] ], [ [ -47.8931516, -15.7567447 ], [ -47.8932198, -15.756504 ] ], [ [ -47.8932198, -15.756504 ], [ -47.893325, -15.7561445 ], [ -47.8940043, -15.7540052 ], [ -47.8940319, -15.7539197 ], [ -47.894457, -15.7526042 ] ], [ [ -47.894457, -15.7526042 ], [ -47.8945987, -15.7521656 ] ], [ [ -47.8945987, -15.7521656 ], [ -47.8949109, -15.751172 ] ], [ [ -47.8949109, -15.751172 ], [ -47.8951329, -15.7505248 ] ], [ [ -47.8951329, -15.7505248 ], [ -47.8953374, -15.7499145 ], [ -47.8960026, -15.7478168 ], [ -47.8964457, -15.7464231 ] ], [ [ -47.8964457, -15.7464231 ], [ -47.896604, -15.7459437 ] ], [ [ -47.896604, -15.7459437 ], [ -47.8967227, -15.7455669 ], [ -47.8968907, -15.7450185 ], [ -47.8969105, -15.7449615 ], [ -47.8970352, -15.744603 ], [ -47.8971244, -15.7443213 ] ], [ [ -47.8971244, -15.7443213 ], [ -47.8972286, -15.744005 ] ], [ [ -47.8972286, -15.744005 ], [ -47.8973681, -15.7436352 ], [ -47.8980282, -15.7415333 ], [ -47.8984932, -15.7400521 ] ], [ [ -47.8984932, -15.7400521 ], [ -47.898607, -15.7397021 ] ], [ [ -47.898607, -15.7397021 ], [ -47.8987431, -15.7392923 ], [ -47.898868, -15.738902 ], [ -47.8989509, -15.7386523 ], [ -47.8990456, -15.7383059 ], [ -47.8990574, -15.7382051 ] ], [ [ -47.8990574, -15.7382051 ], [ -47.899061, -15.7380413 ], [ -47.8990415, -15.7379182 ], [ -47.8990069, -15.7378299 ], [ -47.8989744, -15.7377491 ], [ -47.8988698, -15.7375581 ] ], [ [ -47.8988698, -15.7375581 ], [ -47.8986727, -15.7372612 ] ], [ [ -47.8986727, -15.7372612 ], [ -47.8984769, -15.7369862 ], [ -47.8980204, -15.7362744 ], [ -47.8978659, -15.7360357 ] ], [ [ -47.8978659, -15.7360357 ], [ -47.8978175, -15.7359662 ], [ -47.8977787, -15.7359124 ], [ -47.8976524, -15.7357292 ] ], [ [ -47.8976524, -15.7357292 ], [ -47.8974699, -15.7354672 ], [ -47.8974369, -15.7354198 ] ], [ [ -47.9307408, -15.80386 ], [ -47.9307427, -15.8038741 ], [ -47.9307367, -15.8039181 ], [ -47.9307262, -15.8039491 ], [ -47.9307092, -15.8039773 ], [ -47.9306865, -15.8040015 ], [ -47.930659, -15.8040206 ], [ -47.930628, -15.8040338 ] ], [ [ -47.930628, -15.8040338 ], [ -47.930598, -15.8040394 ] ], [ [ -47.930598, -15.8040394 ], [ -47.9305615, -15.8040402 ], [ -47.9305257, -15.8040332 ], [ -47.9304925, -15.8040187 ], [ -47.9304634, -15.8039975 ], [ -47.93044, -15.8039706 ], [ -47.9304234, -15.8039393 ] ], [ [ -47.9304234, -15.8039393 ], [ -47.9304141, -15.8038982 ] ], [ [ -47.9216734, -15.7988528 ], [ -47.9216436, -15.7988584 ], [ -47.9216132, -15.7988567 ], [ -47.9215921, -15.798851 ], [ -47.9215724, -15.7988419 ], [ -47.9215547, -15.7988295 ], [ -47.9215396, -15.7988142 ], [ -47.9215265, -15.7987947 ], [ -47.9215177, -15.798773 ] ], [ [ -47.9244398, -15.800432 ], [ -47.9244028, -15.8004433 ], [ -47.9243641, -15.8004454 ], [ -47.924326, -15.800438 ], [ -47.9242911, -15.8004217 ], [ -47.9242615, -15.8003975 ], [ -47.9242392, -15.8003669 ], [ -47.9242219, -15.8003091 ] ], [ [ -47.9270992, -15.8017595 ], [ -47.9271207, -15.8017604 ], [ -47.9271418, -15.8017649 ], [ -47.9271617, -15.801773 ], [ -47.9271798, -15.8017844 ], [ -47.9271954, -15.8017987 ], [ -47.9272082, -15.8018154 ], [ -47.9272176, -15.8018341 ] ], [ [ -47.9336433, -15.79784 ], [ -47.9336802, -15.7979 ], [ -47.9337258, -15.7979619 ], [ -47.9343126, -15.7983486 ], [ -47.9345717, -15.7985002 ], [ -47.9346173, -15.7985267 ], [ -47.9348564, -15.7986859 ], [ -47.9349403, -15.7987355 ], [ -47.9351399, -15.798865 ], [ -47.93535, -15.7989953 ], [ -47.9362166, -15.7995674 ], [ -47.9363347, -15.7996497 ] ], [ [ -47.9363347, -15.7996497 ], [ -47.9365648, -15.7997767 ], [ -47.9365739, -15.7997824 ] ], [ [ -47.9365739, -15.7997824 ], [ -47.9369372, -15.8000112 ], [ -47.9372351, -15.8001798 ], [ -47.937458, -15.800323 ], [ -47.9375372, -15.8003793 ], [ -47.9378148, -15.8005686 ], [ -47.9381213, -15.8007732 ], [ -47.938533, -15.8010261 ], [ -47.9387073, -15.8011326 ], [ -47.9391821, -15.8014364 ], [ -47.9392786, -15.8014958 ], [ -47.9394476, -15.8015997 ], [ -47.9397172, -15.8017545 ], [ -47.9397679, -15.8017804 ], [ -47.9402711, -15.8021281 ], [ -47.9403408, -15.802163 ], [ -47.9404253, -15.8021907 ] ], [ [ -47.9404253, -15.8021907 ], [ -47.9405636, -15.8020811 ] ], [ [ -47.9405636, -15.8020811 ], [ -47.9407565, -15.8019242 ], [ -47.9408017, -15.8018974 ], [ -47.9411267, -15.8017049 ], [ -47.9411803, -15.8016745 ], [ -47.9416323, -15.8014881 ], [ -47.9419427, -15.8013958 ], [ -47.9421258, -15.8013409 ], [ -47.9421754, -15.8013261 ], [ -47.9425159, -15.80122 ], [ -47.942964, -15.8010745 ], [ -47.9433844, -15.8009351 ], [ -47.9437767, -15.8008254 ], [ -47.9440404, -15.8007325 ], [ -47.9442152, -15.8006777 ] ], [ [ -47.9442152, -15.8006777 ], [ -47.9444376, -15.800612 ], [ -47.9446229, -15.8005461 ], [ -47.9448724, -15.800466 ], [ -47.9449877, -15.8004364 ], [ -47.9453141, -15.8003314 ], [ -47.9456958, -15.8002073 ], [ -47.945728, -15.8001815 ], [ -47.9457468, -15.8001499 ], [ -47.9457495, -15.8001112 ], [ -47.9457407, -15.7999505 ], [ -47.9456918, -15.7993924 ] ], [ [ -47.9456918, -15.7993924 ], [ -47.9451813, -15.7979662 ] ], [ [ -47.9451813, -15.7979662 ], [ -47.9449408, -15.7975845 ], [ -47.9448831, -15.797449 ], [ -47.9447316, -15.7970502 ], [ -47.9446833, -15.796836 ], [ -47.9446632, -15.7966483 ], [ -47.9446106, -15.7964087 ], [ -47.9446491, -15.7963211 ] ], [ [ -47.9446491, -15.7963211 ], [ -47.944257, -15.7951212 ] ], [ [ -47.944257, -15.7951212 ], [ -47.9441354, -15.7947493 ] ], [ [ -47.9441354, -15.7947493 ], [ -47.9437036, -15.7935363 ] ], [ [ -47.9437036, -15.7935363 ], [ -47.9435997, -15.7931927 ] ], [ [ -47.9435997, -15.7931927 ], [ -47.9434856, -15.792827 ] ], [ [ -47.9434856, -15.792827 ], [ -47.9433662, -15.7924734 ] ], [ [ -47.9433662, -15.7924734 ], [ -47.9431703, -15.7918923 ], [ -47.9431679, -15.7918871 ], [ -47.9431604, -15.791863 ], [ -47.9428935, -15.791073 ] ], [ [ -47.9428935, -15.791073 ], [ -47.9426281, -15.7902877 ] ], [ [ -47.9426281, -15.7902877 ], [ -47.9422619, -15.7899242 ], [ -47.9422366, -15.7899023 ], [ -47.9421821, -15.7898642 ], [ -47.9421335, -15.78984 ] ], [ [ -47.9421335, -15.78984 ], [ -47.9419818, -15.7897915 ], [ -47.94181, -15.7897365 ] ], [ [ -47.94181, -15.7897365 ], [ -47.9416044, -15.7896545 ], [ -47.9414633, -15.7896118 ], [ -47.941071, -15.7894932 ], [ -47.9408578, -15.7894249 ] ], [ [ -47.9408578, -15.7894249 ], [ -47.9408315, -15.7894212 ] ], [ [ -47.9408315, -15.7894212 ], [ -47.9406434, -15.7893573 ], [ -47.9404471, -15.7892619 ] ], [ [ -47.9404471, -15.7892619 ], [ -47.940337, -15.7892251 ], [ -47.9401269, -15.7891448 ], [ -47.939868, -15.7890506 ], [ -47.9396541, -15.7889744 ], [ -47.9393933, -15.7888847 ], [ -47.9391928, -15.7888209 ], [ -47.9389323, -15.7887325 ], [ -47.9387422, -15.7886712 ], [ -47.9384599, -15.7885679 ], [ -47.9382661, -15.7885008 ], [ -47.9380146, -15.7884202 ], [ -47.9378068, -15.788353 ], [ -47.9375446, -15.7882569 ] ], [ [ -47.9375446, -15.7882569 ], [ -47.9373314, -15.7881808 ], [ -47.9370752, -15.7880607 ], [ -47.9368539, -15.7879601 ], [ -47.9365602, -15.7878001 ], [ -47.9363443, -15.7876839 ], [ -47.9360318, -15.7874865 ], [ -47.9358575, -15.7873845 ], [ -47.9356805, -15.7872593 ], [ -47.9356094, -15.7872077 ], [ -47.9355129, -15.7871393 ], [ -47.9354022, -15.7870446 ], [ -47.9349576, -15.7866683 ], [ -47.934908, -15.7866205 ], [ -47.9347879, -15.7865024 ], [ -47.9345667, -15.7862443 ], [ -47.9344258, -15.7860695 ], [ -47.9341891, -15.7856307 ], [ -47.9340403, -15.7852913 ], [ -47.9339504, -15.7850358 ], [ -47.9339156, -15.7847783 ] ], [ [ -47.9339156, -15.7847783 ], [ -47.9338297, -15.7843273 ] ], [ [ -47.9339739, -15.7843182 ], [ -47.9339316, -15.7843382 ], [ -47.9338921, -15.7843447 ], [ -47.9338559, -15.7843415 ], [ -47.9338297, -15.7843273 ], [ -47.9338116, -15.7842924 ], [ -47.9338083, -15.7842085 ], [ -47.933811, -15.7841634 ], [ -47.9338338, -15.7841156 ], [ -47.9338713, -15.7840847 ], [ -47.9339283, -15.7840814 ], [ -47.9339632, -15.7840969 ], [ -47.933996, -15.7841195 ], [ -47.9340027, -15.7841595 ], [ -47.934, -15.7842253 ], [ -47.9339893, -15.7842756 ], [ -47.9339739, -15.7843182 ] ], [ [ -47.9338713, -15.7840847 ], [ -47.9339223, -15.7839298 ], [ -47.9339612, -15.7838472 ], [ -47.9340054, -15.7837065 ], [ -47.9340316, -15.7836458 ], [ -47.9340792, -15.7835555 ] ], [ [ -47.9340792, -15.7835555 ], [ -47.9341616, -15.7832806 ], [ -47.9342535, -15.7830045 ], [ -47.934338, -15.7827747 ], [ -47.9344681, -15.7824211 ], [ -47.9345512, -15.7822366 ], [ -47.9347055, -15.7818959 ] ], [ [ -47.9370967, -15.7824876 ], [ -47.9371858, -15.7825405 ], [ -47.9372509, -15.7825954 ], [ -47.9373213, -15.7826663 ], [ -47.9373883, -15.7827476 ], [ -47.9375265, -15.7829883 ], [ -47.9376881, -15.7833013 ] ], [ [ -47.9376881, -15.7833013 ], [ -47.937766, -15.7835271 ], [ -47.9378048, -15.7836342 ], [ -47.9379717, -15.7841233 ], [ -47.9380357, -15.7843151 ], [ -47.9381166, -15.7845512 ], [ -47.9382031, -15.7847886 ], [ -47.9383694, -15.7852929 ], [ -47.9384047, -15.7853833 ] ], [ [ -47.9384047, -15.7853833 ], [ -47.9384073, -15.7854458 ], [ -47.9383912, -15.7854878 ], [ -47.9383643, -15.7855139 ], [ -47.9383405, -15.7855292 ], [ -47.9383185, -15.7855391 ], [ -47.9382856, -15.78555 ] ], [ [ -47.9382856, -15.78555 ], [ -47.9376861, -15.7854403 ], [ -47.937554, -15.7853861 ], [ -47.9374661, -15.7853281 ], [ -47.9373997, -15.7852422 ], [ -47.9373515, -15.7851022 ], [ -47.9372325, -15.7847664 ], [ -47.9371262, -15.7844666 ], [ -47.9370531, -15.784266 ], [ -47.9370403, -15.7841905 ], [ -47.9370416, -15.7840973 ], [ -47.9370786, -15.7839466 ], [ -47.9370913, -15.7839119 ], [ -47.9371168, -15.783842 ], [ -47.9371525, -15.7837114 ], [ -47.9372021, -15.7835297 ], [ -47.937277, -15.7832619 ], [ -47.9373079, -15.7831167 ], [ -47.9373056, -15.783051 ], [ -47.9373032, -15.7829832 ], [ -47.9372784, -15.7828535 ], [ -47.9372536, -15.7827618 ], [ -47.9372207, -15.7826896 ], [ -47.937163, -15.7825947 ], [ -47.9370967, -15.7824876 ] ], [ [ -47.9340792, -15.7835555 ], [ -47.9340725, -15.7836568 ], [ -47.93406, -15.7837382 ], [ -47.934037, -15.7838615 ], [ -47.933996, -15.7841195 ] ], [ [ -47.9339739, -15.7843182 ], [ -47.9339316, -15.7843382 ], [ -47.9338921, -15.7843447 ], [ -47.9338559, -15.7843415 ], [ -47.9338297, -15.7843273 ], [ -47.9338116, -15.7842924 ], [ -47.9338083, -15.7842085 ], [ -47.933811, -15.7841634 ], [ -47.9338338, -15.7841156 ], [ -47.9338713, -15.7840847 ], [ -47.9339283, -15.7840814 ], [ -47.9339632, -15.7840969 ], [ -47.933996, -15.7841195 ], [ -47.9340027, -15.7841595 ], [ -47.934, -15.7842253 ], [ -47.9339893, -15.7842756 ], [ -47.9339739, -15.7843182 ] ], [ [ -47.9338116, -15.7842924 ], [ -47.9337708, -15.7842621 ], [ -47.9337231, -15.7842382 ], [ -47.9335883, -15.7841995 ] ], [ [ -47.9335883, -15.7841995 ], [ -47.9333617, -15.7841801 ], [ -47.9331507, -15.7841748 ], [ -47.9329562, -15.7841699 ], [ -47.93273, -15.7841659 ], [ -47.9324042, -15.7841552 ], [ -47.9323263, -15.7841556 ], [ -47.9319401, -15.7841427 ], [ -47.931804, -15.7841393 ], [ -47.931688, -15.7841354 ], [ -47.9314459, -15.7841305 ], [ -47.9313594, -15.7841318 ] ], [ [ -47.9313594, -15.7841318 ], [ -47.9312873, -15.7841521 ], [ -47.9309624, -15.7841595 ], [ -47.9309054, -15.7841763 ], [ -47.9308209, -15.7842634 ], [ -47.9307874, -15.7843156 ] ], [ [ -47.9307874, -15.7843156 ], [ -47.9309812, -15.784948 ] ], [ [ -47.9309812, -15.784948 ], [ -47.9316056, -15.7868242 ], [ -47.9317349, -15.7872 ], [ -47.9317486, -15.7872397 ], [ -47.9319489, -15.7878286 ], [ -47.9320039, -15.7879902 ], [ -47.9322233, -15.7884818 ], [ -47.9324725, -15.7890402 ] ], [ [ -47.9324725, -15.7890402 ], [ -47.9326247, -15.7895074 ] ], [ [ -47.9326247, -15.7895074 ], [ -47.9328343, -15.7900806 ] ], [ [ -47.9328343, -15.7900806 ], [ -47.9330265, -15.7906421 ], [ -47.9330955, -15.7908437 ] ], [ [ -47.9330955, -15.7908437 ], [ -47.9332772, -15.7914457 ] ], [ [ -47.9332772, -15.7914457 ], [ -47.9333778, -15.7917516 ] ], [ [ -47.9333778, -15.7917516 ], [ -47.9335147, -15.7922347 ], [ -47.9335508, -15.7925826 ], [ -47.9335977, -15.7930614 ] ], [ [ -47.9335977, -15.7930614 ], [ -47.9335957, -15.7932608 ], [ -47.9335937, -15.7934621 ], [ -47.9335921, -15.7934886 ], [ -47.9335842, -15.7936186 ], [ -47.9335806, -15.793677 ] ], [ [ -47.9335806, -15.793677 ], [ -47.9335608, -15.7940022 ] ], [ [ -47.9335608, -15.7940022 ], [ -47.9335575, -15.7941196 ] ], [ [ -47.9335575, -15.7941196 ], [ -47.933606, -15.7941758 ], [ -47.9337016, -15.7942867 ], [ -47.9337949, -15.7944009 ], [ -47.9338217, -15.7944616 ], [ -47.9338284, -15.7945532 ], [ -47.933819, -15.7950119 ], [ -47.9338123, -15.7953378 ] ], [ [ -47.9338123, -15.7953378 ], [ -47.9338123, -15.7956901 ], [ -47.9338123, -15.7957649 ], [ -47.9337922, -15.7958411 ], [ -47.9336029, -15.7960445 ], [ -47.9335508, -15.7961005 ] ], [ [ -47.9335508, -15.7961005 ], [ -47.9335454, -15.7966579 ], [ -47.9335327, -15.7972406 ], [ -47.933538, -15.7973496 ] ], [ [ -47.933538, -15.7973496 ], [ -47.9336433, -15.79784 ] ], [ [ -47.9336433, -15.79784 ], [ -47.9336559, -15.7980535 ] ], [ [ -47.9336559, -15.7980535 ], [ -47.9336594, -15.7981542 ], [ -47.9336384, -15.7983808 ] ], [ [ -47.9336384, -15.7983808 ], [ -47.9335886, -15.798653 ] ], [ [ -47.9335886, -15.798653 ], [ -47.9334931, -15.7992556 ], [ -47.9334435, -15.7994827 ], [ -47.9333644, -15.7996982 ], [ -47.9333047, -15.7998608 ], [ -47.9331954, -15.800095 ], [ -47.9331189, -15.8002202 ], [ -47.9330158, -15.8003765 ], [ -47.932952, -15.8004731 ], [ -47.9327709, -15.8007383 ], [ -47.9325758, -15.8010351 ], [ -47.9323518, -15.8013784 ], [ -47.932211, -15.8015603 ], [ -47.9320521, -15.8017971 ] ], [ [ -47.9320521, -15.8017971 ], [ -47.9317879, -15.8021752 ] ], [ [ -47.9317879, -15.8021752 ], [ -47.9316558, -15.8023804 ], [ -47.9314862, -15.8026343 ], [ -47.9311267, -15.8031727 ], [ -47.9311002, -15.8032155 ], [ -47.9308538, -15.803614 ], [ -47.9307842, -15.8037709 ], [ -47.9307408, -15.80386 ] ], [ [ -47.8990574, -15.7382051 ], [ -47.899061, -15.7380413 ], [ -47.8990415, -15.7379182 ], [ -47.8990069, -15.7378299 ], [ -47.8989744, -15.7377491 ], [ -47.8988698, -15.7375581 ] ], [ [ -47.8988698, -15.7375581 ], [ -47.8986727, -15.7372612 ] ], [ [ -47.8986727, -15.7372612 ], [ -47.8984769, -15.7369862 ], [ -47.8980204, -15.7362744 ], [ -47.8978659, -15.7360357 ] ], [ [ -47.8978659, -15.7360357 ], [ -47.8978175, -15.7359662 ], [ -47.8977787, -15.7359124 ], [ -47.8976524, -15.7357292 ] ], [ [ -47.8976524, -15.7357292 ], [ -47.8974699, -15.7354672 ], [ -47.8974369, -15.7354198 ] ], [ [ -47.8974369, -15.7354198 ], [ -47.8974241, -15.735321 ], [ -47.8974295, -15.7352629 ], [ -47.8974643, -15.7351661 ], [ -47.8975314, -15.7350745 ], [ -47.8976628, -15.7350099 ], [ -47.8977969, -15.7349893 ], [ -47.8979123, -15.7350074 ], [ -47.898148, -15.7351283 ] ], [ [ -47.9347055, -15.7818959 ], [ -47.9348197, -15.781764 ], [ -47.9350162, -15.7815285 ], [ -47.9351261, -15.7814414 ], [ -47.9353454, -15.7813453 ], [ -47.9355229, -15.78133 ], [ -47.9357491, -15.7813646 ], [ -47.9359831, -15.7815214 ], [ -47.9362638, -15.7817346 ], [ -47.9363458, -15.7818091 ], [ -47.9365481, -15.7819927 ], [ -47.9368258, -15.7822069 ], [ -47.9370967, -15.7824876 ] ] ] } },
{ "type": "Feature", "properties": { "id_osm": 3544584, "nome": "Linha 090", "ref": "090" }, "geometry": { "type": "MultiLineString", "coordinates": [ [ [ -47.9870051, -15.8323998 ], [ -47.9871956, -15.8312928 ], [ -47.9871982, -15.8312747 ], [ -47.9873243, -15.8303986 ], [ -47.98735, -15.8300608 ], [ -47.9873324, -15.8297328 ], [ -47.9872398, -15.8293432 ], [ -47.9871232, -15.8291298 ], [ -47.9869716, -15.8289174 ], [ -47.9868308, -15.8287587 ], [ -47.9866788, -15.8286264 ], [ -47.9863292, -15.8283839 ] ], [ [ -47.9869662, -15.8325845 ], [ -47.9870051, -15.8323998 ] ], [ [ -47.9868664, -15.8330577 ], [ -47.986898, -15.8329076 ], [ -47.9869662, -15.8325845 ] ], [ [ -47.9866795, -15.8340078 ], [ -47.986739, -15.8337163 ], [ -47.9867836, -15.8335343 ], [ -47.9868664, -15.8330577 ] ], [ [ -47.9836135, -15.840882 ], [ -47.9837171, -15.8406883 ], [ -47.9837546, -15.8406048 ], [ -47.9842002, -15.8397094 ], [ -47.9846388, -15.8388953 ], [ -47.9847542, -15.8386738 ], [ -47.984966, -15.8383008 ], [ -47.9850822, -15.8380962 ], [ -47.9851987, -15.8378909 ], [ -47.9854622, -15.8373677 ], [ -47.9856959, -15.8368465 ], [ -47.9860416, -15.8360395 ], [ -47.9861321, -15.8358143 ], [ -47.9862075, -15.835594 ], [ -47.9863179, -15.8352717 ], [ -47.9864875, -15.8347421 ], [ -47.9866795, -15.8340078 ] ], [ [ -47.9834781, -15.8411196 ], [ -47.9836135, -15.840882 ] ], [ [ -47.9827289, -15.8425183 ], [ -47.9828457, -15.8422807 ], [ -47.9830421, -15.8419472 ], [ -47.9833358, -15.8413905 ], [ -47.9834781, -15.8411196 ] ], [ [ -47.9826359, -15.8426872 ], [ -47.9827289, -15.8425183 ] ], [ [ -47.9776155, -15.8464105 ], [ -47.9779373, -15.8463247 ], [ -47.978346, -15.8462076 ], [ -47.9786718, -15.8461002 ], [ -47.9789661, -15.8459825 ], [ -47.9790846, -15.8459351 ], [ -47.9792945, -15.8458386 ], [ -47.9793826, -15.8457996 ], [ -47.9796613, -15.845659 ], [ -47.9799252, -15.8455084 ], [ -47.9800609, -15.8454229 ], [ -47.9803066, -15.8452678 ], [ -47.980416, -15.8451904 ], [ -47.9806899, -15.8449965 ], [ -47.9810916, -15.8446646 ], [ -47.9812408, -15.8445275 ], [ -47.9815395, -15.8442327 ], [ -47.9816937, -15.8440531 ], [ -47.9820156, -15.8436554 ], [ -47.9822617, -15.8433161 ], [ -47.9822992, -15.8432587 ], [ -47.9824863, -15.8429536 ], [ -47.9825028, -15.8429296 ], [ -47.9826359, -15.8426872 ] ], [ [ -47.9771545, -15.8465015 ], [ -47.9776155, -15.8464105 ] ], [ [ -47.9743754, -15.8464479 ], [ -47.9749932, -15.8465163 ], [ -47.9752624, -15.8465453 ], [ -47.9753996, -15.8465556 ], [ -47.9759088, -15.846564 ], [ -47.9761932, -15.8465627 ], [ -47.9765144, -15.846557 ], [ -47.9766912, -15.8465433 ], [ -47.9768601, -15.8465302 ], [ -47.9771545, -15.8465015 ] ], [ [ -47.9710206, -15.8460341 ], [ -47.9717939, -15.8461253 ], [ -47.9733629, -15.8463237 ], [ -47.9734726, -15.8463374 ], [ -47.9739154, -15.8463925 ], [ -47.9743754, -15.8464479 ] ], [ [ -47.9707021, -15.8459916 ], [ -47.9710206, -15.8460341 ] ], [ [ -47.9673842, -15.8454229 ], [ -47.9677899, -15.8455997 ], [ -47.9679722, -15.8456519 ], [ -47.9680458, -15.845668 ], [ -47.968166, -15.8456932 ], [ -47.9687876, -15.8457641 ], [ -47.9702752, -15.8459359 ], [ -47.9707021, -15.8459916 ] ], [ [ -47.9671884, -15.8453055 ], [ -47.9673842, -15.8454229 ] ], [ [ -47.9662255, -15.8423872 ], [ -47.9661928, -15.8426033 ], [ -47.9661403, -15.8430123 ], [ -47.9661269, -15.8432297 ], [ -47.9661211, -15.8433803 ], [ -47.9661262, -15.8434509 ], [ -47.9661376, -15.8436264 ], [ -47.9661856, -15.8438773 ], [ -47.9662214, -15.8440476 ], [ -47.9662878, -15.8442147 ], [ -47.9663877, -15.8443979 ], [ -47.966556, -15.8446779 ], [ -47.9666854, -15.8448482 ], [ -47.9668497, -15.8450243 ], [ -47.967008, -15.8451572 ], [ -47.9671884, -15.8453055 ] ], [ [ -47.9669785, -15.8372497 ], [ -47.9668745, -15.8374851 ], [ -47.9668122, -15.8376825 ], [ -47.9667693, -15.8379122 ], [ -47.9667384, -15.8381464 ], [ -47.9667022, -15.838556 ], [ -47.9666312, -15.8391221 ], [ -47.9666043, -15.8393562 ], [ -47.9665507, -15.8397558 ], [ -47.9665412, -15.8398936 ], [ -47.966499, -15.8402294 ], [ -47.9664346, -15.8407384 ], [ -47.9663737, -15.8412112 ], [ -47.9662964, -15.8418449 ], [ -47.9662255, -15.8423872 ] ], [ [ -47.9675595, -15.8365369 ], [ -47.9672884, -15.8368152 ], [ -47.9671676, -15.8369563 ], [ -47.9669785, -15.8372497 ] ], [ [ -47.9743163, -15.8289787 ], [ -47.9743123, -15.8291645 ], [ -47.9743297, -15.8294658 ], [ -47.9743814, -15.8298193 ], [ -47.9745229, -15.8308038 ], [ -47.9746663, -15.8317566 ], [ -47.9747234, -15.832134 ], [ -47.9747857, -15.8325907 ], [ -47.9748352, -15.8329465 ], [ -47.9749299, -15.83359 ], [ -47.9749466, -15.8337919 ], [ -47.9749461, -15.8338545 ], [ -47.9749444, -15.834067 ], [ -47.9749299, -15.8343016 ], [ -47.974893, -15.8344422 ], [ -47.9747704, -15.8347508 ], [ -47.9746831, -15.8349415 ], [ -47.9745819, -15.8351105 ], [ -47.9744585, -15.8352828 ], [ -47.9743519, -15.8354176 ], [ -47.9741936, -15.8355937 ], [ -47.974142, -15.8356453 ], [ -47.9740541, -15.8357182 ], [ -47.9738758, -15.8358356 ], [ -47.97368, -15.8359479 ], [ -47.9734331, -15.8360608 ], [ -47.9730691, -15.8361904 ], [ -47.9728038, -15.836252 ], [ -47.9726192, -15.836282 ], [ -47.9724006, -15.8362866 ], [ -47.9720289, -15.8362487 ], [ -47.9700818, -15.8360117 ], [ -47.9695581, -15.8359492 ], [ -47.9691973, -15.8359259 ], [ -47.9689385, -15.8359285 ], [ -47.9687152, -15.8359608 ], [ -47.9683657, -15.8360654 ], [ -47.9678294, -15.8363266 ], [ -47.9675595, -15.8365369 ] ], [ [ -47.9743566, -15.8284058 ], [ -47.9743358, -15.8285819 ], [ -47.9743167, -15.828829 ], [ -47.9743163, -15.8289787 ] ], [ [ -47.9744992, -15.8279631 ], [ -47.9744199, -15.8281714 ], [ -47.9743847, -15.8282846 ], [ -47.9743566, -15.8284058 ] ], [ [ -47.9747414, -15.8275839 ], [ -47.9745933, -15.8277975 ], [ -47.9744992, -15.8279631 ] ], [ [ -47.9774207, -15.8247201 ], [ -47.9772111, -15.8248073 ], [ -47.9771139, -15.8248544 ], [ -47.9769248, -15.8249557 ], [ -47.9767639, -15.8250796 ], [ -47.9766157, -15.8252189 ], [ -47.9764988, -15.8253392 ], [ -47.9758111, -15.8262415 ], [ -47.9753483, -15.8268233 ], [ -47.9747414, -15.8275839 ] ], [ [ -47.9777368, -15.8246705 ], [ -47.9775196, -15.8246899 ], [ -47.9774207, -15.8247201 ] ], [ [ -47.9799248, -15.8255305 ], [ -47.9797337, -15.8254395 ], [ -47.9796016, -15.8253724 ], [ -47.9793365, -15.8252215 ], [ -47.9792979, -15.8251995 ], [ -47.9791396, -15.8251008 ], [ -47.9789659, -15.8250118 ], [ -47.978805, -15.8249351 ], [ -47.9785382, -15.8248199 ], [ -47.9783819, -15.8247498 ], [ -47.978229, -15.824704 ], [ -47.9780909, -15.8246797 ], [ -47.9778924, -15.8246621 ], [ -47.9777368, -15.8246705 ] ], [ [ -47.9804733, -15.8257808 ], [ -47.9799248, -15.8255305 ] ], [ [ -47.9839825, -15.8272471 ], [ -47.9837768, -15.8271481 ], [ -47.983421, -15.8270092 ], [ -47.9830744, -15.8268572 ], [ -47.9827306, -15.8267065 ], [ -47.9827056, -15.8266956 ], [ -47.982593, -15.826646 ], [ -47.9823643, -15.8265459 ], [ -47.9820673, -15.8264106 ], [ -47.9818704, -15.8263231 ], [ -47.9814892, -15.826175 ], [ -47.98127, -15.8261034 ], [ -47.9811174, -15.8260578 ], [ -47.9810822, -15.8260473 ], [ -47.9809601, -15.8260034 ], [ -47.980879, -15.8259737 ], [ -47.9806571, -15.8258679 ], [ -47.9804733, -15.8257808 ] ], [ [ -47.9841225, -15.8273143 ], [ -47.9839825, -15.8272471 ] ], [ [ -47.9845486, -15.8275043 ], [ -47.9841225, -15.8273143 ] ], [ [ -47.9847774, -15.8276101 ], [ -47.9845486, -15.8275043 ] ], [ [ -47.9863292, -15.8283839 ], [ -47.9860617, -15.8282336 ], [ -47.9858498, -15.8281162 ], [ -47.9850653, -15.8277433 ], [ -47.9847774, -15.8276101 ] ] ] } },
{ "type": "Feature", "properties": { "id_osm": 3560036, "nome": "116.1 - Circular Rodoviária do Plano Piloto/W3-L2 Norte/Esplanada", "ref": "116.1" }, "geometry": { "type": "MultiLineString", "coordinates": [ [ [ -47.8877728, -15.7861682 ], [ -47.8877306, -15.7857546 ] ], [ [ -47.8877306, -15.7857546 ], [ -47.8877241, -15.785622 ], [ -47.8877123, -15.7855296 ] ], [ [ -47.8877123, -15.7855296 ], [ -47.8876528, -15.7849403 ] ], [ [ -47.8876528, -15.7849403 ], [ -47.8876394, -15.7848435 ], [ -47.88763, -15.7847815 ], [ -47.8875442, -15.7838923 ], [ -47.8875107, -15.7835207 ] ], [ [ -47.8875107, -15.7835207 ], [ -47.8875086, -15.7834219 ], [ -47.887506, -15.7833039 ] ], [ [ -47.887506, -15.7833039 ], [ -47.8875125, -15.7830987 ], [ -47.8875335, -15.7824408 ] ], [ [ -47.8875335, -15.7824408 ], [ -47.88755, -15.7819205 ] ], [ [ -47.88755, -15.7819205 ], [ -47.8875568, -15.7813461 ], [ -47.887559, -15.7811569 ] ], [ [ -47.887559, -15.7811569 ], [ -47.8875949, -15.7807522 ], [ -47.8876019, -15.7806622 ], [ -47.8876086, -15.7805856 ] ], [ [ -47.8876086, -15.7805856 ], [ -47.8876488, -15.7798555 ], [ -47.8876663, -15.7795703 ], [ -47.8876964, -15.7790779 ], [ -47.8877293, -15.7785817 ], [ -47.8878273, -15.7776773 ], [ -47.8878412, -15.7775748 ], [ -47.8878576, -15.7774408 ], [ -47.8879673, -15.7764092 ] ], [ [ -47.8879673, -15.7764092 ], [ -47.8880085, -15.776022 ] ], [ [ -47.8880085, -15.776022 ], [ -47.8881079, -15.7751906 ], [ -47.8881172, -15.7751036 ], [ -47.888149, -15.7747754 ], [ -47.888192, -15.7744986 ] ], [ [ -47.888192, -15.7744986 ], [ -47.8883036, -15.7738065 ], [ -47.8884943, -15.7726818 ], [ -47.8885126, -15.7725598 ], [ -47.8885573, -15.7723457 ], [ -47.8886225, -15.7719445 ], [ -47.888668, -15.7717447 ], [ -47.888798, -15.7711747 ], [ -47.8888783, -15.7708358 ] ], [ [ -47.8888783, -15.7708358 ], [ -47.8889717, -15.7704416 ] ], [ [ -47.8889717, -15.7704416 ], [ -47.8891883, -15.7694746 ], [ -47.8892867, -15.7691217 ], [ -47.8893549, -15.7688352 ] ], [ [ -47.8893549, -15.7688352 ], [ -47.8895612, -15.7680946 ], [ -47.8898424, -15.7671033 ], [ -47.8900431, -15.7663746 ], [ -47.8901411, -15.7660628 ], [ -47.8902328, -15.76577 ], [ -47.890518, -15.764913 ] ], [ [ -47.890518, -15.764913 ], [ -47.8906549, -15.7645017 ] ], [ [ -47.8906549, -15.7645017 ], [ -47.8907852, -15.7641146 ], [ -47.890922, -15.763662 ], [ -47.8909517, -15.7635679 ], [ -47.8910651, -15.7632178 ], [ -47.8911667, -15.7629233 ] ], [ [ -47.8911667, -15.7629233 ], [ -47.8912484, -15.7626552 ], [ -47.891358, -15.7623171 ], [ -47.8920008, -15.7602762 ], [ -47.8920329, -15.760174 ], [ -47.8924869, -15.7587553 ] ], [ [ -47.8924869, -15.7587553 ], [ -47.8926454, -15.7582674 ] ], [ [ -47.8926454, -15.7582674 ], [ -47.8927349, -15.7579999 ], [ -47.8928193, -15.7577385 ], [ -47.8929261, -15.757408 ] ], [ [ -47.8929261, -15.757408 ], [ -47.8931516, -15.7567447 ] ], [ [ -47.8931516, -15.7567447 ], [ -47.8932198, -15.756504 ] ], [ [ -47.8932198, -15.756504 ], [ -47.893325, -15.7561445 ], [ -47.8940043, -15.7540052 ], [ -47.8940319, -15.7539197 ], [ -47.894457, -15.7526042 ] ], [ [ -47.894457, -15.7526042 ], [ -47.8945987, -15.7521656 ] ], [ [ -47.8945987, -15.7521656 ], [ -47.8949109, -15.751172 ] ], [ [ -47.8949109, -15.751172 ], [ -47.8951329, -15.7505248 ] ], [ [ -47.8951329, -15.7505248 ], [ -47.8953374, -15.7499145 ], [ -47.8960026, -15.7478168 ], [ -47.8964457, -15.7464231 ] ], [ [ -47.8964457, -15.7464231 ], [ -47.896604, -15.7459437 ] ], [ [ -47.896604, -15.7459437 ], [ -47.8967227, -15.7455669 ], [ -47.8968907, -15.7450185 ], [ -47.8969105, -15.7449615 ], [ -47.8970352, -15.744603 ], [ -47.8971244, -15.7443213 ] ], [ [ -47.8971244, -15.7443213 ], [ -47.8972286, -15.744005 ] ], [ [ -47.8972286, -15.744005 ], [ -47.8973681, -15.7436352 ], [ -47.8980282, -15.7415333 ], [ -47.8984932, -15.7400521 ] ], [ [ -47.8984932, -15.7400521 ], [ -47.898607, -15.7397021 ] ], [ [ -47.898607, -15.7397021 ], [ -47.8987431, -15.7392923 ], [ -47.898868, -15.738902 ], [ -47.8989509, -15.7386523 ], [ -47.8990456, -15.7383059 ], [ -47.8990574, -15.7382051 ] ], [ [ -47.8976524, -15.7357292 ], [ -47.8974699, -15.7354672 ], [ -47.8974369, -15.7354198 ] ], [ [ -47.8978659, -15.7360357 ], [ -47.8978175, -15.7359662 ], [ -47.8977787, -15.7359124 ], [ -47.8976524, -15.7357292 ] ], [ [ -47.8986727, -15.7372612 ], [ -47.8984769, -15.7369862 ], [ -47.8980204, -15.7362744 ], [ -47.8978659, -15.7360357 ] ], [ [ -47.8988698, -15.7375581 ], [ -47.8986727, -15.7372612 ] ], [ [ -47.8990574, -15.7382051 ], [ -47.899061, -15.7380413 ], [ -47.8990415, -15.7379182 ], [ -47.8990069, -15.7378299 ], [ -47.8989744, -15.7377491 ], [ -47.8988698, -15.7375581 ] ], [ [ -47.8990574, -15.7382051 ], [ -47.899061, -15.7380413 ], [ -47.8990415, -15.7379182 ], [ -47.8990069, -15.7378299 ], [ -47.8989744, -15.7377491 ], [ -47.8988698, -15.7375581 ] ], [ [ -47.8988698, -15.7375581 ], [ -47.8986727, -15.7372612 ] ], [ [ -47.8986727, -15.7372612 ], [ -47.8984769, -15.7369862 ], [ -47.8980204, -15.7362744 ], [ -47.8978659, -15.7360357 ] ], [ [ -47.8978659, -15.7360357 ], [ -47.8978175, -15.7359662 ], [ -47.8977787, -15.7359124 ], [ -47.8976524, -15.7357292 ] ], [ [ -47.8976524, -15.7357292 ], [ -47.8974699, -15.7354672 ], [ -47.8974369, -15.7354198 ] ], [ [ -47.8974369, -15.7354198 ], [ -47.8973053, -15.7351702 ], [ -47.897241, -15.7350484 ], [ -47.8971424, -15.7348615 ], [ -47.8968683, -15.7345175 ], [ -47.8967973, -15.734456 ] ], [ [ -47.8967973, -15.734456 ], [ -47.8966644, -15.7343406 ], [ -47.8964533, -15.7342094 ] ], [ [ -47.8877924, -15.7337178 ], [ -47.8862875, -15.7345532 ] ], [ [ -47.8862875, -15.7345532 ], [ -47.8861287, -15.7346951 ], [ -47.8861189, -15.7347103 ], [ -47.8860754, -15.7347698 ], [ -47.8859778, -15.7349493 ], [ -47.8857015, -15.735858 ], [ -47.8856786, -15.7359286 ], [ -47.8850074, -15.7379992 ], [ -47.8846202, -15.7392287 ], [ -47.8839179, -15.7413871 ], [ -47.8822428, -15.7466827 ], [ -47.8820594, -15.7472678 ], [ -47.8819221, -15.7476699 ], [ -47.8810432, -15.7503846 ], [ -47.8808648, -15.7509442 ], [ -47.8807408, -15.751365 ], [ -47.8806509, -15.7516347 ], [ -47.8806147, -15.7517457 ], [ -47.8805812, -15.7518626 ], [ -47.8805356, -15.7520936 ], [ -47.8805, -15.7522485 ], [ -47.8804323, -15.7524928 ] ], [ [ -47.8804323, -15.7524928 ], [ -47.8803042, -15.7529068 ], [ -47.8801051, -15.7535082 ], [ -47.8799683, -15.7539 ], [ -47.8796786, -15.7546738 ], [ -47.8796243, -15.7548203 ], [ -47.8795787, -15.7549597 ], [ -47.8792345, -15.7560656 ], [ -47.8787388, -15.7575675 ], [ -47.8786919, -15.757706 ], [ -47.8786473, -15.7578586 ], [ -47.8784314, -15.7587363 ] ], [ [ -47.8784314, -15.7587363 ], [ -47.8783281, -15.7590977 ], [ -47.8782536, -15.7593009 ], [ -47.8781068, -15.7597179 ], [ -47.8779687, -15.7601748 ], [ -47.8777823, -15.7606407 ], [ -47.8776777, -15.7609085 ], [ -47.8775646, -15.7612407 ], [ -47.8775355, -15.761326 ], [ -47.8773954, -15.7617604 ], [ -47.8771225, -15.762607 ], [ -47.8770447, -15.7628923 ], [ -47.8768408, -15.7635189 ], [ -47.8766782, -15.7640683 ], [ -47.8765746, -15.7644185 ], [ -47.8763963, -15.7653078 ], [ -47.8763426, -15.7655452 ], [ -47.8761428, -15.7662248 ], [ -47.8761207, -15.7663222 ], [ -47.8761012, -15.7663938 ], [ -47.8760389, -15.766712 ], [ -47.8760121, -15.7668192 ], [ -47.8759966, -15.7668811 ], [ -47.8758406, -15.7674389 ], [ -47.8757988, -15.7675883 ], [ -47.8755634, -15.7684666 ], [ -47.8755245, -15.7686712 ], [ -47.875438, -15.7691552 ], [ -47.8752691, -15.7699825 ], [ -47.875084, -15.7709672 ], [ -47.8750638, -15.7711002 ], [ -47.8749933, -15.7715652 ], [ -47.8749264, -15.7723843 ], [ -47.8748842, -15.7726902 ], [ -47.8747514, -15.7734465 ], [ -47.8747313, -15.7736078 ], [ -47.8746994, -15.7737911 ], [ -47.8745805, -15.7746184 ], [ -47.8745677, -15.7747074 ], [ -47.8745127, -15.7749745 ], [ -47.8744282, -15.7758599 ], [ -47.8743933, -15.7762767 ], [ -47.8742766, -15.7776215 ], [ -47.8742541, -15.7779596 ], [ -47.8742324, -15.7782868 ], [ -47.8742217, -15.7785882 ], [ -47.8742257, -15.7791121 ], [ -47.874223, -15.7791909 ], [ -47.8741995, -15.7795658 ], [ -47.8741513, -15.7801143 ], [ -47.8741439, -15.7801985 ] ], [ [ -47.8741439, -15.7801985 ], [ -47.8741298, -15.7803904 ], [ -47.8741197, -15.7806198 ] ], [ [ -47.8741197, -15.7806198 ], [ -47.8740731, -15.7811908 ], [ -47.8740124, -15.7819333 ], [ -47.8738931, -15.78362 ] ], [ [ -47.8738931, -15.78362 ], [ -47.8738529, -15.784055 ] ], [ [ -47.8738529, -15.784055 ], [ -47.8737657, -15.7850409 ], [ -47.8736838, -15.7860469 ], [ -47.8736691, -15.7862269 ], [ -47.8736635, -15.7863274 ], [ -47.8736249, -15.7868812 ] ], [ [ -47.8736249, -15.7868812 ], [ -47.8736112, -15.7871597 ], [ -47.8735506, -15.78764 ] ], [ [ -47.8735506, -15.78764 ], [ -47.8734861, -15.7881511 ] ], [ [ -47.8734861, -15.7881511 ], [ -47.8734183, -15.788715 ], [ -47.8733962, -15.7890293 ], [ -47.8734123, -15.789217 ], [ -47.8734485, -15.7893487 ], [ -47.8735042, -15.7894726 ] ], [ [ -47.8735042, -15.7894726 ], [ -47.8736423, -15.7896552 ], [ -47.8737375, -15.7897507 ], [ -47.8738663, -15.7898416 ] ], [ [ -47.8743973, -15.7902701 ], [ -47.8746217, -15.7909627 ], [ -47.8747601, -15.7913896 ], [ -47.8748305, -15.7915993 ], [ -47.874919, -15.7918671 ], [ -47.8749351, -15.7919026 ], [ -47.8749472, -15.7919522 ], [ -47.8750586, -15.7922596 ], [ -47.8753008, -15.7929598 ] ], [ [ -47.8753008, -15.7929598 ], [ -47.8754172, -15.7932989 ] ], [ [ -47.8754172, -15.7932989 ], [ -47.8755118, -15.7935957 ], [ -47.8756537, -15.7940318 ], [ -47.8757297, -15.7942551 ], [ -47.8759121, -15.794681 ], [ -47.8759713, -15.7948091 ], [ -47.8760099, -15.7949212 ] ], [ [ -47.8759156, -15.7949508 ], [ -47.8760099, -15.7949212 ] ], [ [ -47.8814613, -15.7933447 ], [ -47.8817801, -15.7932724 ], [ -47.8819565, -15.7932285 ], [ -47.8822294, -15.7931376 ], [ -47.8826572, -15.7929892 ], [ -47.8828248, -15.7929375 ], [ -47.883034, -15.7928664 ], [ -47.8833911, -15.7927354 ] ], [ [ -47.8809536, -15.7933532 ], [ -47.8810244, -15.7933911 ], [ -47.8810901, -15.7934092 ], [ -47.8811572, -15.7934176 ], [ -47.8814613, -15.7933447 ] ], [ [ -47.876754, -15.7946793 ], [ -47.8773289, -15.7944978 ], [ -47.8778682, -15.7943275 ], [ -47.8783759, -15.7941671 ], [ -47.8790401, -15.7939574 ], [ -47.8793811, -15.7938497 ], [ -47.8797853, -15.7937221 ], [ -47.8799647, -15.7936655 ], [ -47.880455, -15.7935106 ], [ -47.8805069, -15.7934943 ], [ -47.8807614, -15.7934139 ], [ -47.8809536, -15.7933532 ] ], [ [ -47.8880517, -15.787157 ], [ -47.8880333, -15.7870829 ], [ -47.8880173, -15.7870345 ], [ -47.8879942, -15.7869593 ], [ -47.8877822, -15.7862179 ], [ -47.8877728, -15.7861682 ] ], [ [ -47.8881566, -15.7876032 ], [ -47.8880794, -15.7872791 ], [ -47.8880517, -15.787157 ] ], [ [ -47.888217, -15.7879214 ], [ -47.8881995, -15.7878494 ], [ -47.8881863, -15.7877735 ], [ -47.8881566, -15.7876032 ] ], [ [ -47.8883978, -15.788529 ], [ -47.8882391, -15.7879955 ], [ -47.888217, -15.7879214 ] ], [ [ -47.8887619, -15.7904869 ], [ -47.8888403, -15.7903162 ], [ -47.8888464, -15.7902623 ], [ -47.8888316, -15.790181 ], [ -47.8884464, -15.7890313 ], [ -47.8883978, -15.788529 ] ], [ [ -47.8877243, -15.7908742 ], [ -47.8882894, -15.7906661 ], [ -47.8887619, -15.7904869 ] ], [ [ -47.8840486, -15.7922341 ], [ -47.8847246, -15.7919826 ], [ -47.8848798, -15.7919212 ], [ -47.8850136, -15.7918656 ], [ -47.8856658, -15.7916356 ], [ -47.8863168, -15.7914538 ], [ -47.8870128, -15.7911781 ], [ -47.8875356, -15.7909429 ], [ -47.8877243, -15.7908742 ] ], [ [ -47.8834227, -15.7924611 ], [ -47.8840486, -15.7922341 ] ], [ [ -47.8833911, -15.7927354 ], [ -47.8834227, -15.7924611 ] ], [ [ -47.8747147, -15.7953242 ], [ -47.8748073, -15.7952943 ], [ -47.8751782, -15.7951716 ] ], [ [ -47.8618433, -15.7993489 ], [ -47.8618951, -15.7993329 ], [ -47.8623799, -15.7991879 ], [ -47.8624665, -15.7991608 ], [ -47.8625324, -15.7991402 ], [ -47.8625826, -15.7991245 ], [ -47.8656243, -15.7981722 ], [ -47.865987, -15.7980587 ], [ -47.8664047, -15.7979279 ], [ -47.8665206, -15.7978916 ], [ -47.8665932, -15.7978705 ], [ -47.86726, -15.7976604 ], [ -47.8674802, -15.7975912 ], [ -47.8675482, -15.7975676 ], [ -47.8677889, -15.7974946 ], [ -47.8680854, -15.7974017 ], [ -47.8688622, -15.797152 ], [ -47.868986, -15.7971122 ], [ -47.8694411, -15.7969773 ], [ -47.8697047, -15.7968958 ], [ -47.8698189, -15.7968612 ], [ -47.8704941, -15.796652 ], [ -47.870533, -15.7966391 ], [ -47.8706322, -15.7966063 ], [ -47.8708382, -15.7965472 ], [ -47.871031, -15.7964795 ], [ -47.871198, -15.796424 ], [ -47.8712956, -15.7963954 ], [ -47.871491, -15.796338 ], [ -47.872153, -15.7961276 ], [ -47.8723116, -15.7960799 ], [ -47.8727497, -15.7959415 ], [ -47.8729673, -15.7958747 ], [ -47.8731514, -15.7958182 ], [ -47.8737967, -15.7956145 ], [ -47.8739559, -15.7955643 ], [ -47.8744157, -15.7954198 ], [ -47.8744619, -15.7954054 ], [ -47.8745537, -15.7953768 ], [ -47.8746291, -15.7953525 ], [ -47.8747147, -15.7953242 ] ], [ [ -47.876637, -15.7947158 ], [ -47.876754, -15.7946793 ] ], [ [ -47.8754488, -15.7951139 ], [ -47.8759156, -15.7949508 ] ], [ [ -47.8751782, -15.7951716 ], [ -47.8754488, -15.7951139 ] ], [ [ -47.876637, -15.7947158 ], [ -47.8766874, -15.7948213 ], [ -47.876734, -15.7949409 ], [ -47.8772113, -15.7963815 ], [ -47.8772345, -15.7964555 ], [ -47.8772364, -15.7966181 ] ], [ [ -47.8772364, -15.7966181 ], [ -47.8769728, -15.796709 ] ], [ [ -47.8769728, -15.796709 ], [ -47.8765856, -15.7968337 ] ], [ [ -47.8765856, -15.7968337 ], [ -47.876132, -15.7969962 ] ], [ [ -47.876132, -15.7969962 ], [ -47.8760851, -15.7970125 ], [ -47.8760142, -15.797038 ] ], [ [ -47.8760142, -15.797038 ], [ -47.8757373, -15.7971188 ], [ -47.8753573, -15.7972496 ] ], [ [ -47.8753573, -15.7972496 ], [ -47.8752545, -15.7972789 ], [ -47.8750645, -15.7973318 ], [ -47.8748555, -15.79739 ], [ -47.8746247, -15.7974576 ], [ -47.8743789, -15.7975432 ], [ -47.8741373, -15.7976272 ], [ -47.8739278, -15.7976884 ], [ -47.8738784, -15.7977028 ], [ -47.8736121, -15.7977803 ], [ -47.8734908, -15.7978178 ], [ -47.8729611, -15.7979816 ], [ -47.8727912, -15.7980339 ], [ -47.872516, -15.7981186 ], [ -47.8722411, -15.7982115 ], [ -47.8721783, -15.7982329 ], [ -47.8721463, -15.7982438 ], [ -47.8719899, -15.7982894 ], [ -47.8718075, -15.7983425 ], [ -47.8715061, -15.7984356 ], [ -47.871292, -15.7985026 ], [ -47.8711331, -15.798552 ], [ -47.8707942, -15.7986563 ], [ -47.8704853, -15.7987614 ], [ -47.8702949, -15.7988195 ], [ -47.8696745, -15.7990089 ], [ -47.8694862, -15.7990666 ], [ -47.8691852, -15.7991588 ], [ -47.8689615, -15.7992286 ], [ -47.8688997, -15.799251 ], [ -47.8688859, -15.7992547 ], [ -47.8688209, -15.7992714 ], [ -47.868628, -15.7993321 ], [ -47.8681938, -15.7994685 ], [ -47.868118, -15.7994921 ], [ -47.8680206, -15.7995243 ], [ -47.867846, -15.7995821 ], [ -47.867146, -15.7997956 ], [ -47.8671206, -15.7998036 ], [ -47.8669721, -15.799853 ], [ -47.8663951, -15.8000302 ], [ -47.8657854, -15.8002206 ] ], [ [ -47.8657854, -15.8002206 ], [ -47.8637544, -15.8008866 ] ], [ [ -47.8637544, -15.8008866 ], [ -47.8632034, -15.8010636 ] ], [ [ -47.8632034, -15.8010636 ], [ -47.8627619, -15.8012085 ] ], [ [ -47.8627619, -15.8012085 ], [ -47.8624312, -15.8013071 ], [ -47.862329, -15.8013342 ], [ -47.8622612, -15.8013414 ], [ -47.8622139, -15.8013256 ] ], [ [ -47.8622139, -15.8013256 ], [ -47.8621767, -15.8012906 ], [ -47.8621441, -15.8012216 ], [ -47.8620323, -15.8008939 ], [ -47.8617193, -15.7999559 ], [ -47.8616337, -15.7996943 ] ], [ [ -47.8616337, -15.7996943 ], [ -47.8616385, -15.7996078 ], [ -47.8616638, -15.7995195 ], [ -47.8616952, -15.7994748 ], [ -47.8617383, -15.7994365 ], [ -47.8618433, -15.7993489 ] ], [ [ -47.8809536, -15.7933532 ], [ -47.8816376, -15.7931078 ] ], [ [ -47.8760099, -15.7949212 ], [ -47.876637, -15.7947158 ] ] ] } },
{ "type": "Feature", "properties": { "id_osm": 3700724, "nome": "0.006 - Cruzeiro/Octogonal/Sudoeste/W3 Sul", "ref": "0.006" }, "geometry": { "type": "LineString", "coordinates": [ [ -47.9456918, -15.7993924 ], [ -47.9451813, -15.7979662 ] ] } },
{ "type": "Feature", "properties": { "id_osm": 3701600, "nome": "0.006 - Cruzeiro/Octogonal/Sudoeste/W3 Sul", "ref": "0.006" }, "geometry": { "type": "MultiLineString", "coordinates": [ [ [ -47.8908117, -15.795598 ], [ -47.8907749, -15.7955092 ] ], [ [ -47.9307408, -15.80386 ], [ -47.9307427, -15.8038741 ], [ -47.9307367, -15.8039181 ], [ -47.9307262, -15.8039491 ], [ -47.9307092, -15.8039773 ], [ -47.9306865, -15.8040015 ], [ -47.930659, -15.8040206 ], [ -47.930628, -15.8040338 ] ], [ [ -47.930628, -15.8040338 ], [ -47.930598, -15.8040394 ] ], [ [ -47.930598, -15.8040394 ], [ -47.9305615, -15.8040402 ], [ -47.9305257, -15.8040332 ], [ -47.9304925, -15.8040187 ], [ -47.9304634, -15.8039975 ], [ -47.93044, -15.8039706 ], [ -47.9304234, -15.8039393 ] ], [ [ -47.9304234, -15.8039393 ], [ -47.9304141, -15.8038982 ] ] ] } },
{ "type": "Feature", "properties": { "id_osm": 3701634, "nome": "0.006 - Cruzeiro/Octogonal/Sudoeste/W3 Sul", "ref": "0006" }, "geometry": { "type": "MultiLineString", "coordinates": [ [ [ -47.9363358, -15.8083063 ], [ -47.9363255, -15.80822 ], [ -47.9363302, -15.8081222 ] ], [ [ -47.9367853, -15.8079315 ], [ -47.9368398, -15.8079698 ], [ -47.9368914, -15.8080218 ], [ -47.9369314, -15.8080923 ], [ -47.936951, -15.8081704 ], [ -47.9369486, -15.8082507 ], [ -47.9369357, -15.8083175 ], [ -47.9369051, -15.8083793 ], [ -47.9368677, -15.808414 ], [ -47.9368481, -15.8084345 ], [ -47.9368158, -15.8084629 ], [ -47.9367265, -15.8084911 ], [ -47.936646, -15.808504 ], [ -47.9365638, -15.8084989 ], [ -47.9364855, -15.8084698 ], [ -47.936406, -15.8084117 ], [ -47.9363358, -15.8083063 ] ], [ [ -47.9463371, -15.8040972 ], [ -47.9462322, -15.803765 ] ], [ [ -47.9465253, -15.8065536 ], [ -47.9466138, -15.8063445 ], [ -47.9467177, -15.8060219 ], [ -47.9467486, -15.8057632 ], [ -47.9467352, -15.805469 ], [ -47.9466882, -15.8052148 ], [ -47.946589, -15.8048948 ], [ -47.9463371, -15.8040972 ] ], [ [ -47.9463888, -15.8068689 ], [ -47.9464446, -15.8067748 ], [ -47.9465253, -15.8065536 ] ], [ [ -47.944869, -15.8096795 ], [ -47.9449575, -15.8095976 ], [ -47.9450668, -15.8094673 ], [ -47.9451701, -15.8093124 ], [ -47.9452761, -15.8091066 ], [ -47.9453163, -15.8090247 ], [ -47.945583, -15.8085228 ], [ -47.9456844, -15.8083001 ], [ -47.945848, -15.807924 ], [ -47.9458715, -15.8078833 ], [ -47.9463127, -15.8069846 ], [ -47.9463602, -15.8069123 ], [ -47.9463888, -15.8068689 ] ], [ [ -47.9445492, -15.8098563 ], [ -47.944686, -15.8097918 ], [ -47.944869, -15.8096795 ] ], [ [ -47.9430936, -15.8101132 ], [ -47.9434079, -15.810066 ], [ -47.943603, -15.8100331 ], [ -47.944167, -15.8099428 ], [ -47.9443949, -15.8098989 ], [ -47.9445492, -15.8098563 ] ], [ [ -47.9427253, -15.8101686 ], [ -47.9428705, -15.8101468 ], [ -47.943051, -15.8101196 ], [ -47.9430936, -15.8101132 ] ], [ [ -47.9415706, -15.810215 ], [ -47.9417067, -15.8102486 ], [ -47.9419206, -15.8102679 ], [ -47.942158, -15.8102499 ], [ -47.9424383, -15.810206 ], [ -47.9425295, -15.810193 ], [ -47.9425968, -15.8101828 ], [ -47.9427253, -15.8101686 ] ], [ [ -47.9412755, -15.8100421 ], [ -47.9413855, -15.8101234 ], [ -47.9415706, -15.810215 ] ], [ [ -47.940273, -15.8090375 ], [ -47.9404119, -15.8091247 ], [ -47.9405594, -15.809235 ], [ -47.940664, -15.8093247 ], [ -47.9407391, -15.8094013 ], [ -47.940825, -15.8095182 ], [ -47.9409228, -15.8096447 ], [ -47.9410636, -15.8098253 ], [ -47.9411303, -15.8098936 ], [ -47.9412755, -15.8100421 ] ], [ [ -47.9397695, -15.8088175 ], [ -47.9399774, -15.8088859 ], [ -47.9401302, -15.8089569 ], [ -47.940273, -15.8090375 ] ], [ [ -47.9369051, -15.8083793 ], [ -47.9370175, -15.8085311 ], [ -47.9374105, -15.8089092 ], [ -47.9375671, -15.809004 ], [ -47.9377498, -15.8090614 ], [ -47.937904, -15.8090743 ], [ -47.9380676, -15.8090447 ], [ -47.9385518, -15.8088214 ], [ -47.938828, -15.8087317 ], [ -47.9389729, -15.8087079 ], [ -47.9391378, -15.8087059 ], [ -47.9392585, -15.808715 ], [ -47.9394785, -15.8087427 ], [ -47.9397695, -15.8088175 ] ], [ [ -47.9392773, -15.8040599 ], [ -47.9391734, -15.8042444 ], [ -47.9390653, -15.8044074 ], [ -47.9389876, -15.8045244 ], [ -47.9385165, -15.8052363 ], [ -47.9383288, -15.8055 ], [ -47.9382788, -15.8055677 ], [ -47.9378517, -15.806189 ], [ -47.9377645, -15.8063123 ], [ -47.9374601, -15.8067736 ], [ -47.9372514, -15.8070906 ], [ -47.9370842, -15.8073446 ], [ -47.937043, -15.8074007 ], [ -47.9370089, -15.807442 ], [ -47.9369289, -15.8075598 ], [ -47.936882, -15.8076401 ], [ -47.936803, -15.8077485 ], [ -47.9367822, -15.8078207 ], [ -47.9367853, -15.8079315 ] ], [ [ -47.9407076, -15.802212 ], [ -47.9405071, -15.8023939 ] ], [ [ -47.9405636, -15.8020811 ], [ -47.9406244, -15.8020875 ], [ -47.940668, -15.8021113 ], [ -47.9406918, -15.8021375 ], [ -47.9407052, -15.8021784 ], [ -47.9407076, -15.802212 ] ], [ [ -47.9404253, -15.8021907 ], [ -47.9405636, -15.8020811 ] ], [ [ -47.9365739, -15.7997824 ], [ -47.9369372, -15.8000112 ], [ -47.9372351, -15.8001798 ], [ -47.937458, -15.800323 ], [ -47.9375372, -15.8003793 ], [ -47.9378148, -15.8005686 ], [ -47.9381213, -15.8007732 ], [ -47.938533, -15.8010261 ], [ -47.9387073, -15.8011326 ], [ -47.9391821, -15.8014364 ], [ -47.9392786, -15.8014958 ], [ -47.9394476, -15.8015997 ], [ -47.9397172, -15.8017545 ], [ -47.9397679, -15.8017804 ], [ -47.9402711, -15.8021281 ], [ -47.9403408, -15.802163 ], [ -47.9404253, -15.8021907 ] ], [ [ -47.9363347, -15.7996497 ], [ -47.9365648, -15.7997767 ], [ -47.9365739, -15.7997824 ] ], [ [ -47.9336433, -15.79784 ], [ -47.9336802, -15.7979 ], [ -47.9337258, -15.7979619 ], [ -47.9343126, -15.7983486 ], [ -47.9345717, -15.7985002 ], [ -47.9346173, -15.7985267 ], [ -47.9348564, -15.7986859 ], [ -47.9349403, -15.7987355 ], [ -47.9351399, -15.798865 ], [ -47.93535, -15.7989953 ], [ -47.9362166, -15.7995674 ], [ -47.9363347, -15.7996497 ] ], [ [ -47.933538, -15.7973496 ], [ -47.9336433, -15.79784 ] ], [ [ -47.9335508, -15.7961005 ], [ -47.9335454, -15.7966579 ], [ -47.9335327, -15.7972406 ], [ -47.933538, -15.7973496 ] ], [ [ -47.9335575, -15.7941196 ], [ -47.9335542, -15.7948481 ], [ -47.9335526, -15.7959256 ], [ -47.9335508, -15.7961005 ] ], [ [ -47.9335608, -15.7940022 ], [ -47.9335575, -15.7941196 ] ], [ [ -47.9335806, -15.793677 ], [ -47.9335608, -15.7940022 ] ], [ [ -47.9335977, -15.7930614 ], [ -47.9335957, -15.7932608 ], [ -47.9335937, -15.7934621 ], [ -47.9335921, -15.7934886 ], [ -47.9335842, -15.7936186 ], [ -47.9335806, -15.793677 ] ], [ [ -47.9333778, -15.7917516 ], [ -47.9335147, -15.7922347 ], [ -47.9335508, -15.7925826 ], [ -47.9335977, -15.7930614 ] ], [ [ -47.9451813, -15.7979662 ], [ -47.9449408, -15.7975845 ], [ -47.9448831, -15.797449 ], [ -47.9447316, -15.7970502 ], [ -47.9446833, -15.796836 ], [ -47.9446632, -15.7966483 ], [ -47.9446106, -15.7964087 ], [ -47.9446491, -15.7963211 ] ], [ [ -47.9456918, -15.7993924 ], [ -47.9451813, -15.7979662 ] ], [ [ -47.9442152, -15.8006777 ], [ -47.9444376, -15.800612 ], [ -47.9446229, -15.8005461 ], [ -47.9448724, -15.800466 ], [ -47.9449877, -15.8004364 ], [ -47.9453141, -15.8003314 ], [ -47.9456958, -15.8002073 ], [ -47.945728, -15.8001815 ], [ -47.9457468, -15.8001499 ], [ -47.9457495, -15.8001112 ], [ -47.9457407, -15.7999505 ], [ -47.9456918, -15.7993924 ] ], [ [ -47.944297, -15.800858 ], [ -47.9442796, -15.8008532 ], [ -47.944228, -15.800828 ], [ -47.9441978, -15.800788 ], [ -47.9441945, -15.8007325 ], [ -47.9442152, -15.8006777 ] ], [ [ -47.9444781, -15.8008054 ], [ -47.944297, -15.800858 ] ], [ [ -47.9457515, -15.8023765 ], [ -47.945677, -15.8021933 ], [ -47.9455228, -15.8018274 ], [ -47.9453404, -15.8015384 ], [ -47.9450588, -15.8011913 ], [ -47.9448885, -15.8010274 ], [ -47.9447275, -15.8009112 ], [ -47.9445907, -15.8008396 ], [ -47.9444781, -15.8008054 ] ], [ [ -47.9458574, -15.802721 ], [ -47.9457515, -15.8023765 ] ], [ [ -47.9462322, -15.803765 ], [ -47.9461719, -15.8035547 ], [ -47.9461609, -15.803489 ], [ -47.946129, -15.8034205 ], [ -47.9460774, -15.8033469 ], [ -47.9460499, -15.8032785 ], [ -47.9459479, -15.8030111 ], [ -47.9459284, -15.8029516 ], [ -47.9458574, -15.802721 ] ], [ [ -47.9446491, -15.7963211 ], [ -47.944257, -15.7951212 ] ], [ [ -47.944257, -15.7951212 ], [ -47.9441354, -15.7947493 ] ], [ [ -47.9441354, -15.7947493 ], [ -47.9437036, -15.7935363 ] ], [ [ -47.9437036, -15.7935363 ], [ -47.9435997, -15.7931927 ] ], [ [ -47.9435997, -15.7931927 ], [ -47.9434856, -15.792827 ] ], [ [ -47.9434856, -15.792827 ], [ -47.9433662, -15.7924734 ] ], [ [ -47.9433662, -15.7924734 ], [ -47.9431703, -15.7918923 ], [ -47.9431679, -15.7918871 ], [ -47.9431604, -15.791863 ], [ -47.9428935, -15.791073 ] ], [ [ -47.9428935, -15.791073 ], [ -47.9426281, -15.7902877 ] ], [ [ -47.9426281, -15.7902877 ], [ -47.9422619, -15.7899242 ], [ -47.9422366, -15.7899023 ], [ -47.9421821, -15.7898642 ], [ -47.9421335, -15.78984 ] ], [ [ -47.9421335, -15.78984 ], [ -47.9419818, -15.7897915 ], [ -47.94181, -15.7897365 ] ], [ [ -47.94181, -15.7897365 ], [ -47.9416044, -15.7896545 ], [ -47.9414633, -15.7896118 ], [ -47.941071, -15.7894932 ], [ -47.9408578, -15.7894249 ] ], [ [ -47.9408578, -15.7894249 ], [ -47.9408315, -15.7894212 ] ], [ [ -47.9408315, -15.7894212 ], [ -47.9406434, -15.7893573 ], [ -47.9404471, -15.7892619 ] ], [ [ -47.9404471, -15.7892619 ], [ -47.940337, -15.7892251 ], [ -47.9401269, -15.7891448 ], [ -47.939868, -15.7890506 ], [ -47.9396541, -15.7889744 ], [ -47.9393933, -15.7888847 ], [ -47.9391928, -15.7888209 ], [ -47.9389323, -15.7887325 ], [ -47.9387422, -15.7886712 ], [ -47.9384599, -15.7885679 ], [ -47.9382661, -15.7885008 ], [ -47.9380146, -15.7884202 ], [ -47.9378068, -15.788353 ], [ -47.9375446, -15.7882569 ] ], [ [ -47.9375446, -15.7882569 ], [ -47.9373314, -15.7881808 ], [ -47.9370752, -15.7880607 ], [ -47.9368539, -15.7879601 ], [ -47.9365602, -15.7878001 ], [ -47.9363443, -15.7876839 ], [ -47.9360318, -15.7874865 ], [ -47.9358575, -15.7873845 ], [ -47.9356805, -15.7872593 ], [ -47.9356094, -15.7872077 ], [ -47.9355129, -15.7871393 ], [ -47.9354022, -15.7870446 ], [ -47.9349576, -15.7866683 ], [ -47.934908, -15.7866205 ], [ -47.9347879, -15.7865024 ], [ -47.9345667, -15.7862443 ], [ -47.9344258, -15.7860695 ], [ -47.9341891, -15.7856307 ], [ -47.9340403, -15.7852913 ], [ -47.9339504, -15.7850358 ], [ -47.9339156, -15.7847783 ] ], [ [ -47.9339156, -15.7847783 ], [ -47.9338297, -15.7843273 ] ], [ [ -47.9338116, -15.7842924 ], [ -47.9337708, -15.7842621 ], [ -47.9337231, -15.7842382 ], [ -47.9335883, -15.7841995 ] ], [ [ -47.9335883, -15.7841995 ], [ -47.9333617, -15.7841801 ], [ -47.9331507, -15.7841748 ], [ -47.9329562, -15.7841699 ], [ -47.93273, -15.7841659 ], [ -47.9324042, -15.7841552 ], [ -47.9323263, -15.7841556 ], [ -47.9319401, -15.7841427 ], [ -47.931804, -15.7841393 ], [ -47.931688, -15.7841354 ], [ -47.9314459, -15.7841305 ], [ -47.9313594, -15.7841318 ] ], [ [ -47.9313594, -15.7841318 ], [ -47.9312873, -15.7841521 ], [ -47.9309624, -15.7841595 ], [ -47.9309054, -15.7841763 ], [ -47.9308209, -15.7842634 ], [ -47.9307874, -15.7843156 ] ], [ [ -47.9307874, -15.7843156 ], [ -47.9309812, -15.784948 ] ], [ [ -47.9309812, -15.784948 ], [ -47.9316056, -15.7868242 ], [ -47.9317349, -15.7872 ], [ -47.9317486, -15.7872397 ], [ -47.9319489, -15.7878286 ], [ -47.9320039, -15.7879902 ], [ -47.9322233, -15.7884818 ], [ -47.9324725, -15.7890402 ] ], [ [ -47.9324725, -15.7890402 ], [ -47.9326247, -15.7895074 ] ], [ [ -47.9326247, -15.7895074 ], [ -47.9328343, -15.7900806 ] ], [ [ -47.9328343, -15.7900806 ], [ -47.9330265, -15.7906421 ], [ -47.9330955, -15.7908437 ] ], [ [ -47.9330955, -15.7908437 ], [ -47.9332772, -15.7914457 ] ], [ [ -47.9332772, -15.7914457 ], [ -47.9333778, -15.7917516 ] ], [ [ -47.9271095, -15.8019907 ], [ -47.9270839, -15.801989 ], [ -47.9270581, -15.8019815 ], [ -47.9270351, -15.8019691 ], [ -47.9270155, -15.8019522 ], [ -47.9270002, -15.8019316 ], [ -47.92699, -15.8019082 ] ], [ [ -47.92699, -15.8019082 ], [ -47.9269411, -15.8018729 ], [ -47.9267634, -15.8017629 ], [ -47.9264075, -15.8015569 ], [ -47.9256624, -15.8011255 ], [ -47.9249463, -15.8007129 ], [ -47.9248202, -15.8006403 ], [ -47.92455, -15.8004983 ], [ -47.9244398, -15.800432 ] ], [ [ -47.9081016, -15.7868132 ], [ -47.9078965, -15.7868847 ], [ -47.9076957, -15.7869798 ] ], [ [ -47.9076957, -15.7869798 ], [ -47.9076336, -15.787018 ], [ -47.907324, -15.7872088 ] ], [ [ -47.907324, -15.7872088 ], [ -47.9069625, -15.7874024 ], [ -47.9068744, -15.7874585 ], [ -47.9067783, -15.7875124 ] ], [ [ -47.9067783, -15.7875124 ], [ -47.9062258, -15.7878233 ] ], [ [ -47.9062258, -15.7878233 ], [ -47.9054971, -15.7882124 ], [ -47.9042074, -15.7889022 ], [ -47.9038319, -15.7890925 ], [ -47.9035791, -15.7892054 ], [ -47.9032145, -15.7893445 ], [ -47.9029478, -15.7894387 ], [ -47.9022186, -15.7896573 ], [ -47.9020887, -15.7896962 ] ], [ [ -47.9020887, -15.7896962 ], [ -47.9019977, -15.7897251 ], [ -47.9019315, -15.7897452 ], [ -47.9005806, -15.7901794 ], [ -47.900377, -15.790242 ], [ -47.8998269, -15.790411 ], [ -47.8988808, -15.7907019 ], [ -47.8984805, -15.790818 ] ], [ [ -47.8984805, -15.790818 ], [ -47.8975893, -15.7913966 ], [ -47.8974818, -15.7914664 ], [ -47.8973929, -15.7915219 ], [ -47.8960851, -15.7923384 ], [ -47.8943127, -15.793455 ], [ -47.8942705, -15.7934879 ], [ -47.894237, -15.7935312 ], [ -47.8942101, -15.7935815 ] ], [ [ -47.8942101, -15.7935815 ], [ -47.8941751, -15.7936577 ] ], [ [ -47.8941751, -15.7936577 ], [ -47.8941317, -15.7937015 ], [ -47.8940787, -15.7937402 ], [ -47.8937797, -15.7939234 ], [ -47.89367, -15.7939702 ] ], [ [ -47.89367, -15.7939702 ], [ -47.8935684, -15.7939796 ], [ -47.8934846, -15.7939938 ] ], [ [ -47.8934846, -15.7939938 ], [ -47.8933679, -15.7940299 ], [ -47.8932626, -15.7940828 ], [ -47.8932048, -15.7941211 ], [ -47.892896, -15.7943164 ], [ -47.892807, -15.7943694 ], [ -47.8927559, -15.7944028 ], [ -47.8920878, -15.7948329 ], [ -47.8920141, -15.794881 ], [ -47.8909708, -15.7955359 ] ], [ [ -47.8909708, -15.7955359 ], [ -47.8910155, -15.7956474 ], [ -47.8910818, -15.7958131 ] ], [ [ -47.8910818, -15.7958131 ], [ -47.8912537, -15.7961998 ] ], [ [ -47.8912537, -15.7961998 ], [ -47.8912806, -15.796265 ], [ -47.891296, -15.7963015 ], [ -47.8914349, -15.7966301 ], [ -47.8916996, -15.7972028 ], [ -47.8917793, -15.79736 ] ], [ [ -47.8917793, -15.79736 ], [ -47.8918349, -15.7974515 ], [ -47.8918911, -15.7975437 ] ], [ [ -47.8918911, -15.7975437 ], [ -47.8920767, -15.7978568 ], [ -47.8924042, -15.7984089 ], [ -47.8925831, -15.7987026 ], [ -47.8930495, -15.7994305 ], [ -47.8933063, -15.7997485 ] ], [ [ -47.8933063, -15.7997485 ], [ -47.8933619, -15.7998173 ], [ -47.8934128, -15.7998813 ] ], [ [ -47.8934128, -15.7998813 ], [ -47.8937197, -15.8002694 ], [ -47.8939474, -15.8005865 ], [ -47.8944801, -15.8012791 ], [ -47.8945461, -15.8013733 ] ], [ [ -47.8945461, -15.8013733 ], [ -47.8946346, -15.8014635 ], [ -47.8947098, -15.8015639 ] ], [ [ -47.8947098, -15.8015639 ], [ -47.8955186, -15.8024788 ] ], [ [ -47.8955186, -15.8024788 ], [ -47.8956361, -15.8026125 ], [ -47.8964797, -15.8035531 ], [ -47.8966001, -15.8036874 ], [ -47.8968421, -15.8039507 ], [ -47.897849, -15.8050384 ] ], [ [ -47.897849, -15.8050384 ], [ -47.8986803, -15.8059272 ], [ -47.8987383, -15.8059873 ], [ -47.8988715, -15.8061222 ] ], [ [ -47.8988715, -15.8061222 ], [ -47.8993332, -15.8065703 ] ], [ [ -47.8993332, -15.8065703 ], [ -47.8996597, -15.806902 ] ], [ [ -47.8996597, -15.806902 ], [ -47.8998798, -15.8071114 ], [ -47.9004479, -15.8076517 ], [ -47.9006441, -15.8078304 ], [ -47.9008188, -15.8079718 ], [ -47.9009068, -15.8080453 ], [ -47.9011811, -15.8082846 ], [ -47.901829, -15.8088508 ], [ -47.9020377, -15.8090343 ], [ -47.9024553, -15.8094079 ] ], [ [ -47.9024553, -15.8094079 ], [ -47.9029696, -15.8098359 ], [ -47.9030735, -15.8099228 ] ], [ [ -47.9030735, -15.8099228 ], [ -47.9032297, -15.8100568 ] ], [ [ -47.9032297, -15.8100568 ], [ -47.903711, -15.8104295 ] ], [ [ -47.903711, -15.8104295 ], [ -47.9041684, -15.8107836 ] ], [ [ -47.9041684, -15.8107836 ], [ -47.9042939, -15.8108812 ], [ -47.9051895, -15.8115435 ], [ -47.9054937, -15.8117785 ], [ -47.9058231, -15.8120328 ], [ -47.9059602, -15.8121384 ] ], [ [ -47.9059602, -15.8121384 ], [ -47.9061211, -15.8122543 ], [ -47.907417, -15.8131881 ], [ -47.9075247, -15.8132606 ] ], [ [ -47.9075247, -15.8132606 ], [ -47.9076451, -15.8133473 ], [ -47.90788, -15.8135164 ], [ -47.9081445, -15.8137097 ] ], [ [ -47.9081445, -15.8137097 ], [ -47.9084911, -15.8139655 ] ], [ [ -47.9084911, -15.8139655 ], [ -47.9088087, -15.8142086 ], [ -47.9089747, -15.8143361 ] ], [ [ -47.9089747, -15.8143361 ], [ -47.9094733, -15.814686 ], [ -47.9101781, -15.8151838 ], [ -47.9104092, -15.8153465 ], [ -47.9105227, -15.8154265 ], [ -47.9107283, -15.815563 ], [ -47.9108492, -15.8156474 ], [ -47.9112897, -15.8159732 ], [ -47.9119763, -15.8164869 ], [ -47.912156, -15.8166076 ], [ -47.9122436, -15.8166664 ] ], [ [ -47.9122436, -15.8166664 ], [ -47.9123322, -15.8167317 ], [ -47.9129859, -15.8172024 ], [ -47.9132688, -15.817412 ], [ -47.9133947, -15.8175053 ], [ -47.9137659, -15.8177692 ], [ -47.9138648, -15.8178418 ], [ -47.9139207, -15.8178792 ], [ -47.9141988, -15.818077 ], [ -47.9144433, -15.8182509 ], [ -47.9146001, -15.8183672 ] ], [ [ -47.9146001, -15.8183672 ], [ -47.9148075, -15.8185319 ] ], [ [ -47.9148075, -15.8185319 ], [ -47.9148767, -15.818581 ], [ -47.9149383, -15.8186248 ], [ -47.9155665, -15.8190538 ], [ -47.9158772, -15.8192808 ], [ -47.9161877, -15.8195096 ], [ -47.9162318, -15.819542 ], [ -47.9162677, -15.8195662 ], [ -47.9167116, -15.8198935 ], [ -47.9169168, -15.8200476 ], [ -47.9173502, -15.8203674 ], [ -47.917634, -15.8205563 ] ], [ [ -47.917634, -15.8205563 ], [ -47.9177421, -15.8206371 ], [ -47.9182481, -15.8210008 ], [ -47.9185167, -15.8211938 ], [ -47.9185989, -15.8212534 ], [ -47.9186558, -15.8212946 ], [ -47.9188083, -15.821407 ], [ -47.9189227, -15.8214906 ], [ -47.9192457, -15.821726 ], [ -47.919954, -15.822234 ] ], [ [ -47.919954, -15.822234 ], [ -47.9201409, -15.8223747 ] ], [ [ -47.9201409, -15.8223747 ], [ -47.9202642, -15.8224641 ], [ -47.9212393, -15.8231714 ], [ -47.922085, -15.8237847 ], [ -47.9229574, -15.8244175 ], [ -47.9230908, -15.8245143 ], [ -47.9240718, -15.8252257 ], [ -47.9241482, -15.8252812 ], [ -47.9248195, -15.825768 ], [ -47.9250162, -15.8259107 ] ], [ [ -47.9250162, -15.8259107 ], [ -47.9251558, -15.8260018 ], [ -47.9258384, -15.8265008 ], [ -47.9260022, -15.8266061 ], [ -47.9265013, -15.8269537 ], [ -47.9265303, -15.826974 ], [ -47.9269975, -15.827302 ], [ -47.9270631, -15.8273472 ] ], [ [ -47.9270631, -15.8273472 ], [ -47.9274335, -15.8276083 ], [ -47.9277901, -15.8278701 ], [ -47.928164, -15.8281481 ], [ -47.9284076, -15.8283292 ] ], [ [ -47.9284076, -15.8283292 ], [ -47.9284118, -15.828365 ], [ -47.9284106, -15.8284029 ], [ -47.9284056, -15.8284261 ], [ -47.9283915, -15.8284545 ], [ -47.928375, -15.8284707 ], [ -47.9283558, -15.8284833 ], [ -47.9283144, -15.828497 ] ], [ [ -47.9283144, -15.828497 ], [ -47.9282134, -15.8284242 ], [ -47.927968, -15.8282472 ], [ -47.9278399, -15.8281548 ], [ -47.9277022, -15.8280543 ] ], [ [ -47.9277022, -15.8280543 ], [ -47.9272918, -15.8277676 ] ], [ [ -47.9272918, -15.8277676 ], [ -47.9272641, -15.8277517 ], [ -47.9269867, -15.8275498 ], [ -47.9269381, -15.8275129 ], [ -47.9268334, -15.8274374 ], [ -47.9264951, -15.8271866 ], [ -47.925882, -15.8267269 ], [ -47.9257531, -15.8266469 ], [ -47.9256784, -15.8265951 ], [ -47.9253501, -15.8263672 ], [ -47.9249387, -15.8260817 ], [ -47.9248757, -15.826037 ], [ -47.9247045, -15.8259257 ], [ -47.9244193, -15.8257174 ], [ -47.9241268, -15.8255025 ], [ -47.9239475, -15.8253625 ] ], [ [ -47.9239475, -15.8253625 ], [ -47.9232789, -15.8248798 ] ], [ [ -47.9232789, -15.8248798 ], [ -47.9229908, -15.8246744 ] ], [ [ -47.9229908, -15.8246744 ], [ -47.9228571, -15.8245734 ], [ -47.9219748, -15.8239259 ], [ -47.9218892, -15.823863 ], [ -47.921429, -15.8235286 ], [ -47.9210991, -15.823289 ], [ -47.9204305, -15.8227951 ] ], [ [ -47.9204305, -15.8227951 ], [ -47.9201839, -15.822613 ] ], [ [ -47.9201839, -15.822613 ], [ -47.9200273, -15.8225022 ], [ -47.9199397, -15.82244 ], [ -47.9194473, -15.8220906 ], [ -47.9191668, -15.8218915 ], [ -47.9191416, -15.8218726 ], [ -47.9190515, -15.8218076 ], [ -47.9187973, -15.8216243 ], [ -47.9185517, -15.8214521 ] ], [ [ -47.9185517, -15.8214521 ], [ -47.9184919, -15.8214087 ], [ -47.9175155, -15.8206989 ], [ -47.9173744, -15.8205933 ], [ -47.9166042, -15.8200277 ] ], [ [ -47.9166042, -15.8200277 ], [ -47.9164991, -15.8199525 ], [ -47.9161515, -15.8197038 ] ], [ [ -47.9161515, -15.8197038 ], [ -47.9160747, -15.8196507 ] ], [ [ -47.9160747, -15.8196507 ], [ -47.9159624, -15.8195699 ], [ -47.9159457, -15.819558 ], [ -47.9157313, -15.8194039 ], [ -47.9154319, -15.8191784 ], [ -47.9151516, -15.8189819 ] ], [ [ -47.9151516, -15.8189819 ], [ -47.9148377, -15.8187538 ] ], [ [ -47.9148377, -15.8187538 ], [ -47.914713, -15.8186677 ], [ -47.9146017, -15.818578 ], [ -47.9141315, -15.8182224 ], [ -47.9137643, -15.8179567 ], [ -47.9136914, -15.8179035 ], [ -47.9134375, -15.8177185 ], [ -47.9132646, -15.8175984 ], [ -47.9132147, -15.8175638 ] ], [ [ -47.9132147, -15.8175638 ], [ -47.9130777, -15.8174642 ], [ -47.9125248, -15.8170616 ], [ -47.912473, -15.8170239 ], [ -47.9123936, -15.8169661 ], [ -47.9121542, -15.8168222 ], [ -47.9120104, -15.8167358 ], [ -47.9118324, -15.8166046 ], [ -47.9117812, -15.8165669 ], [ -47.9111779, -15.8161222 ], [ -47.911099, -15.8160693 ], [ -47.9106518, -15.815748 ], [ -47.9104181, -15.8155797 ], [ -47.9103193, -15.8155101 ] ], [ [ -47.9103193, -15.8155101 ], [ -47.9101502, -15.8153777 ], [ -47.9096723, -15.815027 ], [ -47.9096211, -15.8149895 ], [ -47.9092568, -15.8147221 ], [ -47.908999, -15.8145401 ], [ -47.9089526, -15.8145073 ], [ -47.9089345, -15.8144945 ], [ -47.9082938, -15.8140506 ], [ -47.9079833, -15.8138235 ], [ -47.9078881, -15.8137609 ], [ -47.9077931, -15.8136964 ] ], [ [ -47.9077931, -15.8136964 ], [ -47.9072276, -15.8132606 ], [ -47.9070978, -15.8131674 ], [ -47.9059261, -15.8123263 ], [ -47.9058441, -15.8122674 ], [ -47.9057468, -15.8121926 ] ], [ [ -47.9057468, -15.8121926 ], [ -47.905338, -15.8118828 ], [ -47.9050637, -15.8116873 ] ], [ [ -47.9050637, -15.8116873 ], [ -47.9042289, -15.8110544 ] ], [ [ -47.9042289, -15.8110544 ], [ -47.9040753, -15.8109447 ], [ -47.9033189, -15.8103408 ], [ -47.9032116, -15.8102589 ], [ -47.902954, -15.8100453 ], [ -47.9028439, -15.8099576 ] ], [ [ -47.9028439, -15.8099576 ], [ -47.9025696, -15.8097305 ], [ -47.9017726, -15.809047 ], [ -47.9013991, -15.8087267 ], [ -47.9011964, -15.8085529 ], [ -47.9011412, -15.8085055 ], [ -47.9009161, -15.8083039 ], [ -47.900744, -15.8081498 ], [ -47.9006079, -15.808029 ], [ -47.9005151, -15.8079385 ] ], [ [ -47.9005151, -15.8079385 ], [ -47.9002867, -15.8077317 ], [ -47.899991, -15.8074478 ], [ -47.8995808, -15.8070645 ], [ -47.8989656, -15.8064618 ], [ -47.8988569, -15.8063506 ], [ -47.8986958, -15.8061839 ] ], [ [ -47.8986958, -15.8061839 ], [ -47.8986127, -15.8060903 ], [ -47.8985283, -15.8060021 ] ], [ [ -47.8985283, -15.8060021 ], [ -47.8980678, -15.8055193 ] ], [ [ -47.8980678, -15.8055193 ], [ -47.8977493, -15.8051881 ] ], [ [ -47.8977493, -15.8051881 ], [ -47.8976111, -15.8050434 ], [ -47.8972461, -15.8046613 ], [ -47.8970107, -15.8044079 ], [ -47.896958, -15.804351 ], [ -47.8966985, -15.8040623 ], [ -47.8966065, -15.8039599 ], [ -47.896431, -15.8037831 ], [ -47.8963407, -15.8036932 ] ], [ [ -47.8963407, -15.8036932 ], [ -47.8955506, -15.8027615 ], [ -47.8954388, -15.8026363 ], [ -47.894775, -15.8018608 ], [ -47.8946951, -15.8017706 ] ], [ [ -47.8946951, -15.8017706 ], [ -47.8945246, -15.801593 ], [ -47.894475, -15.8015423 ], [ -47.8943822, -15.8014316 ] ], [ [ -47.8943822, -15.8014316 ], [ -47.894186, -15.8011683 ] ], [ [ -47.894186, -15.8011683 ], [ -47.8938029, -15.8006724 ] ], [ [ -47.8938029, -15.8006724 ], [ -47.8936442, -15.8004743 ], [ -47.893441, -15.8002207 ], [ -47.8932131, -15.7999363 ] ], [ [ -47.8932131, -15.7999363 ], [ -47.8930038, -15.7996647 ] ], [ [ -47.8930038, -15.7996647 ], [ -47.8928932, -15.7995214 ] ], [ [ -47.8928932, -15.7995214 ], [ -47.8925733, -15.7989767 ], [ -47.892321, -15.798518 ], [ -47.891928, -15.7979539 ], [ -47.8917603, -15.7977132 ] ], [ [ -47.8917603, -15.7977132 ], [ -47.8916947, -15.7975957 ], [ -47.891656, -15.7975144 ] ], [ [ -47.891656, -15.7975144 ], [ -47.8915661, -15.797324 ], [ -47.8912531, -15.7966507 ], [ -47.8911323, -15.7963701 ], [ -47.8910968, -15.7962876 ], [ -47.8908505, -15.7957037 ], [ -47.8908117, -15.795598 ] ], [ [ -47.8908117, -15.795598 ], [ -47.8907749, -15.7955092 ] ], [ [ -47.8907749, -15.7955092 ], [ -47.8907487, -15.7954403 ], [ -47.890652, -15.7951883 ], [ -47.8905128, -15.7948132 ] ], [ [ -47.8905128, -15.7948132 ], [ -47.8899987, -15.7933054 ], [ -47.889711, -15.7923742 ] ], [ [ -47.889711, -15.7923742 ], [ -47.8892171, -15.7909659 ] ], [ [ -47.8892171, -15.7909659 ], [ -47.8890409, -15.7908261 ], [ -47.8889606, -15.7907812 ], [ -47.8888523, -15.7907486 ], [ -47.8887495, -15.7907473 ], [ -47.8886714, -15.7907666 ], [ -47.8885838, -15.7908096 ], [ -47.888521, -15.7908661 ], [ -47.8884716, -15.7909358 ], [ -47.8884475, -15.7910483 ], [ -47.8884593, -15.7911947 ], [ -47.8885232, -15.7913018 ], [ -47.8885736, -15.7913547 ], [ -47.8886477, -15.7913928 ], [ -47.8888348, -15.7914463 ] ], [ [ -47.8888348, -15.7914463 ], [ -47.889034, -15.7914129 ] ], [ [ -47.889034, -15.7914129 ], [ -47.8892442, -15.7913705 ], [ -47.8894657, -15.7913083 ], [ -47.8897179, -15.7912229 ], [ -47.8898734, -15.7911514 ] ], [ [ -47.8898734, -15.7911514 ], [ -47.8901387, -15.7910222 ] ], [ [ -47.8901387, -15.7910222 ], [ -47.8906142, -15.7906518 ], [ -47.8906653, -15.7906135 ], [ -47.8910928, -15.7901904 ], [ -47.891155, -15.7901317 ], [ -47.8912968, -15.7900024 ], [ -47.8913366, -15.7899656 ], [ -47.891582, -15.7897522 ], [ -47.8919733, -15.7894735 ], [ -47.8920364, -15.7894367 ], [ -47.8921063, -15.7893742 ], [ -47.8921242, -15.7893152 ], [ -47.8921281, -15.7892356 ] ], [ [ -47.8926037, -15.7890541 ], [ -47.8941192, -15.7885071 ], [ -47.8944985, -15.7883674 ], [ -47.8948274, -15.7882339 ], [ -47.8949706, -15.7881758 ], [ -47.895053, -15.7881511 ], [ -47.8951171, -15.7881254 ], [ -47.8954607, -15.7879975 ], [ -47.8960147, -15.7877902 ], [ -47.8972574, -15.7873485 ], [ -47.8977101, -15.7872042 ], [ -47.8982073, -15.7870458 ], [ -47.8985663, -15.7869314 ], [ -47.8990407, -15.7867802 ], [ -47.8993634, -15.7866773 ], [ -47.9000691, -15.7864474 ], [ -47.900544, -15.7862927 ], [ -47.900731, -15.7862326 ], [ -47.9007573, -15.7862241 ] ], [ [ -47.9007573, -15.7862241 ], [ -47.9008079, -15.7862092 ], [ -47.9008941, -15.7861837 ], [ -47.9011864, -15.7860963 ], [ -47.9017176, -15.7859211 ], [ -47.9023969, -15.7857191 ], [ -47.9025887, -15.7856642 ], [ -47.9028019, -15.7856365 ], [ -47.9030687, -15.7856049 ], [ -47.9038973, -15.7855205 ], [ -47.9043274, -15.7854756 ], [ -47.9045221, -15.7854553 ], [ -47.9053688, -15.7853906 ], [ -47.9057272, -15.7853507 ], [ -47.9059622, -15.7853261 ], [ -47.9062128, -15.785289 ] ], [ [ -47.9062128, -15.785289 ], [ -47.9063389, -15.7852732 ], [ -47.9063868, -15.7852672 ], [ -47.906988, -15.7852085 ] ], [ [ -47.906988, -15.7852085 ], [ -47.9071711, -15.7851913 ], [ -47.9073402, -15.7851663 ], [ -47.9075204, -15.7851175 ], [ -47.9085702, -15.7847751 ], [ -47.9092105, -15.7845766 ] ], [ [ -47.9092105, -15.7845766 ], [ -47.9093461, -15.7845349 ], [ -47.9097, -15.7844263 ], [ -47.9097666, -15.7844058 ] ], [ [ -47.9097666, -15.7844058 ], [ -47.9102444, -15.7842534 ], [ -47.9104868, -15.7841784 ], [ -47.9116433, -15.7838206 ] ], [ [ -47.9116433, -15.7838206 ], [ -47.9117193, -15.7838369 ], [ -47.9117769, -15.7838565 ], [ -47.9118182, -15.783883 ], [ -47.9118487, -15.7839288 ], [ -47.9118738, -15.7839809 ], [ -47.9120727, -15.784581 ], [ -47.9122293, -15.7850467 ], [ -47.9123012, -15.7852607 ], [ -47.9123117, -15.7853055 ], [ -47.9123137, -15.7853455 ], [ -47.9123114, -15.7853919 ], [ -47.9122966, -15.7854394 ], [ -47.9122604, -15.7854992 ] ], [ [ -47.9122604, -15.7854992 ], [ -47.9104919, -15.7860558 ] ], [ [ -47.9104919, -15.7860558 ], [ -47.9104131, -15.786081 ], [ -47.9101342, -15.7861701 ], [ -47.9098095, -15.7862739 ] ], [ [ -47.9098095, -15.7862739 ], [ -47.9098669, -15.7864467 ], [ -47.9099889, -15.7868137 ], [ -47.9101432, -15.7872775 ], [ -47.9102649, -15.7876427 ], [ -47.9102819, -15.7876963 ], [ -47.9103174, -15.787799 ], [ -47.9105291, -15.7884203 ], [ -47.9107298, -15.7890176 ], [ -47.9108187, -15.7892821 ], [ -47.9108504, -15.7893764 ], [ -47.9111413, -15.790242 ], [ -47.9112416, -15.7905337 ], [ -47.9112763, -15.7906321 ], [ -47.9113656, -15.7908973 ], [ -47.9115141, -15.7913344 ], [ -47.912483, -15.7942163 ], [ -47.9125121, -15.7943056 ], [ -47.9125822, -15.7945132 ], [ -47.9126019, -15.7945728 ], [ -47.9126912, -15.7948436 ], [ -47.91275, -15.7950144 ], [ -47.9128327, -15.7952548 ], [ -47.9129944, -15.795738 ], [ -47.9130478, -15.7958978 ], [ -47.9130709, -15.7959762 ] ], [ [ -47.9130709, -15.7959762 ], [ -47.9131257, -15.7959633 ], [ -47.9133269, -15.795916 ], [ -47.9133534, -15.7959098 ], [ -47.9133808, -15.795901 ], [ -47.9137491, -15.7957822 ], [ -47.9138089, -15.7957599 ], [ -47.9144954, -15.7955417 ], [ -47.9146373, -15.795496 ], [ -47.9146723, -15.795483 ], [ -47.914713, -15.7954679 ], [ -47.9150681, -15.7953553 ], [ -47.9151747, -15.7953215 ], [ -47.9152535, -15.7952986 ], [ -47.9154019, -15.7952495 ], [ -47.915712, -15.7951471 ], [ -47.9161151, -15.795014 ], [ -47.9165617, -15.7948665 ], [ -47.9167679, -15.7947878 ] ], [ [ -47.9095907, -15.7863494 ], [ -47.9090794, -15.7865119 ], [ -47.9088778, -15.786576 ], [ -47.9088106, -15.7865966 ], [ -47.9083709, -15.7867311 ], [ -47.9082423, -15.7867704 ], [ -47.9081759, -15.7867906 ], [ -47.9081016, -15.7868132 ] ], [ [ -47.9097819, -15.7869076 ], [ -47.9096505, -15.7865241 ], [ -47.9096392, -15.786491 ], [ -47.9095907, -15.7863494 ] ], [ [ -47.9099252, -15.7873531 ], [ -47.909894, -15.7872562 ], [ -47.9097819, -15.7869076 ] ], [ [ -47.9102027, -15.7882032 ], [ -47.9101193, -15.7879477 ], [ -47.9100013, -15.7875861 ], [ -47.9099252, -15.7873531 ] ], [ [ -47.9102976, -15.7884959 ], [ -47.9102027, -15.7882032 ] ], [ [ -47.9169372, -15.7941805 ], [ -47.9168485, -15.7939142 ] ], [ [ -47.9168485, -15.7939142 ], [ -47.9167555, -15.793637 ] ], [ [ -47.9167555, -15.793637 ], [ -47.9167746, -15.7936065 ], [ -47.916789, -15.7935894 ], [ -47.9168089, -15.7935787 ], [ -47.9168373, -15.7935739 ], [ -47.9168664, -15.79358 ], [ -47.9169023, -15.7936005 ] ], [ [ -47.9169023, -15.7936005 ], [ -47.9170485, -15.7940177 ] ], [ [ -47.9170485, -15.7940177 ], [ -47.9171859, -15.7944345 ] ], [ [ -47.9171859, -15.7944345 ], [ -47.9172512, -15.7946469 ], [ -47.9172865, -15.7947616 ], [ -47.9173844, -15.7950429 ], [ -47.9174857, -15.7953546 ], [ -47.917603, -15.7956978 ], [ -47.9176654, -15.795854 ] ], [ [ -47.9176654, -15.795854 ], [ -47.9177371, -15.7959934 ], [ -47.9178384, -15.7961656 ], [ -47.9180054, -15.7963895 ], [ -47.9181797, -15.7965747 ], [ -47.9183983, -15.7967592 ] ], [ [ -47.9183983, -15.7967592 ], [ -47.9185708, -15.796876 ], [ -47.9188593, -15.797049 ], [ -47.9190444, -15.7971525 ], [ -47.9192495, -15.797277 ], [ -47.919347, -15.7973303 ], [ -47.9199545, -15.7976735 ], [ -47.9204754, -15.7979787 ], [ -47.9210482, -15.7983088 ], [ -47.9213266, -15.7984726 ], [ -47.9216109, -15.7986255 ] ], [ [ -47.9216109, -15.7986255 ], [ -47.9216335, -15.7986232 ], [ -47.9216605, -15.7986257 ], [ -47.9216863, -15.7986338 ], [ -47.9217095, -15.7986473 ], [ -47.9217291, -15.7986653 ], [ -47.9217455, -15.7986897 ], [ -47.9217552, -15.7987171 ], [ -47.9217576, -15.798746 ] ], [ [ -47.9217576, -15.798746 ], [ -47.9220534, -15.7988855 ], [ -47.9222573, -15.7990021 ], [ -47.9227743, -15.7993021 ], [ -47.9231304, -15.799504 ], [ -47.9231958, -15.7995432 ], [ -47.9233175, -15.7996163 ], [ -47.9240333, -15.8000368 ], [ -47.92421, -15.8001255 ], [ -47.9243688, -15.8001502 ] ], [ [ -47.9243688, -15.8001502 ], [ -47.9243846, -15.8001521 ], [ -47.9244187, -15.8001561 ], [ -47.9244638, -15.8001772 ], [ -47.9244995, -15.8002112 ], [ -47.924522, -15.8002544 ], [ -47.9245287, -15.8003023 ] ], [ [ -47.9245287, -15.8003023 ], [ -47.9245805, -15.8003311 ], [ -47.9248563, -15.8004909 ], [ -47.92502, -15.8005856 ], [ -47.9254384, -15.8008276 ], [ -47.9258996, -15.8010854 ], [ -47.9261212, -15.8012259 ], [ -47.9264778, -15.8014399 ], [ -47.9266171, -15.8015235 ], [ -47.9270041, -15.8017293 ], [ -47.9270992, -15.8017595 ] ], [ [ -47.9270992, -15.8017595 ], [ -47.9271207, -15.8017604 ], [ -47.9271418, -15.8017649 ], [ -47.9271617, -15.801773 ], [ -47.9271798, -15.8017844 ], [ -47.9271954, -15.8017987 ], [ -47.9272082, -15.8018154 ], [ -47.9272176, -15.8018341 ] ], [ [ -47.9307408, -15.80386 ], [ -47.9307427, -15.8038741 ], [ -47.9307367, -15.8039181 ], [ -47.9307262, -15.8039491 ], [ -47.9307092, -15.8039773 ], [ -47.9306865, -15.8040015 ], [ -47.930659, -15.8040206 ], [ -47.930628, -15.8040338 ] ], [ [ -47.930628, -15.8040338 ], [ -47.930598, -15.8040394 ] ], [ [ -47.930598, -15.8040394 ], [ -47.9305615, -15.8040402 ], [ -47.9305257, -15.8040332 ], [ -47.9304925, -15.8040187 ], [ -47.9304634, -15.8039975 ], [ -47.93044, -15.8039706 ], [ -47.9304234, -15.8039393 ] ], [ [ -47.9304234, -15.8039393 ], [ -47.9304141, -15.8038982 ] ], [ [ -47.9304141, -15.8038982 ], [ -47.9303107, -15.8038328 ], [ -47.9299097, -15.8035766 ], [ -47.9298272, -15.8035198 ], [ -47.9296113, -15.8033972 ], [ -47.9293437, -15.8032527 ], [ -47.9291461, -15.803134 ], [ -47.9290366, -15.8030682 ], [ -47.9287382, -15.8029062 ], [ -47.9281864, -15.8025875 ], [ -47.9276361, -15.8022633 ], [ -47.9275741, -15.8022268 ], [ -47.9273616, -15.8021126 ], [ -47.9272067, -15.8020191 ], [ -47.9271095, -15.8019907 ] ], [ [ -47.9335575, -15.7941196 ], [ -47.933606, -15.7941758 ], [ -47.9337016, -15.7942867 ], [ -47.9337949, -15.7944009 ], [ -47.9338217, -15.7944616 ], [ -47.9338284, -15.7945532 ], [ -47.933819, -15.7950119 ], [ -47.9338123, -15.7953378 ] ], [ [ -47.9338123, -15.7953378 ], [ -47.9338123, -15.7956901 ], [ -47.9338123, -15.7957649 ], [ -47.9337922, -15.7958411 ], [ -47.9336029, -15.7960445 ], [ -47.9335508, -15.7961005 ] ], [ [ -47.9335508, -15.7961005 ], [ -47.9335454, -15.7966579 ], [ -47.9335327, -15.7972406 ], [ -47.933538, -15.7973496 ] ], [ [ -47.933538, -15.7973496 ], [ -47.9336433, -15.79784 ] ], [ [ -47.9336433, -15.79784 ], [ -47.9336559, -15.7980535 ] ], [ [ -47.9336559, -15.7980535 ], [ -47.9336594, -15.7981542 ], [ -47.9336384, -15.7983808 ] ], [ [ -47.9336384, -15.7983808 ], [ -47.9335886, -15.798653 ] ], [ [ -47.9335886, -15.798653 ], [ -47.9334931, -15.7992556 ], [ -47.9334435, -15.7994827 ], [ -47.9333644, -15.7996982 ], [ -47.9333047, -15.7998608 ], [ -47.9331954, -15.800095 ], [ -47.9331189, -15.8002202 ], [ -47.9330158, -15.8003765 ], [ -47.932952, -15.8004731 ], [ -47.9327709, -15.8007383 ], [ -47.9325758, -15.8010351 ], [ -47.9323518, -15.8013784 ], [ -47.932211, -15.8015603 ], [ -47.9320521, -15.8017971 ] ], [ [ -47.9320521, -15.8017971 ], [ -47.9317879, -15.8021752 ] ], [ [ -47.9317879, -15.8021752 ], [ -47.9316558, -15.8023804 ], [ -47.9314862, -15.8026343 ], [ -47.9311267, -15.8031727 ], [ -47.9311002, -15.8032155 ], [ -47.9308538, -15.803614 ], [ -47.9307842, -15.8037709 ], [ -47.9307408, -15.80386 ] ], [ [ -47.9244398, -15.800432 ], [ -47.9244028, -15.8004433 ], [ -47.9243641, -15.8004454 ], [ -47.924326, -15.800438 ], [ -47.9242911, -15.8004217 ], [ -47.9242615, -15.8003975 ], [ -47.9242392, -15.8003669 ], [ -47.9242219, -15.8003091 ] ], [ [ -47.9242219, -15.8003091 ], [ -47.9241355, -15.8002617 ], [ -47.9240188, -15.8001942 ], [ -47.9232073, -15.7997242 ], [ -47.9231169, -15.7996723 ], [ -47.9230315, -15.7996228 ], [ -47.9226799, -15.7994156 ], [ -47.9221797, -15.7991266 ], [ -47.9219107, -15.7989701 ], [ -47.9216734, -15.7988528 ] ], [ [ -47.9216734, -15.7988528 ], [ -47.9216436, -15.7988584 ], [ -47.9216132, -15.7988567 ], [ -47.9215921, -15.798851 ], [ -47.9215724, -15.7988419 ], [ -47.9215547, -15.7988295 ], [ -47.9215396, -15.7988142 ], [ -47.9215265, -15.7987947 ], [ -47.9215177, -15.798773 ] ], [ [ -47.9215177, -15.798773 ], [ -47.9212685, -15.7986093 ], [ -47.9209692, -15.7984365 ], [ -47.9201445, -15.7979588 ], [ -47.9197738, -15.7977696 ], [ -47.9195211, -15.7976236 ], [ -47.9193352, -15.7975002 ], [ -47.9192901, -15.7974703 ], [ -47.9192339, -15.7974382 ], [ -47.9189745, -15.7972901 ], [ -47.9187691, -15.7971641 ] ], [ [ -47.9187691, -15.7971641 ], [ -47.9186695, -15.7970954 ], [ -47.9185066, -15.7969887 ] ], [ [ -47.9185066, -15.7969887 ], [ -47.9182944, -15.796868 ] ], [ [ -47.9182944, -15.796868 ], [ -47.9181254, -15.7967425 ], [ -47.9179893, -15.796616 ], [ -47.9178806, -15.7964747 ], [ -47.9176996, -15.7962227 ], [ -47.9175926, -15.7960382 ], [ -47.9175162, -15.7958914 ] ], [ [ -47.9175162, -15.7958914 ], [ -47.9174575, -15.7957301 ], [ -47.9173951, -15.7955584 ], [ -47.9173135, -15.7953145 ], [ -47.9172447, -15.7951092 ], [ -47.9171424, -15.7948019 ], [ -47.9171049, -15.7946908 ], [ -47.9170861, -15.7946352 ], [ -47.9170347, -15.7944896 ], [ -47.9169372, -15.7941805 ] ], [ [ -47.9169372, -15.7941805 ], [ -47.9168705, -15.7941444 ], [ -47.9167353, -15.794117 ] ], [ [ -47.9165765, -15.7941614 ], [ -47.9166122, -15.7941514 ], [ -47.9167353, -15.794117 ] ], [ [ -47.9167679, -15.7947878 ], [ -47.916737, -15.7946865 ], [ -47.9165765, -15.7941614 ] ], [ [ -47.9168563, -15.7950382 ], [ -47.9167679, -15.7947878 ] ], [ [ -47.9168563, -15.7950382 ], [ -47.9166472, -15.7951175 ], [ -47.9154063, -15.7954932 ], [ -47.9153235, -15.7955212 ], [ -47.9151194, -15.7955867 ], [ -47.9150131, -15.7956213 ], [ -47.9149316, -15.7956485 ], [ -47.9147301, -15.7957146 ], [ -47.9146803, -15.7957337 ], [ -47.9145648, -15.7957707 ], [ -47.9142634, -15.7958734 ], [ -47.913985, -15.7959683 ], [ -47.9137829, -15.7960372 ], [ -47.9137158, -15.7960544 ], [ -47.91345, -15.7961269 ], [ -47.9131567, -15.7962306 ] ], [ [ -47.9131567, -15.7962306 ], [ -47.9132572, -15.7965471 ] ], [ [ -47.9128914, -15.7962245 ], [ -47.9128572, -15.7961419 ] ], [ [ -47.9128572, -15.7961419 ], [ -47.9128058, -15.7959805 ] ], [ [ -47.9128058, -15.7959805 ], [ -47.9127492, -15.7958072 ], [ -47.9126729, -15.7955734 ], [ -47.9126547, -15.7955176 ], [ -47.9126389, -15.7954689 ], [ -47.9124303, -15.7948506 ], [ -47.9123495, -15.7946025 ], [ -47.9122407, -15.794293 ], [ -47.9117788, -15.7929231 ], [ -47.9115809, -15.7923361 ], [ -47.9111308, -15.791001 ], [ -47.9110039, -15.7906087 ], [ -47.9108989, -15.7903183 ], [ -47.9108914, -15.7902955 ], [ -47.9103304, -15.7885952 ], [ -47.9102976, -15.7884959 ] ], [ [ -47.9272176, -15.8018341 ], [ -47.9272902, -15.8018913 ], [ -47.9274108, -15.8019653 ], [ -47.9277109, -15.8021418 ], [ -47.927754, -15.8021671 ], [ -47.9288804, -15.8028084 ], [ -47.9291181, -15.8029474 ], [ -47.9292254, -15.8030129 ], [ -47.929426, -15.8031353 ], [ -47.9298737, -15.8034046 ], [ -47.9299854, -15.8034642 ], [ -47.9302341, -15.803593 ], [ -47.9304085, -15.8036833 ], [ -47.930526, -15.8037302 ] ], [ [ -47.930526, -15.8037302 ], [ -47.9305501, -15.8037237 ], [ -47.9305711, -15.8037222 ] ], [ [ -47.9305711, -15.8037222 ], [ -47.9306064, -15.8037247 ], [ -47.9306404, -15.8037345 ], [ -47.9306713, -15.8037511 ], [ -47.9306978, -15.8037738 ], [ -47.9307186, -15.8038014 ], [ -47.9307327, -15.8038327 ], [ -47.9307408, -15.80386 ] ], [ [ -47.9307427, -15.8038741 ], [ -47.9308038, -15.8039139 ], [ -47.930891, -15.8039619 ], [ -47.9316793, -15.8044676 ], [ -47.931987, -15.8046638 ], [ -47.9322369, -15.8048599 ] ], [ [ -47.9322369, -15.8048599 ], [ -47.9322925, -15.8049154 ], [ -47.9323383, -15.8049718 ], [ -47.9324021, -15.8050877 ] ], [ [ -47.9324021, -15.8050877 ], [ -47.9325312, -15.8054467 ] ], [ [ -47.9325312, -15.8054467 ], [ -47.932577, -15.8055602 ], [ -47.9326395, -15.8057348 ] ], [ [ -47.9326395, -15.8057348 ], [ -47.9327374, -15.8059419 ], [ -47.9328118, -15.8060548 ], [ -47.9329146, -15.8061533 ] ], [ [ -47.9329146, -15.8061533 ], [ -47.9330515, -15.8062554 ], [ -47.9338663, -15.8067673 ] ], [ [ -47.9338663, -15.8067673 ], [ -47.9341409, -15.8069399 ] ], [ [ -47.9341409, -15.8069399 ], [ -47.9342736, -15.8070263 ], [ -47.9345565, -15.8072013 ] ], [ [ -47.9345565, -15.8072013 ], [ -47.9349537, -15.8074708 ] ], [ [ -47.9349537, -15.8074708 ], [ -47.9350901, -15.8075592 ], [ -47.935136, -15.8075904 ], [ -47.9357935, -15.8079642 ], [ -47.9361499, -15.8081668 ], [ -47.9361934, -15.8081675 ], [ -47.9362397, -15.8081585 ], [ -47.9363302, -15.8081222 ] ], [ [ -47.9363302, -15.8081222 ], [ -47.9363882, -15.8080217 ], [ -47.9364336, -15.8079695 ], [ -47.9365384, -15.807912 ], [ -47.9366099, -15.8078998 ], [ -47.9366928, -15.8079022 ], [ -47.9367671, -15.8079246 ], [ -47.9367853, -15.8079315 ] ], [ [ -47.9364336, -15.8079695 ], [ -47.9367082, -15.8075394 ], [ -47.9367832, -15.807422 ] ], [ [ -47.9128914, -15.7962245 ], [ -47.9127638, -15.796261 ], [ -47.9126795, -15.7962 ] ] ] } },
{ "type": "Feature", "properties": { "id_osm": 3709346, "nome": "0.165 - Sudoeste/Esplanada(Terraço Shopping-Buriti-HFA", "ref": "0165" }, "geometry": { "type": "MultiLineString", "coordinates": [ [ [ -47.9363358, -15.8083063 ], [ -47.9363255, -15.80822 ], [ -47.9363302, -15.8081222 ] ], [ [ -47.9363302, -15.8081222 ], [ -47.9363882, -15.8080217 ], [ -47.9364336, -15.8079695 ], [ -47.9365384, -15.807912 ], [ -47.9366099, -15.8078998 ], [ -47.9366928, -15.8079022 ], [ -47.9367671, -15.8079246 ], [ -47.9367853, -15.8079315 ] ], [ [ -47.9328094, -15.8004089 ], [ -47.932882, -15.8002947 ], [ -47.9329795, -15.8001415 ], [ -47.9330868, -15.7999383 ], [ -47.9332068, -15.7996718 ], [ -47.9332577, -15.799524 ], [ -47.933296, -15.7993595 ], [ -47.9333355, -15.7991324 ], [ -47.933351, -15.7990195 ], [ -47.933373, -15.7986215 ] ], [ [ -47.9326817, -15.8006002 ], [ -47.9328094, -15.8004089 ] ], [ [ -47.9322036, -15.8012966 ], [ -47.9323967, -15.8010137 ], [ -47.9324385, -15.8009488 ], [ -47.9326817, -15.8006002 ] ], [ [ -47.9315505, -15.8022538 ], [ -47.9316474, -15.80212 ], [ -47.9319153, -15.8017191 ], [ -47.9322036, -15.8012966 ] ], [ [ -47.9312996, -15.8026293 ], [ -47.9313889, -15.8024927 ], [ -47.9315505, -15.8022538 ] ], [ [ -47.9305711, -15.8037222 ], [ -47.9306164, -15.8036716 ], [ -47.9306941, -15.8035532 ], [ -47.9310349, -15.803034 ], [ -47.9312996, -15.8026293 ] ], [ [ -47.933373, -15.7986215 ], [ -47.9333684, -15.7978684 ], [ -47.9333692, -15.7978361 ] ], [ [ -47.9333692, -15.7978361 ], [ -47.9333798, -15.797418 ] ], [ [ -47.9333798, -15.797418 ], [ -47.9333744, -15.7972425 ] ], [ [ -47.9333744, -15.7972425 ], [ -47.9333697, -15.7967889 ] ], [ [ -47.9333697, -15.7967889 ], [ -47.933375, -15.7965747 ], [ -47.9333798, -15.7963773 ] ], [ [ -47.9333798, -15.7963773 ], [ -47.933382, -15.7961286 ] ], [ [ -47.933382, -15.7961286 ], [ -47.9333836, -15.7959546 ], [ -47.9333865, -15.7955946 ], [ -47.9333926, -15.7948455 ], [ -47.9334012, -15.7939996 ] ], [ [ -47.9334012, -15.7939996 ], [ -47.9334025, -15.7935587 ], [ -47.9334065, -15.7935302 ], [ -47.9334126, -15.793486 ], [ -47.9334086, -15.7929337 ], [ -47.9333925, -15.7927762 ], [ -47.9333711, -15.792611 ], [ -47.9333161, -15.7924071 ], [ -47.933237, -15.7921498 ] ], [ [ -47.933237, -15.7921498 ], [ -47.9331484, -15.7918613 ] ], [ [ -47.9331484, -15.7918613 ], [ -47.9331847, -15.7917825 ], [ -47.9332289, -15.7917335 ], [ -47.9332839, -15.7917271 ], [ -47.9333778, -15.7917516 ] ], [ [ -47.9333778, -15.7917516 ], [ -47.9335147, -15.7922347 ], [ -47.9335508, -15.7925826 ], [ -47.9335977, -15.7930614 ] ], [ [ -47.9335977, -15.7930614 ], [ -47.9335957, -15.7932608 ], [ -47.9335937, -15.7934621 ], [ -47.9335921, -15.7934886 ], [ -47.9335842, -15.7936186 ], [ -47.9335806, -15.793677 ] ], [ [ -47.9335806, -15.793677 ], [ -47.9335608, -15.7940022 ] ], [ [ -47.9335608, -15.7940022 ], [ -47.9335575, -15.7941196 ] ], [ [ -47.9335575, -15.7941196 ], [ -47.9335542, -15.7948481 ], [ -47.9335526, -15.7959256 ], [ -47.9335508, -15.7961005 ] ], [ [ -47.9335508, -15.7961005 ], [ -47.9335454, -15.7966579 ], [ -47.9335327, -15.7972406 ], [ -47.933538, -15.7973496 ] ], [ [ -47.933538, -15.7973496 ], [ -47.9336433, -15.79784 ] ], [ [ -47.9336433, -15.79784 ], [ -47.9336802, -15.7979 ], [ -47.9337258, -15.7979619 ], [ -47.9343126, -15.7983486 ], [ -47.9345717, -15.7985002 ], [ -47.9346173, -15.7985267 ], [ -47.9348564, -15.7986859 ], [ -47.9349403, -15.7987355 ], [ -47.9351399, -15.798865 ], [ -47.93535, -15.7989953 ], [ -47.9362166, -15.7995674 ], [ -47.9363347, -15.7996497 ] ], [ [ -47.9363347, -15.7996497 ], [ -47.9365648, -15.7997767 ], [ -47.9365739, -15.7997824 ] ], [ [ -47.9365739, -15.7997824 ], [ -47.9369372, -15.8000112 ], [ -47.9372351, -15.8001798 ], [ -47.937458, -15.800323 ], [ -47.9375372, -15.8003793 ], [ -47.9378148, -15.8005686 ], [ -47.9381213, -15.8007732 ], [ -47.938533, -15.8010261 ], [ -47.9387073, -15.8011326 ], [ -47.9391821, -15.8014364 ], [ -47.9392786, -15.8014958 ], [ -47.9394476, -15.8015997 ], [ -47.9397172, -15.8017545 ], [ -47.9397679, -15.8017804 ], [ -47.9402711, -15.8021281 ], [ -47.9403408, -15.802163 ], [ -47.9404253, -15.8021907 ] ], [ [ -47.9404253, -15.8021907 ], [ -47.9405636, -15.8020811 ] ], [ [ -47.9405636, -15.8020811 ], [ -47.9406244, -15.8020875 ], [ -47.940668, -15.8021113 ], [ -47.9406918, -15.8021375 ], [ -47.9407052, -15.8021784 ], [ -47.9407076, -15.802212 ] ], [ [ -47.9407076, -15.802212 ], [ -47.9405071, -15.8023939 ] ], [ [ -47.9405071, -15.8023939 ], [ -47.9403091, -15.8026051 ] ], [ [ -47.9403091, -15.8026051 ], [ -47.9401343, -15.8027914 ], [ -47.9400967, -15.8028398 ], [ -47.9400645, -15.8028766 ] ], [ [ -47.9400645, -15.8028766 ], [ -47.9400145, -15.8029651 ], [ -47.9399202, -15.8031138 ], [ -47.9397219, -15.8034166 ], [ -47.9396971, -15.803445 ], [ -47.9395046, -15.803727 ] ], [ [ -47.9395046, -15.803727 ], [ -47.9392773, -15.8040599 ] ], [ [ -47.9392773, -15.8040599 ], [ -47.9391734, -15.8042444 ], [ -47.9390653, -15.8044074 ], [ -47.9389876, -15.8045244 ], [ -47.9385165, -15.8052363 ], [ -47.9383288, -15.8055 ], [ -47.9382788, -15.8055677 ], [ -47.9378517, -15.806189 ], [ -47.9377645, -15.8063123 ], [ -47.9374601, -15.8067736 ], [ -47.9372514, -15.8070906 ], [ -47.9370842, -15.8073446 ], [ -47.937043, -15.8074007 ], [ -47.9370089, -15.807442 ], [ -47.9369289, -15.8075598 ], [ -47.936882, -15.8076401 ], [ -47.936803, -15.8077485 ], [ -47.9367822, -15.8078207 ], [ -47.9367853, -15.8079315 ] ], [ [ -47.9367853, -15.8079315 ], [ -47.9368398, -15.8079698 ], [ -47.9368914, -15.8080218 ], [ -47.9369314, -15.8080923 ], [ -47.936951, -15.8081704 ], [ -47.9369486, -15.8082507 ], [ -47.9369357, -15.8083175 ], [ -47.9369051, -15.8083793 ], [ -47.9368677, -15.808414 ], [ -47.9368481, -15.8084345 ], [ -47.9368158, -15.8084629 ], [ -47.9367265, -15.8084911 ], [ -47.936646, -15.808504 ], [ -47.9365638, -15.8084989 ], [ -47.9364855, -15.8084698 ], [ -47.936406, -15.8084117 ], [ -47.9363358, -15.8083063 ] ], [ [ -47.9356868, -15.8088898 ], [ -47.935783, -15.8088479 ], [ -47.9358413, -15.8088037 ] ], [ [ -47.9354614, -15.8089309 ], [ -47.9356868, -15.8088898 ] ], [ [ -47.935503, -15.8089439 ], [ -47.935871, -15.8089294 ] ], [ [ -47.935871, -15.8089294 ], [ -47.935934, -15.8088989 ], [ -47.9359936, -15.8088638 ] ], [ [ -47.9359936, -15.8088638 ], [ -47.936371, -15.8084501 ], [ -47.936406, -15.8084117 ] ], [ [ -47.9358413, -15.8088037 ], [ -47.9359688, -15.8085888 ], [ -47.935997, -15.808504 ], [ -47.9359929, -15.8084614 ], [ -47.9359634, -15.8083827 ], [ -47.9359245, -15.8083349 ], [ -47.93584, -15.808233 ] ], [ [ -47.9363358, -15.8083063 ], [ -47.936186, -15.8082691 ], [ -47.9360164, -15.8082575 ], [ -47.93584, -15.808233 ], [ -47.935718, -15.8081736 ], [ -47.9356677, -15.80814 ], [ -47.9355289, -15.8080472 ], [ -47.9354121, -15.8079736 ] ], [ [ -47.9354121, -15.8079736 ], [ -47.9350511, -15.807741 ] ], [ [ -47.9350511, -15.807741 ], [ -47.9348738, -15.8076281 ], [ -47.9344607, -15.8073664 ], [ -47.934274, -15.8072455 ], [ -47.9335644, -15.806778 ], [ -47.933389, -15.8066625 ] ], [ [ -47.933389, -15.8066625 ], [ -47.9330995, -15.8064718 ], [ -47.9329345, -15.8063606 ] ], [ [ -47.9329345, -15.8063606 ], [ -47.9328317, -15.8063001 ] ], [ [ -47.9328317, -15.8063001 ], [ -47.9326663, -15.8061652 ], [ -47.9326049, -15.8060747 ], [ -47.9325892, -15.8060516 ], [ -47.9325148, -15.8058839 ], [ -47.9324617, -15.8057457 ], [ -47.932405, -15.8055826 ], [ -47.9322364, -15.8051872 ] ], [ [ -47.9322364, -15.8051872 ], [ -47.9321728, -15.8050777 ], [ -47.9321457, -15.805034 ] ], [ [ -47.9321457, -15.805034 ], [ -47.9319964, -15.8048773 ], [ -47.93192, -15.8048141 ] ], [ [ -47.93192, -15.8048141 ], [ -47.9315713, -15.8045889 ] ], [ [ -47.9315713, -15.8045889 ], [ -47.9307907, -15.8041325 ], [ -47.930628, -15.8040338 ] ], [ [ -47.930628, -15.8040338 ], [ -47.930598, -15.8040394 ] ], [ [ -47.930598, -15.8040394 ], [ -47.9305615, -15.8040402 ], [ -47.9305257, -15.8040332 ], [ -47.9304925, -15.8040187 ], [ -47.9304634, -15.8039975 ], [ -47.93044, -15.8039706 ], [ -47.9304234, -15.8039393 ] ], [ [ -47.9304234, -15.8039393 ], [ -47.9304141, -15.8038982 ] ], [ [ -47.9304141, -15.8038982 ], [ -47.9303107, -15.8038328 ], [ -47.9299097, -15.8035766 ], [ -47.9298272, -15.8035198 ], [ -47.9296113, -15.8033972 ], [ -47.9293437, -15.8032527 ], [ -47.9291461, -15.803134 ], [ -47.9290366, -15.8030682 ], [ -47.9287382, -15.8029062 ], [ -47.9281864, -15.8025875 ], [ -47.9276361, -15.8022633 ], [ -47.9275741, -15.8022268 ], [ -47.9273616, -15.8021126 ], [ -47.9272067, -15.8020191 ], [ -47.9271095, -15.8019907 ] ], [ [ -47.9271095, -15.8019907 ], [ -47.9270839, -15.801989 ], [ -47.9270581, -15.8019815 ], [ -47.9270351, -15.8019691 ], [ -47.9270155, -15.8019522 ], [ -47.9270002, -15.8019316 ], [ -47.92699, -15.8019082 ] ], [ [ -47.92699, -15.8019082 ], [ -47.9269411, -15.8018729 ], [ -47.9267634, -15.8017629 ], [ -47.9264075, -15.8015569 ], [ -47.9256624, -15.8011255 ], [ -47.9249463, -15.8007129 ], [ -47.9248202, -15.8006403 ], [ -47.92455, -15.8004983 ], [ -47.9244398, -15.800432 ] ], [ [ -47.9244398, -15.800432 ], [ -47.9244028, -15.8004433 ], [ -47.9243641, -15.8004454 ], [ -47.924326, -15.800438 ], [ -47.9242911, -15.8004217 ], [ -47.9242615, -15.8003975 ], [ -47.9242392, -15.8003669 ], [ -47.9242219, -15.8003091 ] ], [ [ -47.9242219, -15.8003091 ], [ -47.9241355, -15.8002617 ], [ -47.9240188, -15.8001942 ], [ -47.9232073, -15.7997242 ], [ -47.9231169, -15.7996723 ], [ -47.9230315, -15.7996228 ], [ -47.9226799, -15.7994156 ], [ -47.9221797, -15.7991266 ], [ -47.9219107, -15.7989701 ], [ -47.9216734, -15.7988528 ] ], [ [ -47.9216734, -15.7988528 ], [ -47.9216436, -15.7988584 ], [ -47.9216132, -15.7988567 ], [ -47.9215921, -15.798851 ], [ -47.9215724, -15.7988419 ], [ -47.9215547, -15.7988295 ], [ -47.9215396, -15.7988142 ], [ -47.9215265, -15.7987947 ], [ -47.9215177, -15.798773 ] ], [ [ -47.9272176, -15.8018341 ], [ -47.9272902, -15.8018913 ], [ -47.9274108, -15.8019653 ], [ -47.9277109, -15.8021418 ], [ -47.927754, -15.8021671 ], [ -47.9288804, -15.8028084 ], [ -47.9291181, -15.8029474 ], [ -47.9292254, -15.8030129 ], [ -47.929426, -15.8031353 ], [ -47.9298737, -15.8034046 ], [ -47.9299854, -15.8034642 ], [ -47.9302341, -15.803593 ], [ -47.9304085, -15.8036833 ], [ -47.930526, -15.8037302 ] ], [ [ -47.930526, -15.8037302 ], [ -47.9305501, -15.8037237 ], [ -47.9305711, -15.8037222 ] ], [ [ -47.9217576, -15.798746 ], [ -47.9220534, -15.7988855 ], [ -47.9222573, -15.7990021 ], [ -47.9227743, -15.7993021 ], [ -47.9231304, -15.799504 ], [ -47.9231958, -15.7995432 ], [ -47.9233175, -15.7996163 ], [ -47.9240333, -15.8000368 ], [ -47.92421, -15.8001255 ], [ -47.9243688, -15.8001502 ] ], [ [ -47.9216109, -15.7986255 ], [ -47.9216335, -15.7986232 ], [ -47.9216605, -15.7986257 ], [ -47.9216863, -15.7986338 ], [ -47.9217095, -15.7986473 ], [ -47.9217291, -15.7986653 ], [ -47.9217455, -15.7986897 ], [ -47.9217552, -15.7987171 ], [ -47.9217576, -15.798746 ] ], [ [ -47.9243688, -15.8001502 ], [ -47.9243846, -15.8001521 ], [ -47.9244187, -15.8001561 ], [ -47.9244638, -15.8001772 ], [ -47.9244995, -15.8002112 ], [ -47.924522, -15.8002544 ], [ -47.9245287, -15.8003023 ] ], [ [ -47.9245287, -15.8003023 ], [ -47.9245805, -15.8003311 ], [ -47.9248563, -15.8004909 ], [ -47.92502, -15.8005856 ], [ -47.9254384, -15.8008276 ], [ -47.9258996, -15.8010854 ], [ -47.9261212, -15.8012259 ], [ -47.9264778, -15.8014399 ], [ -47.9266171, -15.8015235 ], [ -47.9270041, -15.8017293 ], [ -47.9270992, -15.8017595 ] ], [ [ -47.9270992, -15.8017595 ], [ -47.9271207, -15.8017604 ], [ -47.9271418, -15.8017649 ], [ -47.9271617, -15.801773 ], [ -47.9271798, -15.8017844 ], [ -47.9271954, -15.8017987 ], [ -47.9272082, -15.8018154 ], [ -47.9272176, -15.8018341 ] ], [ [ -47.9176654, -15.795854 ], [ -47.9177371, -15.7959934 ], [ -47.9178384, -15.7961656 ], [ -47.9180054, -15.7963895 ], [ -47.9181797, -15.7965747 ], [ -47.9183983, -15.7967592 ] ], [ [ -47.9171859, -15.7944345 ], [ -47.9172512, -15.7946469 ], [ -47.9172865, -15.7947616 ], [ -47.9173844, -15.7950429 ], [ -47.9174857, -15.7953546 ], [ -47.917603, -15.7956978 ], [ -47.9176654, -15.795854 ] ], [ [ -47.9170485, -15.7940177 ], [ -47.9171859, -15.7944345 ] ], [ [ -47.9169023, -15.7936005 ], [ -47.9170485, -15.7940177 ] ], [ [ -47.9183983, -15.7967592 ], [ -47.9185708, -15.796876 ], [ -47.9188593, -15.797049 ], [ -47.9190444, -15.7971525 ], [ -47.9192495, -15.797277 ], [ -47.919347, -15.7973303 ], [ -47.9199545, -15.7976735 ], [ -47.9204754, -15.7979787 ], [ -47.9210482, -15.7983088 ], [ -47.9213266, -15.7984726 ], [ -47.9216109, -15.7986255 ] ], [ [ -47.9215177, -15.798773 ], [ -47.9212685, -15.7986093 ], [ -47.9209692, -15.7984365 ], [ -47.9201445, -15.7979588 ], [ -47.9197738, -15.7977696 ], [ -47.9195211, -15.7976236 ], [ -47.9193352, -15.7975002 ], [ -47.9192901, -15.7974703 ], [ -47.9192339, -15.7974382 ], [ -47.9189745, -15.7972901 ], [ -47.9187691, -15.7971641 ] ], [ [ -47.9187691, -15.7971641 ], [ -47.9186695, -15.7970954 ], [ -47.9185066, -15.7969887 ] ], [ [ -47.9185066, -15.7969887 ], [ -47.9182944, -15.796868 ] ], [ [ -47.9182944, -15.796868 ], [ -47.9181254, -15.7967425 ], [ -47.9179893, -15.796616 ], [ -47.9178806, -15.7964747 ], [ -47.9176996, -15.7962227 ], [ -47.9175926, -15.7960382 ], [ -47.9175162, -15.7958914 ] ], [ [ -47.9175162, -15.7958914 ], [ -47.9174575, -15.7957301 ], [ -47.9173951, -15.7955584 ], [ -47.9173135, -15.7953145 ], [ -47.9172447, -15.7951092 ], [ -47.9171424, -15.7948019 ], [ -47.9171049, -15.7946908 ], [ -47.9170861, -15.7946352 ], [ -47.9170347, -15.7944896 ], [ -47.9169372, -15.7941805 ] ], [ [ -47.9169372, -15.7941805 ], [ -47.9168485, -15.7939142 ] ], [ [ -47.9168485, -15.7939142 ], [ -47.9167555, -15.793637 ] ], [ [ -47.9167555, -15.793637 ], [ -47.9166536, -15.793335 ], [ -47.9165473, -15.79302 ], [ -47.9163409, -15.7924084 ], [ -47.9159739, -15.7913338 ], [ -47.9157971, -15.790791 ] ], [ [ -47.9157971, -15.790791 ], [ -47.9156977, -15.7904859 ] ], [ [ -47.9156977, -15.7904859 ], [ -47.9155861, -15.790166 ], [ -47.9155176, -15.7899694 ], [ -47.9153087, -15.789353 ], [ -47.9149854, -15.78839 ], [ -47.9149098, -15.7881688 ], [ -47.9148556, -15.7880059 ], [ -47.9147832, -15.7877877 ], [ -47.9147286, -15.7876323 ] ], [ [ -47.9147286, -15.7876323 ], [ -47.9146197, -15.7872793 ] ], [ [ -47.9146197, -15.7872793 ], [ -47.9143683, -15.7865618 ], [ -47.9142134, -15.7861134 ] ], [ [ -47.9142134, -15.7861134 ], [ -47.9139524, -15.7853948 ], [ -47.9139156, -15.7852836 ], [ -47.9138915, -15.7852268 ], [ -47.9138587, -15.785168 ], [ -47.9138057, -15.7851074 ], [ -47.9137447, -15.7850745 ], [ -47.9136578, -15.7850579 ] ], [ [ -47.9136578, -15.7850579 ], [ -47.9129765, -15.7852706 ], [ -47.9128664, -15.785305 ], [ -47.9126372, -15.7853766 ] ], [ [ -47.9126372, -15.7853766 ], [ -47.9122604, -15.7854992 ] ], [ [ -47.9122604, -15.7854992 ], [ -47.9104919, -15.7860558 ] ], [ [ -47.9104919, -15.7860558 ], [ -47.9104131, -15.786081 ], [ -47.9101342, -15.7861701 ], [ -47.9098095, -15.7862739 ] ], [ [ -47.8618433, -15.7993489 ], [ -47.8618951, -15.7993329 ], [ -47.8623799, -15.7991879 ], [ -47.8624665, -15.7991608 ], [ -47.8625324, -15.7991402 ], [ -47.8625826, -15.7991245 ], [ -47.8656243, -15.7981722 ], [ -47.865987, -15.7980587 ], [ -47.8664047, -15.7979279 ], [ -47.8665206, -15.7978916 ], [ -47.8665932, -15.7978705 ], [ -47.86726, -15.7976604 ], [ -47.8674802, -15.7975912 ], [ -47.8675482, -15.7975676 ], [ -47.8677889, -15.7974946 ], [ -47.8680854, -15.7974017 ], [ -47.8688622, -15.797152 ], [ -47.868986, -15.7971122 ], [ -47.8694411, -15.7969773 ], [ -47.8697047, -15.7968958 ], [ -47.8698189, -15.7968612 ], [ -47.8704941, -15.796652 ], [ -47.870533, -15.7966391 ], [ -47.8706322, -15.7966063 ], [ -47.8708382, -15.7965472 ], [ -47.871031, -15.7964795 ], [ -47.871198, -15.796424 ], [ -47.8712956, -15.7963954 ], [ -47.871491, -15.796338 ], [ -47.872153, -15.7961276 ], [ -47.8723116, -15.7960799 ], [ -47.8727497, -15.7959415 ], [ -47.8729673, -15.7958747 ], [ -47.8731514, -15.7958182 ], [ -47.8737967, -15.7956145 ], [ -47.8739559, -15.7955643 ], [ -47.8744157, -15.7954198 ], [ -47.8744619, -15.7954054 ], [ -47.8745537, -15.7953768 ], [ -47.8746291, -15.7953525 ], [ -47.8747147, -15.7953242 ] ], [ [ -47.8747147, -15.7953242 ], [ -47.8748073, -15.7952943 ], [ -47.8751782, -15.7951716 ] ], [ [ -47.8751782, -15.7951716 ], [ -47.8754488, -15.7951139 ] ], [ [ -47.8754488, -15.7951139 ], [ -47.8759156, -15.7949508 ] ], [ [ -47.8759156, -15.7949508 ], [ -47.8760099, -15.7949212 ] ], [ [ -47.8760099, -15.7949212 ], [ -47.876637, -15.7947158 ] ], [ [ -47.876637, -15.7947158 ], [ -47.876754, -15.7946793 ] ], [ [ -47.876754, -15.7946793 ], [ -47.8773289, -15.7944978 ], [ -47.8778682, -15.7943275 ], [ -47.8783759, -15.7941671 ], [ -47.8790401, -15.7939574 ], [ -47.8793811, -15.7938497 ], [ -47.8797853, -15.7937221 ], [ -47.8799647, -15.7936655 ], [ -47.880455, -15.7935106 ], [ -47.8805069, -15.7934943 ], [ -47.8807614, -15.7934139 ], [ -47.8809536, -15.7933532 ] ], [ [ -47.8809536, -15.7933532 ], [ -47.8816376, -15.7931078 ] ], [ [ -47.8816376, -15.7931078 ], [ -47.8821211, -15.7929354 ], [ -47.8825395, -15.792786 ], [ -47.8826902, -15.7927321 ], [ -47.882824, -15.7926826 ], [ -47.882926, -15.7926448 ], [ -47.8832313, -15.7925319 ], [ -47.8834227, -15.7924611 ] ], [ [ -47.8834227, -15.7924611 ], [ -47.8840486, -15.7922341 ] ], [ [ -47.8840486, -15.7922341 ], [ -47.8847246, -15.7919826 ], [ -47.8848798, -15.7919212 ], [ -47.8850136, -15.7918656 ], [ -47.8856658, -15.7916356 ], [ -47.8863168, -15.7914538 ], [ -47.8870128, -15.7911781 ], [ -47.8875356, -15.7909429 ], [ -47.8877243, -15.7908742 ] ], [ [ -47.8877243, -15.7908742 ], [ -47.8882894, -15.7906661 ], [ -47.8887619, -15.7904869 ] ], [ [ -47.8887619, -15.7904869 ], [ -47.8889524, -15.790419 ] ], [ [ -47.8889524, -15.790419 ], [ -47.8893286, -15.7902727 ] ], [ [ -47.8893286, -15.7902727 ], [ -47.8894955, -15.7902107 ] ], [ [ -47.8894955, -15.7902107 ], [ -47.890095, -15.7899771 ], [ -47.8904325, -15.7898633 ], [ -47.8907565, -15.7897402 ], [ -47.8910394, -15.7896389 ] ], [ [ -47.8910394, -15.7896389 ], [ -47.8919013, -15.7893192 ], [ -47.8921281, -15.7892356 ] ], [ [ -47.8921281, -15.7892356 ], [ -47.8923379, -15.7891526 ], [ -47.8926037, -15.7890541 ] ], [ [ -47.8926037, -15.7890541 ], [ -47.8941192, -15.7885071 ], [ -47.8944985, -15.7883674 ], [ -47.8948274, -15.7882339 ], [ -47.8949706, -15.7881758 ], [ -47.895053, -15.7881511 ], [ -47.8951171, -15.7881254 ], [ -47.8954607, -15.7879975 ], [ -47.8960147, -15.7877902 ], [ -47.8972574, -15.7873485 ], [ -47.8977101, -15.7872042 ], [ -47.8982073, -15.7870458 ], [ -47.8985663, -15.7869314 ], [ -47.8990407, -15.7867802 ], [ -47.8993634, -15.7866773 ], [ -47.9000691, -15.7864474 ], [ -47.900544, -15.7862927 ], [ -47.900731, -15.7862326 ], [ -47.9007573, -15.7862241 ] ], [ [ -47.9007573, -15.7862241 ], [ -47.9008079, -15.7862092 ], [ -47.9008941, -15.7861837 ], [ -47.9011864, -15.7860963 ], [ -47.9017176, -15.7859211 ], [ -47.9023969, -15.7857191 ], [ -47.9025887, -15.7856642 ], [ -47.9028019, -15.7856365 ], [ -47.9030687, -15.7856049 ], [ -47.9038973, -15.7855205 ], [ -47.9043274, -15.7854756 ], [ -47.9045221, -15.7854553 ], [ -47.9053688, -15.7853906 ], [ -47.9057272, -15.7853507 ], [ -47.9059622, -15.7853261 ], [ -47.9062128, -15.785289 ] ], [ [ -47.9062128, -15.785289 ], [ -47.9063389, -15.7852732 ], [ -47.9063868, -15.7852672 ], [ -47.906988, -15.7852085 ] ], [ [ -47.906988, -15.7852085 ], [ -47.9071711, -15.7851913 ], [ -47.9073402, -15.7851663 ], [ -47.9075204, -15.7851175 ], [ -47.9085702, -15.7847751 ], [ -47.9092105, -15.7845766 ] ], [ [ -47.9092105, -15.7845766 ], [ -47.9093461, -15.7845349 ], [ -47.9097, -15.7844263 ], [ -47.9097666, -15.7844058 ] ], [ [ -47.9097666, -15.7844058 ], [ -47.9102444, -15.7842534 ], [ -47.9104868, -15.7841784 ], [ -47.9116433, -15.7838206 ] ], [ [ -47.9116433, -15.7838206 ], [ -47.9120271, -15.783698 ], [ -47.9124092, -15.78358 ], [ -47.912797, -15.7834562 ], [ -47.9135998, -15.7832066 ], [ -47.9154888, -15.7826115 ] ], [ [ -47.9154888, -15.7826115 ], [ -47.9155635, -15.7826325 ], [ -47.9156118, -15.7826531 ], [ -47.9156417, -15.7826818 ], [ -47.9156648, -15.7827263 ], [ -47.9156849, -15.7827699 ], [ -47.9157258, -15.7828802 ], [ -47.9157377, -15.7829151 ], [ -47.9158874, -15.7833474 ], [ -47.9159226, -15.7834536 ], [ -47.9160758, -15.7838894 ], [ -47.9160926, -15.7839424 ], [ -47.9161315, -15.7840566 ], [ -47.9161449, -15.7841147 ], [ -47.9161412, -15.7841653 ], [ -47.9161225, -15.784214 ], [ -47.9160877, -15.7842906 ] ], [ [ -47.9160877, -15.7842906 ], [ -47.9147634, -15.7847096 ] ], [ [ -47.9147634, -15.7847096 ], [ -47.9141929, -15.7848901 ] ], [ [ -47.9141929, -15.7848901 ], [ -47.9141369, -15.7849519 ], [ -47.914095, -15.7850218 ], [ -47.9140708, -15.7851122 ], [ -47.9140669, -15.7851755 ], [ -47.9140742, -15.7852342 ], [ -47.9141034, -15.78533 ], [ -47.9147545, -15.7872355 ], [ -47.9149111, -15.7876778 ] ], [ [ -47.9149111, -15.7876778 ], [ -47.9149999, -15.7879572 ], [ -47.9150529, -15.788112 ] ], [ [ -47.9150529, -15.788112 ], [ -47.9151341, -15.7883608 ], [ -47.9151582, -15.7884321 ], [ -47.9152809, -15.7887841 ], [ -47.9155155, -15.7894649 ], [ -47.9155937, -15.7897005 ], [ -47.9156651, -15.7899158 ], [ -47.9158341, -15.7904195 ], [ -47.9159463, -15.7907536 ], [ -47.9159977, -15.7909271 ] ], [ [ -47.9159977, -15.7909271 ], [ -47.9161208, -15.7912951 ] ], [ [ -47.9161208, -15.7912951 ], [ -47.9163346, -15.7919045 ], [ -47.9164347, -15.7921898 ], [ -47.9165871, -15.7926241 ], [ -47.9166996, -15.7929776 ], [ -47.9167901, -15.7932619 ], [ -47.9168135, -15.7933356 ], [ -47.9169023, -15.7936005 ] ], [ [ -47.9081016, -15.7868132 ], [ -47.9078965, -15.7868847 ], [ -47.9076957, -15.7869798 ] ], [ [ -47.9076957, -15.7869798 ], [ -47.9076336, -15.787018 ], [ -47.907324, -15.7872088 ] ], [ [ -47.907324, -15.7872088 ], [ -47.9069625, -15.7874024 ], [ -47.9068744, -15.7874585 ], [ -47.9067783, -15.7875124 ] ], [ [ -47.9067783, -15.7875124 ], [ -47.9062258, -15.7878233 ] ], [ [ -47.9062258, -15.7878233 ], [ -47.9054971, -15.7882124 ], [ -47.9042074, -15.7889022 ], [ -47.9038319, -15.7890925 ], [ -47.9035791, -15.7892054 ], [ -47.9032145, -15.7893445 ], [ -47.9029478, -15.7894387 ], [ -47.9022186, -15.7896573 ], [ -47.9020887, -15.7896962 ] ], [ [ -47.9020887, -15.7896962 ], [ -47.9019977, -15.7897251 ], [ -47.9019315, -15.7897452 ], [ -47.9005806, -15.7901794 ], [ -47.900377, -15.790242 ], [ -47.8998269, -15.790411 ], [ -47.8988808, -15.7907019 ], [ -47.8984805, -15.790818 ] ], [ [ -47.8984805, -15.790818 ], [ -47.8975783, -15.7910779 ], [ -47.8973418, -15.791135 ], [ -47.8971572, -15.7911741 ], [ -47.896596, -15.7913055 ], [ -47.896319, -15.7913747 ], [ -47.8960133, -15.7914522 ], [ -47.8953027, -15.7916377 ], [ -47.8952692, -15.7916464 ], [ -47.8948905, -15.7917437 ] ], [ [ -47.8948905, -15.7917437 ], [ -47.8945962, -15.7918193 ], [ -47.8944973, -15.7918447 ], [ -47.8944593, -15.7918545 ], [ -47.8941752, -15.7919275 ], [ -47.8940372, -15.7919629 ], [ -47.8939411, -15.7919868 ], [ -47.8938552, -15.7920113 ], [ -47.8937331, -15.7920414 ], [ -47.8933937, -15.7921277 ] ], [ [ -47.8933937, -15.7921277 ], [ -47.8926507, -15.7923432 ], [ -47.8922978, -15.7924443 ] ], [ [ -47.8922978, -15.7924443 ], [ -47.8920277, -15.7925148 ], [ -47.8918639, -15.7925577 ], [ -47.8917398, -15.7925902 ], [ -47.8914155, -15.7926752 ], [ -47.8910536, -15.7927701 ], [ -47.8903927, -15.7929427 ] ], [ [ -47.8903927, -15.7929427 ], [ -47.890199, -15.7929916 ] ], [ [ -47.890199, -15.7929916 ], [ -47.8898315, -15.7930882 ] ], [ [ -47.8898315, -15.7930882 ], [ -47.8896859, -15.7931298 ] ], [ [ -47.8896859, -15.7931298 ], [ -47.8887632, -15.7933847 ], [ -47.8885494, -15.7934352 ] ], [ [ -47.8885494, -15.7934352 ], [ -47.8876256, -15.7936717 ], [ -47.8872296, -15.7937566 ], [ -47.886342, -15.7940257 ], [ -47.8855048, -15.7942353 ], [ -47.88506, -15.7943492 ], [ -47.885052, -15.7943512 ], [ -47.884738, -15.7944317 ], [ -47.8846675, -15.7944498 ] ], [ [ -47.8846675, -15.7944498 ], [ -47.8841833, -15.7946119 ], [ -47.8833993, -15.7947697 ], [ -47.8832808, -15.7947945 ], [ -47.8829953, -15.794876 ], [ -47.882936, -15.7948932 ] ], [ [ -47.882936, -15.7948932 ], [ -47.8828152, -15.7949245 ] ], [ [ -47.8828152, -15.7949245 ], [ -47.8826429, -15.7949707 ], [ -47.8825668, -15.7949885 ], [ -47.8823043, -15.7950736 ], [ -47.8822498, -15.7950913 ] ], [ [ -47.8822498, -15.7950913 ], [ -47.8819277, -15.795174 ] ], [ [ -47.8819277, -15.795174 ], [ -47.8817804, -15.795211 ] ], [ [ -47.8817804, -15.795211 ], [ -47.8813736, -15.7953201 ], [ -47.8808905, -15.795473 ], [ -47.8808379, -15.7954901 ], [ -47.8806056, -15.7955625 ], [ -47.8794873, -15.7959163 ], [ -47.8791634, -15.7960242 ], [ -47.8787399, -15.796155 ], [ -47.8773893, -15.7965722 ] ], [ [ -47.8773893, -15.7965722 ], [ -47.8772364, -15.7966181 ] ], [ [ -47.8772364, -15.7966181 ], [ -47.8769728, -15.796709 ] ], [ [ -47.8769728, -15.796709 ], [ -47.8765856, -15.7968337 ] ], [ [ -47.8765856, -15.7968337 ], [ -47.876132, -15.7969962 ] ], [ [ -47.876132, -15.7969962 ], [ -47.8760851, -15.7970125 ], [ -47.8760142, -15.797038 ] ], [ [ -47.8760142, -15.797038 ], [ -47.8757373, -15.7971188 ], [ -47.8753573, -15.7972496 ] ], [ [ -47.8753573, -15.7972496 ], [ -47.8752545, -15.7972789 ], [ -47.8750645, -15.7973318 ], [ -47.8748555, -15.79739 ], [ -47.8746247, -15.7974576 ], [ -47.8743789, -15.7975432 ], [ -47.8741373, -15.7976272 ], [ -47.8739278, -15.7976884 ], [ -47.8738784, -15.7977028 ], [ -47.8736121, -15.7977803 ], [ -47.8734908, -15.7978178 ], [ -47.8729611, -15.7979816 ], [ -47.8727912, -15.7980339 ], [ -47.872516, -15.7981186 ], [ -47.8722411, -15.7982115 ], [ -47.8721783, -15.7982329 ], [ -47.8721463, -15.7982438 ], [ -47.8719899, -15.7982894 ], [ -47.8718075, -15.7983425 ], [ -47.8715061, -15.7984356 ], [ -47.871292, -15.7985026 ], [ -47.8711331, -15.798552 ], [ -47.8707942, -15.7986563 ], [ -47.8704853, -15.7987614 ], [ -47.8702949, -15.7988195 ], [ -47.8696745, -15.7990089 ], [ -47.8694862, -15.7990666 ], [ -47.8691852, -15.7991588 ], [ -47.8689615, -15.7992286 ], [ -47.8688997, -15.799251 ], [ -47.8688859, -15.7992547 ], [ -47.8688209, -15.7992714 ], [ -47.868628, -15.7993321 ], [ -47.8681938, -15.7994685 ], [ -47.868118, -15.7994921 ], [ -47.8680206, -15.7995243 ], [ -47.867846, -15.7995821 ], [ -47.867146, -15.7997956 ], [ -47.8671206, -15.7998036 ], [ -47.8669721, -15.799853 ], [ -47.8663951, -15.8000302 ], [ -47.8657854, -15.8002206 ] ], [ [ -47.8657854, -15.8002206 ], [ -47.8637544, -15.8008866 ] ], [ [ -47.8627619, -15.8012085 ], [ -47.8624312, -15.8013071 ], [ -47.862329, -15.8013342 ], [ -47.8622612, -15.8013414 ], [ -47.8622139, -15.8013256 ] ], [ [ -47.8622139, -15.8013256 ], [ -47.8621767, -15.8012906 ], [ -47.8621441, -15.8012216 ], [ -47.8620323, -15.8008939 ], [ -47.8617193, -15.7999559 ], [ -47.8616337, -15.7996943 ] ], [ [ -47.8616337, -15.7996943 ], [ -47.8616385, -15.7996078 ], [ -47.8616638, -15.7995195 ], [ -47.8616952, -15.7994748 ], [ -47.8617383, -15.7994365 ], [ -47.8618433, -15.7993489 ] ] ] } },
{ "type": "Feature", "properties": { "id_osm": 3783075, "nome": "Linha 0.113 - Aeroporto/Eixo L/Esplanada/Setor Hoteleiro Norte-Sul/Centro de Convenções /Eixo W/Aeroporto", "ref": "0113" }, "geometry": { "type": "MultiLineString", "coordinates": [ [ [ -47.9217585, -15.8710146 ], [ -47.9217374, -15.8709626 ], [ -47.9217273, -15.8709179 ], [ -47.921718, -15.8708375 ], [ -47.9217353, -15.870549 ], [ -47.9217737, -15.8699247 ] ], [ [ -47.9229742, -15.8718408 ], [ -47.9227033, -15.8716002 ], [ -47.9226744, -15.8715801 ], [ -47.9224451, -15.8714377 ], [ -47.9221346, -15.8712661 ], [ -47.9220809, -15.8712279 ], [ -47.9219905, -15.8711635 ], [ -47.9217585, -15.8710146 ] ], [ [ -47.9217737, -15.8699247 ], [ -47.9218151, -15.8694531 ], [ -47.9218479, -15.8690767 ], [ -47.9218992, -15.8689441 ], [ -47.9219753, -15.8688723 ] ], [ [ -47.9219753, -15.8688723 ], [ -47.9222392, -15.8687229 ], [ -47.9224744, -15.8685485 ], [ -47.9226895, -15.8684021 ], [ -47.9227424, -15.8683776 ], [ -47.9228844, -15.8682975 ] ], [ [ -47.9228844, -15.8682975 ], [ -47.9229668, -15.8682707 ], [ -47.9234332, -15.8680275 ], [ -47.9236304, -15.867946 ], [ -47.9238331, -15.8678889 ], [ -47.923927, -15.867876 ], [ -47.9240598, -15.8678683 ], [ -47.9241832, -15.8678812 ], [ -47.9243119, -15.8679186 ], [ -47.9244554, -15.8679818 ], [ -47.9246056, -15.8680656 ], [ -47.9247196, -15.8681753 ], [ -47.9247786, -15.8682643 ], [ -47.9248483, -15.8684062 ], [ -47.9252031, -15.8691719 ] ], [ [ -47.9252031, -15.8691719 ], [ -47.9254269, -15.8695653 ], [ -47.9254929, -15.8696779 ], [ -47.9255652, -15.8697906 ], [ -47.9256749, -15.869896 ], [ -47.925825, -15.8700046 ] ], [ [ -47.925825, -15.8700046 ], [ -47.925975, -15.8700609 ], [ -47.9260912, -15.8700994 ], [ -47.9261827, -15.8701141 ], [ -47.9264899, -15.8701451 ], [ -47.9280707, -15.8702383 ], [ -47.9282878, -15.8702495 ], [ -47.9287519, -15.8702728 ], [ -47.9302402, -15.8703803 ], [ -47.9308775, -15.8704231 ], [ -47.9311918, -15.8704379 ], [ -47.9330783, -15.8705479 ], [ -47.9332423, -15.8705605 ], [ -47.9334193, -15.8705669 ], [ -47.9336272, -15.8705643 ], [ -47.9338659, -15.8705424 ], [ -47.9339363, -15.8705309 ], [ -47.9341891, -15.8704818 ], [ -47.9346626, -15.870327 ], [ -47.9348905, -15.8702186 ], [ -47.9351346, -15.8700896 ], [ -47.9355383, -15.8698071 ], [ -47.9357354, -15.8696252 ], [ -47.9359218, -15.8694124 ], [ -47.9360399, -15.869246 ], [ -47.9361632, -15.8690473 ], [ -47.9362705, -15.8688448 ], [ -47.9363886, -15.8685894 ], [ -47.9364704, -15.8683378 ], [ -47.936524, -15.8681005 ], [ -47.9365589, -15.8678309 ], [ -47.9365723, -15.8676103 ], [ -47.9365656, -15.8673497 ], [ -47.9365388, -15.867111 ], [ -47.9364938, -15.8668724 ], [ -47.9364006, -15.8664802 ], [ -47.9362888, -15.8660584 ], [ -47.9358382, -15.8643857 ], [ -47.9357018, -15.8638791 ], [ -47.9354653, -15.8630004 ], [ -47.9352277, -15.862116 ], [ -47.9352256, -15.8621101 ] ], [ [ -47.9352256, -15.8621101 ], [ -47.9350066, -15.8613132 ], [ -47.9347078, -15.8602261 ] ], [ [ -47.9347078, -15.8602261 ], [ -47.934706, -15.8602198 ], [ -47.9344318, -15.8592513 ] ], [ [ -47.9344318, -15.8592513 ], [ -47.9341711, -15.8583302 ], [ -47.9341612, -15.8582954 ] ], [ [ -47.9341612, -15.8582954 ], [ -47.9340925, -15.8580253 ] ], [ [ -47.9340925, -15.8580253 ], [ -47.9336817, -15.856622 ], [ -47.933429, -15.8557909 ] ], [ [ -47.933429, -15.8557909 ], [ -47.9332955, -15.8553409 ], [ -47.9332357, -15.8551039 ], [ -47.9322982, -15.8514936 ] ], [ [ -47.9322982, -15.8514936 ], [ -47.9322048, -15.8511526 ] ], [ [ -47.9322048, -15.8511526 ], [ -47.9321319, -15.8509273 ] ], [ [ -47.9321319, -15.8509273 ], [ -47.9319455, -15.8502074 ], [ -47.9316907, -15.8488669 ], [ -47.931574, -15.8476929 ], [ -47.9314332, -15.8454158 ], [ -47.9313917, -15.8447757 ] ], [ [ -47.9313917, -15.8447757 ], [ -47.9313476, -15.8440944 ] ], [ [ -47.9313476, -15.8440944 ], [ -47.9313192, -15.8436303 ], [ -47.9312825, -15.842698 ] ], [ [ -47.9312825, -15.842698 ], [ -47.9312384, -15.8423085 ] ], [ [ -47.9312384, -15.8423085 ], [ -47.9311849, -15.8415908 ], [ -47.931051, -15.8408667 ], [ -47.9309021, -15.8403016 ], [ -47.9307425, -15.8398694 ], [ -47.9305695, -15.8395159 ], [ -47.9303147, -15.8390398 ] ], [ [ -47.9303147, -15.8390398 ], [ -47.9295172, -15.8382337 ], [ -47.9284688, -15.8372917 ], [ -47.9279976, -15.83691 ], [ -47.9274026, -15.8364948 ] ], [ [ -47.9274026, -15.8364948 ], [ -47.9272171, -15.836365 ] ], [ [ -47.9272171, -15.836365 ], [ -47.9265149, -15.8358666 ] ], [ [ -47.9265149, -15.8358666 ], [ -47.9261672, -15.8356208 ] ], [ [ -47.9261672, -15.8356208 ], [ -47.9254009, -15.8350776 ], [ -47.9249858, -15.8349256 ] ], [ [ -47.9249858, -15.8349256 ], [ -47.9241528, -15.8346275 ] ], [ [ -47.9241528, -15.8346275 ], [ -47.9239035, -15.8344932 ], [ -47.9237647, -15.8344248 ], [ -47.9233959, -15.834208 ], [ -47.922947, -15.8338913 ], [ -47.9224286, -15.8335255 ] ], [ [ -47.9224286, -15.8335255 ], [ -47.922178, -15.8333482 ] ], [ [ -47.922178, -15.8333482 ], [ -47.9217463, -15.8330378 ], [ -47.9214244, -15.8328169 ], [ -47.9199819, -15.8317672 ], [ -47.9192245, -15.8312231 ], [ -47.9184741, -15.8306741 ], [ -47.9174681, -15.8299376 ], [ -47.9170465, -15.8296335 ], [ -47.9167776, -15.829438 ], [ -47.9163578, -15.8291406 ], [ -47.9159647, -15.8288593 ], [ -47.915116, -15.8282252 ], [ -47.9146542, -15.8279027 ], [ -47.9145091, -15.8278014 ], [ -47.9139258, -15.8273898 ], [ -47.9138225, -15.8273175 ], [ -47.9131393, -15.8268199 ], [ -47.9120884, -15.826064 ], [ -47.9116611, -15.8257548 ], [ -47.9113796, -15.8255437 ], [ -47.910986, -15.8252473 ], [ -47.9108895, -15.825175 ], [ -47.9105633, -15.8249469 ], [ -47.9095168, -15.8241802 ], [ -47.9090513, -15.8238644 ], [ -47.9088183, -15.8237063 ], [ -47.9084963, -15.8234692 ], [ -47.9076903, -15.8228757 ], [ -47.9067843, -15.8222287 ], [ -47.9062787, -15.8218732 ], [ -47.9060628, -15.821728 ], [ -47.9059468, -15.8216403 ], [ -47.9055606, -15.8213461 ], [ -47.9051892, -15.8210932 ], [ -47.9051167, -15.8210375 ], [ -47.9044744, -15.8205434 ], [ -47.9037233, -15.8200294 ], [ -47.9031184, -15.8195816 ], [ -47.903044, -15.8195271 ], [ -47.9019423, -15.818721 ], [ -47.9014516, -15.8183302 ], [ -47.9008748, -15.8179584 ], [ -47.9006448, -15.8177913 ], [ -47.9002076, -15.8174603 ], [ -47.9000567, -15.8173416 ] ], [ [ -47.9000567, -15.8173416 ], [ -47.8998032, -15.8171481 ], [ -47.8996005, -15.8169985 ] ], [ [ -47.8996005, -15.8169985 ], [ -47.8994626, -15.8168964 ], [ -47.8987491, -15.8163674 ], [ -47.89841, -15.8161002 ], [ -47.898342, -15.8160467 ], [ -47.8981848, -15.8159229 ], [ -47.8981343, -15.8158831 ], [ -47.8980721, -15.8158351 ], [ -47.8979409, -15.8157222 ], [ -47.897804, -15.815614 ], [ -47.8973678, -15.8152526 ], [ -47.8961286, -15.8141635 ], [ -47.8956445, -15.8137403 ] ], [ [ -47.8956445, -15.8137403 ], [ -47.8954312, -15.813548 ] ], [ [ -47.8954312, -15.813548 ], [ -47.8950007, -15.8131377 ], [ -47.8946681, -15.8128357 ], [ -47.893889, -15.812068 ], [ -47.8933652, -15.8115576 ], [ -47.8931205, -15.811326 ], [ -47.8927477, -15.8109531 ], [ -47.8918813, -15.8100111 ], [ -47.8912899, -15.8093634 ], [ -47.8909687, -15.8090357 ] ], [ [ -47.8909687, -15.8090357 ], [ -47.8907065, -15.8087369 ] ], [ [ -47.8907065, -15.8087369 ], [ -47.8904021, -15.8083672 ], [ -47.8898978, -15.807793 ], [ -47.8892501, -15.8070794 ] ], [ [ -47.8892501, -15.8070794 ], [ -47.8889895, -15.8067875 ], [ -47.8888826, -15.8066678 ], [ -47.8884494, -15.8061542 ] ], [ [ -47.8884494, -15.8061542 ], [ -47.8869541, -15.804305 ], [ -47.8866361, -15.8038645 ] ], [ [ -47.8866361, -15.8038645 ], [ -47.8864552, -15.8036121 ] ], [ [ -47.8864552, -15.8036121 ], [ -47.886187, -15.8031669 ] ], [ [ -47.886187, -15.8031669 ], [ -47.8861575, -15.8031204 ], [ -47.8857082, -15.8024494 ], [ -47.885161, -15.8015552 ], [ -47.8850792, -15.8014081 ] ], [ [ -47.8850792, -15.8014081 ], [ -47.8847943, -15.8008899 ] ], [ [ -47.8847943, -15.8008899 ], [ -47.8847209, -15.8007359 ] ], [ [ -47.8847209, -15.8007359 ], [ -47.8844637, -15.8002751 ] ], [ [ -47.8844637, -15.8002751 ], [ -47.884398, -15.8001241 ], [ -47.8842196, -15.7997183 ], [ -47.8840838, -15.7994172 ] ], [ [ -47.8840838, -15.7994172 ], [ -47.8840227, -15.7992901 ], [ -47.8838873, -15.7989676 ], [ -47.883763, -15.7986639 ] ], [ [ -47.883763, -15.7986639 ], [ -47.88371, -15.7985302 ], [ -47.8835668, -15.7981535 ] ], [ [ -47.8835668, -15.7981535 ], [ -47.8835896, -15.7979894 ], [ -47.8836132, -15.7978957 ], [ -47.8836416, -15.797809 ], [ -47.8836858, -15.7977277 ], [ -47.8837448, -15.7976322 ], [ -47.883816, -15.7975098 ], [ -47.8838494, -15.7974206 ], [ -47.883878, -15.797317 ] ], [ [ -47.883878, -15.797317 ], [ -47.8838561, -15.7972554 ] ], [ [ -47.8838561, -15.7972554 ], [ -47.8837384, -15.7969628 ] ], [ [ -47.8838561, -15.7972554 ], [ -47.8837384, -15.7969628 ] ], [ [ -47.883878, -15.797317 ], [ -47.8838561, -15.7972554 ] ], [ [ -47.8837384, -15.7969628 ], [ -47.8835772, -15.7965683 ] ], [ [ -47.8835772, -15.7965683 ], [ -47.8835155, -15.7964179 ] ], [ [ -47.8835155, -15.7964179 ], [ -47.8834859, -15.7963599 ] ], [ [ -47.8834859, -15.7963599 ], [ -47.8832023, -15.7957257 ] ], [ [ -47.8832023, -15.7957257 ], [ -47.8831093, -15.795458 ] ], [ [ -47.8831093, -15.795458 ], [ -47.8828967, -15.7950724 ], [ -47.8828152, -15.7949245 ] ], [ [ -47.8828152, -15.7949245 ], [ -47.8826429, -15.7949707 ], [ -47.8825668, -15.7949885 ], [ -47.8823043, -15.7950736 ], [ -47.8822498, -15.7950913 ] ], [ [ -47.8822498, -15.7950913 ], [ -47.8819277, -15.795174 ] ], [ [ -47.8819277, -15.795174 ], [ -47.8817804, -15.795211 ] ], [ [ -47.8817804, -15.795211 ], [ -47.8813736, -15.7953201 ], [ -47.8808905, -15.795473 ], [ -47.8808379, -15.7954901 ], [ -47.8806056, -15.7955625 ], [ -47.8794873, -15.7959163 ], [ -47.8791634, -15.7960242 ], [ -47.8787399, -15.796155 ], [ -47.8773893, -15.7965722 ] ], [ [ -47.8773893, -15.7965722 ], [ -47.8772364, -15.7966181 ] ], [ [ -47.8772364, -15.7966181 ], [ -47.8769728, -15.796709 ] ], [ [ -47.8769728, -15.796709 ], [ -47.8765856, -15.7968337 ] ], [ [ -47.8765856, -15.7968337 ], [ -47.876132, -15.7969962 ] ], [ [ -47.876132, -15.7969962 ], [ -47.8760851, -15.7970125 ], [ -47.8760142, -15.797038 ] ], [ [ -47.8760142, -15.797038 ], [ -47.8757373, -15.7971188 ], [ -47.8753573, -15.7972496 ] ], [ [ -47.8753573, -15.7972496 ], [ -47.8752545, -15.7972789 ], [ -47.8750645, -15.7973318 ], [ -47.8748555, -15.79739 ], [ -47.8746247, -15.7974576 ], [ -47.8743789, -15.7975432 ], [ -47.8741373, -15.7976272 ], [ -47.8739278, -15.7976884 ], [ -47.8738784, -15.7977028 ], [ -47.8736121, -15.7977803 ], [ -47.8734908, -15.7978178 ], [ -47.8729611, -15.7979816 ], [ -47.8727912, -15.7980339 ], [ -47.872516, -15.7981186 ], [ -47.8722411, -15.7982115 ], [ -47.8721783, -15.7982329 ], [ -47.8721463, -15.7982438 ], [ -47.8719899, -15.7982894 ], [ -47.8718075, -15.7983425 ], [ -47.8715061, -15.7984356 ], [ -47.871292, -15.7985026 ], [ -47.8711331, -15.798552 ], [ -47.8707942, -15.7986563 ], [ -47.8704853, -15.7987614 ], [ -47.8702949, -15.7988195 ], [ -47.8696745, -15.7990089 ], [ -47.8694862, -15.7990666 ], [ -47.8691852, -15.7991588 ], [ -47.8689615, -15.7992286 ], [ -47.8688997, -15.799251 ], [ -47.8688859, -15.7992547 ], [ -47.8688209, -15.7992714 ], [ -47.868628, -15.7993321 ], [ -47.8681938, -15.7994685 ], [ -47.868118, -15.7994921 ], [ -47.8680206, -15.7995243 ], [ -47.867846, -15.7995821 ], [ -47.867146, -15.7997956 ], [ -47.8671206, -15.7998036 ], [ -47.8669721, -15.799853 ], [ -47.8663951, -15.8000302 ], [ -47.8657854, -15.8002206 ] ], [ [ -47.8657854, -15.8002206 ], [ -47.8637544, -15.8008866 ] ], [ [ -47.8637544, -15.8008866 ], [ -47.8632034, -15.8010636 ] ], [ [ -47.8632034, -15.8010636 ], [ -47.8627619, -15.8012085 ] ], [ [ -47.8627619, -15.8012085 ], [ -47.8624312, -15.8013071 ], [ -47.862329, -15.8013342 ], [ -47.8622612, -15.8013414 ], [ -47.8622139, -15.8013256 ] ], [ [ -47.8622139, -15.8013256 ], [ -47.8621767, -15.8012906 ], [ -47.8621441, -15.8012216 ], [ -47.8620323, -15.8008939 ], [ -47.8617193, -15.7999559 ], [ -47.8616337, -15.7996943 ] ], [ [ -47.8616337, -15.7996943 ], [ -47.8616385, -15.7996078 ], [ -47.8616638, -15.7995195 ], [ -47.8616952, -15.7994748 ], [ -47.8617383, -15.7994365 ], [ -47.8618433, -15.7993489 ] ], [ [ -47.8618433, -15.7993489 ], [ -47.8618951, -15.7993329 ], [ -47.8623799, -15.7991879 ], [ -47.8624665, -15.7991608 ], [ -47.8625324, -15.7991402 ], [ -47.8625826, -15.7991245 ], [ -47.8656243, -15.7981722 ], [ -47.865987, -15.7980587 ], [ -47.8664047, -15.7979279 ], [ -47.8665206, -15.7978916 ], [ -47.8665932, -15.7978705 ], [ -47.86726, -15.7976604 ], [ -47.8674802, -15.7975912 ], [ -47.8675482, -15.7975676 ], [ -47.8677889, -15.7974946 ], [ -47.8680854, -15.7974017 ], [ -47.8688622, -15.797152 ], [ -47.868986, -15.7971122 ], [ -47.8694411, -15.7969773 ], [ -47.8697047, -15.7968958 ], [ -47.8698189, -15.7968612 ], [ -47.8704941, -15.796652 ], [ -47.870533, -15.7966391 ], [ -47.8706322, -15.7966063 ], [ -47.8708382, -15.7965472 ], [ -47.871031, -15.7964795 ], [ -47.871198, -15.796424 ], [ -47.8712956, -15.7963954 ], [ -47.871491, -15.796338 ], [ -47.872153, -15.7961276 ], [ -47.8723116, -15.7960799 ], [ -47.8727497, -15.7959415 ], [ -47.8729673, -15.7958747 ], [ -47.8731514, -15.7958182 ], [ -47.8737967, -15.7956145 ], [ -47.8739559, -15.7955643 ], [ -47.8744157, -15.7954198 ], [ -47.8744619, -15.7954054 ], [ -47.8745537, -15.7953768 ], [ -47.8746291, -15.7953525 ], [ -47.8747147, -15.7953242 ] ], [ [ -47.8747147, -15.7953242 ], [ -47.8748073, -15.7952943 ], [ -47.8751782, -15.7951716 ] ], [ [ -47.8751782, -15.7951716 ], [ -47.8754488, -15.7951139 ] ], [ [ -47.8754488, -15.7951139 ], [ -47.8759156, -15.7949508 ] ], [ [ -47.8759156, -15.7949508 ], [ -47.8760099, -15.7949212 ] ], [ [ -47.8760099, -15.7949212 ], [ -47.876637, -15.7947158 ] ], [ [ -47.876637, -15.7947158 ], [ -47.876754, -15.7946793 ] ], [ [ -47.876754, -15.7946793 ], [ -47.8773289, -15.7944978 ], [ -47.8778682, -15.7943275 ], [ -47.8783759, -15.7941671 ], [ -47.8790401, -15.7939574 ], [ -47.8793811, -15.7938497 ], [ -47.8797853, -15.7937221 ], [ -47.8799647, -15.7936655 ], [ -47.880455, -15.7935106 ], [ -47.8805069, -15.7934943 ], [ -47.8807614, -15.7934139 ], [ -47.8809536, -15.7933532 ] ], [ [ -47.8809536, -15.7933532 ], [ -47.8816376, -15.7931078 ] ], [ [ -47.8816376, -15.7931078 ], [ -47.8821211, -15.7929354 ], [ -47.8825395, -15.792786 ], [ -47.8826902, -15.7927321 ], [ -47.882824, -15.7926826 ], [ -47.882926, -15.7926448 ], [ -47.8832313, -15.7925319 ], [ -47.8834227, -15.7924611 ] ], [ [ -47.8834227, -15.7924611 ], [ -47.8840486, -15.7922341 ] ], [ [ -47.8840486, -15.7922341 ], [ -47.8847246, -15.7919826 ], [ -47.8848798, -15.7919212 ], [ -47.8850136, -15.7918656 ], [ -47.8856658, -15.7916356 ], [ -47.8863168, -15.7914538 ], [ -47.8870128, -15.7911781 ], [ -47.8875356, -15.7909429 ], [ -47.8877243, -15.7908742 ] ], [ [ -47.8840486, -15.7922341 ], [ -47.8847246, -15.7919826 ], [ -47.8848798, -15.7919212 ], [ -47.8850136, -15.7918656 ], [ -47.8856658, -15.7916356 ], [ -47.8863168, -15.7914538 ], [ -47.8870128, -15.7911781 ], [ -47.8875356, -15.7909429 ], [ -47.8877243, -15.7908742 ] ], [ [ -47.8834227, -15.7924611 ], [ -47.8840486, -15.7922341 ] ], [ [ -47.887919, -15.7894893 ], [ -47.8880411, -15.7899746 ], [ -47.8880885, -15.7901294 ], [ -47.8881246, -15.7902375 ], [ -47.8882314, -15.7905066 ], [ -47.8882894, -15.7906661 ] ], [ [ -47.887919, -15.7894893 ], [ -47.8878855, -15.7895055 ], [ -47.8878533, -15.7894997 ], [ -47.8878164, -15.7894726 ], [ -47.8877722, -15.7893925 ] ], [ [ -47.8856528, -15.7901116 ], [ -47.8857031, -15.7900952 ], [ -47.8862243, -15.7898928 ], [ -47.8867768, -15.7897192 ], [ -47.8872806, -15.789561 ], [ -47.8873625, -15.7895352 ], [ -47.8877722, -15.7893925 ] ], [ [ -47.8856528, -15.7901116 ], [ -47.8856585, -15.7901459 ], [ -47.8856555, -15.7901865 ], [ -47.8856374, -15.790235 ], [ -47.8856058, -15.7902763 ] ], [ [ -47.8856058, -15.7902763 ], [ -47.8856103, -15.7903003 ], [ -47.8856515, -15.7903991 ], [ -47.885747, -15.7906862 ], [ -47.8858307, -15.7909436 ], [ -47.8858406, -15.7910133 ] ], [ [ -47.8858406, -15.7910133 ], [ -47.8859294, -15.7910196 ], [ -47.8860446, -15.7910278 ], [ -47.8862359, -15.7910482 ], [ -47.886529, -15.7910373 ], [ -47.8868525, -15.7909913 ], [ -47.8869674, -15.7909724 ], [ -47.8877243, -15.7908742 ] ], [ [ -47.8877243, -15.7908742 ], [ -47.8882894, -15.7906661 ], [ -47.8887619, -15.7904869 ] ], [ [ -47.8887619, -15.7904869 ], [ -47.8889524, -15.790419 ] ], [ [ -47.8889524, -15.790419 ], [ -47.8893286, -15.7902727 ] ], [ [ -47.8893286, -15.7902727 ], [ -47.8894955, -15.7902107 ] ], [ [ -47.8886717, -15.788621 ], [ -47.8888533, -15.7888987 ], [ -47.8892474, -15.790061 ], [ -47.889312, -15.7901348 ], [ -47.88936, -15.7901656 ], [ -47.8894955, -15.7902107 ] ], [ [ -47.88841, -15.7878969 ], [ -47.8884291, -15.7879498 ], [ -47.8886717, -15.788621 ] ], [ [ -47.8893837, -15.7878365 ], [ -47.88841, -15.7878969 ] ], [ [ -47.8926037, -15.7890541 ], [ -47.8941192, -15.7885071 ], [ -47.8944985, -15.7883674 ], [ -47.8948274, -15.7882339 ], [ -47.8949706, -15.7881758 ], [ -47.895053, -15.7881511 ], [ -47.8951171, -15.7881254 ], [ -47.8954607, -15.7879975 ], [ -47.8960147, -15.7877902 ], [ -47.8972574, -15.7873485 ], [ -47.8977101, -15.7872042 ], [ -47.8982073, -15.7870458 ], [ -47.8985663, -15.7869314 ], [ -47.8990407, -15.7867802 ], [ -47.8993634, -15.7866773 ], [ -47.9000691, -15.7864474 ], [ -47.900544, -15.7862927 ], [ -47.900731, -15.7862326 ], [ -47.9007573, -15.7862241 ] ], [ [ -47.8921281, -15.7892356 ], [ -47.8923379, -15.7891526 ], [ -47.8926037, -15.7890541 ] ], [ [ -47.8910394, -15.7896389 ], [ -47.8919013, -15.7893192 ], [ -47.8921281, -15.7892356 ] ], [ [ -47.8894955, -15.7902107 ], [ -47.890095, -15.7899771 ], [ -47.8904325, -15.7898633 ], [ -47.8907565, -15.7897402 ], [ -47.8910394, -15.7896389 ] ], [ [ -47.8894955, -15.7902107 ], [ -47.890095, -15.7899771 ], [ -47.8904325, -15.7898633 ], [ -47.8907565, -15.7897402 ], [ -47.8910394, -15.7896389 ] ], [ [ -47.8906868, -15.788564 ], [ -47.890879, -15.78915 ], [ -47.8909278, -15.7892893 ], [ -47.8909733, -15.7894317 ], [ -47.8910031, -15.7895252 ], [ -47.8910394, -15.7896389 ] ], [ [ -47.8906868, -15.788564 ], [ -47.8902958, -15.7886758 ] ], [ [ -47.8902958, -15.7886758 ], [ -47.8897304, -15.7888375 ] ], [ [ -47.8897304, -15.7888375 ], [ -47.8893938, -15.7878656 ], [ -47.8893837, -15.7878365 ], [ -47.8893624, -15.787771 ] ], [ [ -47.9007573, -15.7862241 ], [ -47.9008079, -15.7862092 ], [ -47.9008941, -15.7861837 ], [ -47.9011864, -15.7860963 ], [ -47.9017176, -15.7859211 ], [ -47.9023969, -15.7857191 ], [ -47.9025887, -15.7856642 ], [ -47.9028019, -15.7856365 ], [ -47.9030687, -15.7856049 ], [ -47.9038973, -15.7855205 ], [ -47.9043274, -15.7854756 ], [ -47.9045221, -15.7854553 ], [ -47.9053688, -15.7853906 ], [ -47.9057272, -15.7853507 ], [ -47.9059622, -15.7853261 ], [ -47.9062128, -15.785289 ] ], [ [ -47.9062128, -15.785289 ], [ -47.9063389, -15.7852732 ], [ -47.9063868, -15.7852672 ], [ -47.906988, -15.7852085 ] ], [ [ -47.906988, -15.7852085 ], [ -47.9071605, -15.7852529 ], [ -47.907238, -15.7852794 ], [ -47.9072909, -15.7853142 ] ], [ [ -47.9072909, -15.7853142 ], [ -47.9073211, -15.7853603 ], [ -47.9073463, -15.7854058 ], [ -47.9073825, -15.7855097 ], [ -47.9076872, -15.7864234 ], [ -47.907756, -15.7866621 ], [ -47.9077704, -15.7867302 ], [ -47.9077761, -15.7867912 ], [ -47.9077712, -15.7868464 ], [ -47.9077481, -15.7869067 ], [ -47.9076957, -15.7869798 ] ], [ [ -47.9076957, -15.7869798 ], [ -47.9076336, -15.787018 ], [ -47.907324, -15.7872088 ] ], [ [ -47.907324, -15.7872088 ], [ -47.9069625, -15.7874024 ], [ -47.9068744, -15.7874585 ], [ -47.9067783, -15.7875124 ] ], [ [ -47.9067783, -15.7875124 ], [ -47.9062258, -15.7878233 ] ], [ [ -47.9062258, -15.7878233 ], [ -47.9054971, -15.7882124 ], [ -47.9042074, -15.7889022 ], [ -47.9038319, -15.7890925 ], [ -47.9035791, -15.7892054 ], [ -47.9032145, -15.7893445 ], [ -47.9029478, -15.7894387 ], [ -47.9022186, -15.7896573 ], [ -47.9020887, -15.7896962 ] ], [ [ -47.9020887, -15.7896962 ], [ -47.9019977, -15.7897251 ], [ -47.9019315, -15.7897452 ], [ -47.9005806, -15.7901794 ], [ -47.900377, -15.790242 ], [ -47.8998269, -15.790411 ], [ -47.8988808, -15.7907019 ], [ -47.8984805, -15.790818 ] ], [ [ -47.8984805, -15.790818 ], [ -47.8975783, -15.7910779 ], [ -47.8973418, -15.791135 ], [ -47.8971572, -15.7911741 ], [ -47.896596, -15.7913055 ], [ -47.896319, -15.7913747 ], [ -47.8960133, -15.7914522 ], [ -47.8953027, -15.7916377 ], [ -47.8952692, -15.7916464 ], [ -47.8948905, -15.7917437 ] ], [ [ -47.8948905, -15.7917437 ], [ -47.8945962, -15.7918193 ], [ -47.8944973, -15.7918447 ], [ -47.8944593, -15.7918545 ], [ -47.8941752, -15.7919275 ], [ -47.8940372, -15.7919629 ], [ -47.8939411, -15.7919868 ], [ -47.8938552, -15.7920113 ], [ -47.8937331, -15.7920414 ], [ -47.8933937, -15.7921277 ] ], [ [ -47.8933937, -15.7921277 ], [ -47.8926507, -15.7923432 ], [ -47.8922978, -15.7924443 ] ], [ [ -47.8922978, -15.7924443 ], [ -47.8920277, -15.7925148 ], [ -47.8918639, -15.7925577 ], [ -47.8917398, -15.7925902 ], [ -47.8914155, -15.7926752 ], [ -47.8910536, -15.7927701 ], [ -47.8903927, -15.7929427 ] ], [ [ -47.8903927, -15.7929427 ], [ -47.890199, -15.7929916 ] ], [ [ -47.890199, -15.7929916 ], [ -47.8898315, -15.7930882 ] ], [ [ -47.8898315, -15.7930882 ], [ -47.8896859, -15.7931298 ] ], [ [ -47.8896859, -15.7931298 ], [ -47.8887632, -15.7933847 ], [ -47.8885494, -15.7934352 ] ], [ [ -47.8885494, -15.7934352 ], [ -47.8878292, -15.7939112 ], [ -47.8877906, -15.7939356 ], [ -47.8876076, -15.7940514 ], [ -47.8875281, -15.7941016 ], [ -47.8871597, -15.7943125 ], [ -47.8866369, -15.794634 ] ], [ [ -47.8866369, -15.794634 ], [ -47.886441, -15.7947527 ], [ -47.8862799, -15.7948527 ] ], [ [ -47.8862799, -15.7948527 ], [ -47.886096, -15.794966 ], [ -47.8860566, -15.795012 ], [ -47.88602, -15.7951022 ] ], [ [ -47.88602, -15.7951022 ], [ -47.8859347, -15.7957225 ], [ -47.8859113, -15.7958928 ], [ -47.8858336, -15.7964497 ], [ -47.8858297, -15.7964778 ] ], [ [ -47.8858297, -15.7964778 ], [ -47.885824, -15.7965201 ], [ -47.8858197, -15.7965519 ] ], [ [ -47.8858197, -15.7965519 ], [ -47.8857773, -15.7968546 ] ], [ [ -47.8857773, -15.7968546 ], [ -47.8857668, -15.7969055 ] ], [ [ -47.8857668, -15.7969055 ], [ -47.8857555, -15.7969434 ], [ -47.8857449, -15.7969789 ], [ -47.885729, -15.7969987 ], [ -47.885627, -15.7971257 ], [ -47.8854763, -15.7972551 ], [ -47.8853936, -15.7973262 ], [ -47.8851953, -15.7975052 ], [ -47.8851478, -15.797548 ], [ -47.8850779, -15.7976297 ], [ -47.8850118, -15.7977444 ], [ -47.8849813, -15.7978542 ], [ -47.8849536, -15.7980559 ] ], [ [ -47.8849536, -15.7980559 ], [ -47.8851614, -15.7984722 ] ], [ [ -47.8851614, -15.7984722 ], [ -47.8852221, -15.7985859 ] ], [ [ -47.8852221, -15.7985859 ], [ -47.8852905, -15.7987194 ], [ -47.8853066, -15.7987556 ], [ -47.885328, -15.798802 ], [ -47.8853555, -15.7988556 ] ], [ [ -47.8853555, -15.7988556 ], [ -47.8855822, -15.799324 ] ], [ [ -47.8855822, -15.799324 ], [ -47.8859677, -15.8001189 ] ], [ [ -47.8859677, -15.8001189 ], [ -47.8860596, -15.8003028 ] ], [ [ -47.8860596, -15.8003028 ], [ -47.8863439, -15.8007855 ] ], [ [ -47.8863439, -15.8007855 ], [ -47.8863995, -15.80087 ] ], [ [ -47.8863995, -15.80087 ], [ -47.8867154, -15.8013745 ] ], [ [ -47.8867154, -15.8013745 ], [ -47.8870285, -15.8018616 ], [ -47.8872102, -15.8021678 ] ], [ [ -47.8872102, -15.8021678 ], [ -47.8873276, -15.8023746 ], [ -47.8873551, -15.8024236 ] ], [ [ -47.8873551, -15.8024236 ], [ -47.8876472, -15.8028507 ] ], [ [ -47.8876472, -15.8028507 ], [ -47.8878419, -15.8031179 ] ], [ [ -47.8878419, -15.8031179 ], [ -47.8880927, -15.8034598 ], [ -47.8887109, -15.8042302 ], [ -47.8894726, -15.8051513 ], [ -47.8895612, -15.8052677 ] ], [ [ -47.8895612, -15.8052677 ], [ -47.8897746, -15.8055199 ], [ -47.8899783, -15.8057606 ] ], [ [ -47.8899783, -15.8057606 ], [ -47.890626, -15.8065013 ], [ -47.8909644, -15.8068766 ] ], [ [ -47.8909644, -15.8068766 ], [ -47.8911437, -15.8070717 ], [ -47.8913431, -15.8073031 ] ], [ [ -47.8913431, -15.8073031 ], [ -47.8914629, -15.8074575 ], [ -47.8918196, -15.8078388 ] ], [ [ -47.8918196, -15.8078388 ], [ -47.8920597, -15.8081117 ] ], [ [ -47.8920597, -15.8081117 ], [ -47.8923829, -15.8084769 ], [ -47.893492, -15.8096756 ] ], [ [ -47.893492, -15.8096756 ], [ -47.8940432, -15.8102279 ], [ -47.8943127, -15.8105079 ], [ -47.894711, -15.8109054 ] ], [ [ -47.894711, -15.8109054 ], [ -47.8953132, -15.811477 ], [ -47.8956874, -15.8118435 ], [ -47.8959998, -15.8121448 ], [ -47.8964361, -15.8125641 ] ], [ [ -47.8964361, -15.8125641 ], [ -47.8966343, -15.8127499 ] ], [ [ -47.8966343, -15.8127499 ], [ -47.8970246, -15.8130908 ], [ -47.8973423, -15.8133618 ], [ -47.8975553, -15.8135435 ], [ -47.897845, -15.8137905 ], [ -47.8981409, -15.814043 ], [ -47.8984345, -15.8142934 ], [ -47.8985439, -15.8143867 ], [ -47.8987054, -15.8145214 ], [ -47.8989533, -15.8147245 ], [ -47.8989691, -15.8147377 ], [ -47.8991276, -15.8148588 ], [ -47.8991582, -15.8148822 ], [ -47.8992909, -15.814988 ], [ -47.8995529, -15.8151966 ] ], [ [ -47.8995529, -15.8151966 ], [ -47.8999677, -15.8155148 ], [ -47.9004411, -15.815878 ], [ -47.9005241, -15.8159539 ] ], [ [ -47.9005241, -15.8159539 ], [ -47.9010337, -15.8163397 ], [ -47.9015203, -15.8166853 ] ], [ [ -47.9015203, -15.8166853 ], [ -47.901692, -15.8168129 ] ], [ [ -47.901692, -15.8168129 ], [ -47.9022587, -15.8172264 ], [ -47.9024411, -15.8173559 ], [ -47.9038732, -15.8183733 ] ], [ [ -47.9038732, -15.8183733 ], [ -47.904685, -15.8189818 ] ], [ [ -47.904685, -15.8189818 ], [ -47.9060161, -15.8199377 ], [ -47.9064559, -15.8202517 ], [ -47.9068676, -15.8205531 ] ], [ [ -47.9068676, -15.8205531 ], [ -47.9071368, -15.820744 ] ], [ [ -47.9071368, -15.820744 ], [ -47.9075625, -15.8210616 ], [ -47.9088382, -15.8219509 ], [ -47.9088691, -15.8219724 ] ], [ [ -47.9088691, -15.8219724 ], [ -47.9094337, -15.82239 ], [ -47.9096213, -15.8225218 ], [ -47.9099351, -15.8227538 ], [ -47.9103667, -15.8230798 ] ], [ [ -47.9103667, -15.8230798 ], [ -47.9107332, -15.8233469 ] ], [ [ -47.9107332, -15.8233469 ], [ -47.9113966, -15.8238279 ] ], [ [ -47.9113966, -15.8238279 ], [ -47.911672, -15.8240248 ], [ -47.9118143, -15.8241347 ], [ -47.912229, -15.8244268 ] ], [ [ -47.912229, -15.8244268 ], [ -47.9125228, -15.8246424 ] ], [ [ -47.9125228, -15.8246424 ], [ -47.9129306, -15.8249344 ], [ -47.9147127, -15.8261975 ], [ -47.9148211, -15.8262793 ], [ -47.9150151, -15.8264168 ], [ -47.9167922, -15.8277202 ], [ -47.9172221, -15.8280352 ], [ -47.9176046, -15.8283278 ] ], [ [ -47.9176046, -15.8283278 ], [ -47.9179105, -15.8285526 ] ], [ [ -47.9179105, -15.8285526 ], [ -47.9183527, -15.8288545 ], [ -47.9192264, -15.8294845 ], [ -47.9200433, -15.8300645 ], [ -47.9201979, -15.8301743 ] ], [ [ -47.9201979, -15.8301743 ], [ -47.9207297, -15.8305614 ] ], [ [ -47.9207297, -15.8305614 ], [ -47.9222005, -15.8316281 ], [ -47.9224987, -15.8318541 ], [ -47.9225969, -15.8319285 ], [ -47.923012, -15.8322106 ] ], [ [ -47.923012, -15.8322106 ], [ -47.923289, -15.8324265 ] ], [ [ -47.923289, -15.8324265 ], [ -47.9237065, -15.8327258 ], [ -47.9246097, -15.8334091 ], [ -47.9248331, -15.8336728 ] ], [ [ -47.9248331, -15.8336728 ], [ -47.9253923, -15.8343765 ] ], [ [ -47.9253923, -15.8343765 ], [ -47.9256519, -15.8346856 ] ], [ [ -47.9256519, -15.8346856 ], [ -47.9264054, -15.8352325 ] ], [ [ -47.9264054, -15.8352325 ], [ -47.9267923, -15.8355071 ] ], [ [ -47.9267923, -15.8355071 ], [ -47.9274327, -15.8359737 ] ], [ [ -47.9274327, -15.8359737 ], [ -47.9275346, -15.8360492 ] ], [ [ -47.9275346, -15.8360492 ], [ -47.928063, -15.8364659 ], [ -47.9289052, -15.8370581 ], [ -47.9294068, -15.83748 ], [ -47.9295541, -15.8376235 ], [ -47.92973, -15.8377948 ], [ -47.9298627, -15.8379716 ], [ -47.9301564, -15.8383302 ], [ -47.9305547, -15.8391353 ] ], [ [ -47.9305547, -15.8391353 ], [ -47.9307702, -15.8395368 ], [ -47.9310644, -15.8402642 ], [ -47.9312092, -15.8407932 ], [ -47.9313071, -15.8414718 ], [ -47.9313762, -15.842322 ] ], [ [ -47.9313762, -15.842322 ], [ -47.9314546, -15.8438212 ], [ -47.9315219, -15.8447638 ] ], [ [ -47.9315219, -15.8447638 ], [ -47.9316947, -15.8472233 ], [ -47.9319307, -15.8492333 ], [ -47.9320488, -15.8498397 ] ], [ [ -47.9320488, -15.8498397 ], [ -47.9321158, -15.8501738 ], [ -47.932374, -15.851133 ] ], [ [ -47.932374, -15.851133 ], [ -47.9324725, -15.851473 ] ], [ [ -47.9324725, -15.851473 ], [ -47.9334081, -15.8548594 ] ], [ [ -47.9334081, -15.8548594 ], [ -47.9336447, -15.8556219 ], [ -47.933878, -15.8564695 ], [ -47.9342978, -15.8581337 ] ], [ [ -47.9342978, -15.8581337 ], [ -47.9343936, -15.8584653 ] ], [ [ -47.9343936, -15.8584653 ], [ -47.9344315, -15.8586393 ] ], [ [ -47.9344315, -15.8586393 ], [ -47.9345817, -15.8592119 ] ], [ [ -47.9345817, -15.8592119 ], [ -47.934838, -15.8601891 ], [ -47.9348395, -15.8601954 ] ], [ [ -47.9348395, -15.8601954 ], [ -47.9351394, -15.8612759 ], [ -47.935361, -15.8620747 ] ], [ [ -47.935361, -15.8620747 ], [ -47.9353632, -15.8620831 ], [ -47.9355886, -15.862946 ], [ -47.9358244, -15.8638489 ], [ -47.9359565, -15.8643544 ] ], [ [ -47.9359565, -15.8643544 ], [ -47.9360171, -15.8645865 ], [ -47.9362839, -15.8655501 ], [ -47.9365495, -15.8664583 ], [ -47.9366232, -15.8667227 ], [ -47.936689, -15.867022 ], [ -47.9367211, -15.8673226 ], [ -47.9367332, -15.8675651 ], [ -47.9367138, -15.8678489 ], [ -47.936697, -15.8679998 ], [ -47.936646, -15.8682398 ], [ -47.9365535, -15.8685352 ], [ -47.9364006, -15.8689119 ], [ -47.9362665, -15.8691621 ], [ -47.9360835, -15.869433 ], [ -47.9358922, -15.8696587 ] ], [ [ -47.8917708, -15.7949295 ], [ -47.8916607, -15.7946235 ], [ -47.8914978, -15.794108 ], [ -47.891436, -15.7939213 ], [ -47.8913591, -15.7937094 ], [ -47.8911746, -15.7931608 ], [ -47.8910536, -15.7927701 ] ], [ [ -47.8917708, -15.7949295 ], [ -47.8920478, -15.7947727 ], [ -47.892628, -15.794402 ], [ -47.8930051, -15.7941371 ] ], [ [ -47.8930051, -15.7941371 ], [ -47.8929757, -15.7940918 ], [ -47.8928241, -15.7936589 ], [ -47.8927544, -15.7934782 ], [ -47.8925653, -15.7928747 ], [ -47.8924795, -15.7926007 ], [ -47.8924419, -15.7925426 ], [ -47.892395, -15.7925013 ], [ -47.8922978, -15.7924443 ] ], [ [ -47.9248182, -15.8714606 ], [ -47.924628, -15.8717869 ], [ -47.9244663, -15.8719684 ], [ -47.9243128, -15.8721015 ], [ -47.9241772, -15.8721741 ], [ -47.9240516, -15.8722048 ], [ -47.9239303, -15.8722284 ], [ -47.9238387, -15.8722386 ], [ -47.9236802, -15.8722111 ], [ -47.9235229, -15.8721502 ], [ -47.9234909, -15.8721354 ], [ -47.9234226, -15.8721056 ], [ -47.9231632, -15.8719626 ], [ -47.9229742, -15.8718408 ] ], [ [ -47.9250534, -15.8710618 ], [ -47.9248182, -15.8714606 ] ], [ [ -47.9258132, -15.8703291 ], [ -47.9256431, -15.8704182 ], [ -47.925513, -15.8705124 ], [ -47.9254167, -15.8706018 ], [ -47.9253035, -15.8707335 ], [ -47.9250534, -15.8710618 ] ], [ [ -47.9282936, -15.8703954 ], [ -47.9280911, -15.8703876 ], [ -47.9265301, -15.8702909 ], [ -47.9262967, -15.8702754 ], [ -47.9261908, -15.8702831 ], [ -47.9260701, -15.8702909 ], [ -47.9258132, -15.8703291 ] ], [ [ -47.9289052, -15.8704366 ], [ -47.9282936, -15.8703954 ] ], [ [ -47.9358922, -15.8696587 ], [ -47.9358541, -15.8697033 ], [ -47.9356512, -15.8699038 ], [ -47.9354216, -15.87008 ], [ -47.9352399, -15.8702051 ], [ -47.9350568, -15.8703115 ], [ -47.9347253, -15.8704684 ], [ -47.934448, -15.8705617 ], [ -47.9341337, -15.8706417 ], [ -47.9338914, -15.8706856 ], [ -47.9335964, -15.870714 ], [ -47.933249, -15.870714 ], [ -47.9327248, -15.8706783 ], [ -47.9311817, -15.8705883 ], [ -47.9309323, -15.8705686 ], [ -47.9295275, -15.8704805 ], [ -47.9289052, -15.8704366 ] ], [ [ -47.9217585, -15.8710146 ], [ -47.9217374, -15.8709626 ], [ -47.9217273, -15.8709179 ], [ -47.921718, -15.8708375 ], [ -47.9217353, -15.870549 ], [ -47.9217737, -15.8699247 ] ] ] } },
{ "type": "Feature", "properties": { "id_osm": 4133737, "nome": "VNAVI-BRT", "ref": null }, "geometry": { "type": "MultiLineString", "coordinates": [ [ [ -47.9784094, -15.9755426 ], [ -47.9786687, -15.975475 ] ], [ [ -47.9786687, -15.975475 ], [ -47.9787278, -15.9754407 ], [ -47.9788142, -15.9753906 ], [ -47.9789752, -15.9752513 ], [ -47.9790315, -15.9752384 ], [ -47.9806435, -15.9755479 ], [ -47.9808098, -15.9755633 ], [ -47.9812684, -15.9756639 ], [ -47.9816091, -15.9757181 ], [ -47.9833901, -15.9760584 ], [ -47.9853374, -15.9764426 ], [ -47.9854527, -15.9764736 ], [ -47.9856592, -15.9764994 ], [ -47.9874429, -15.9768346 ], [ -47.9876441, -15.9768939 ], [ -47.9878863, -15.9769347 ], [ -47.9886407, -15.9770721 ], [ -47.9887526, -15.9771075 ], [ -47.9887922, -15.9771352 ], [ -47.9888231, -15.9771726 ], [ -47.9888348, -15.9771991 ], [ -47.9888418, -15.9772319 ], [ -47.9888442, -15.9772638 ], [ -47.9888418, -15.9772996 ], [ -47.9885501, -15.978624 ], [ -47.9884231, -15.9791923 ], [ -47.9883788, -15.9793567 ], [ -47.9883295, -15.9795127 ], [ -47.9882799, -15.9796268 ], [ -47.9882605, -15.9796764 ], [ -47.9882491, -15.9797254 ], [ -47.9882403, -15.9798189 ], [ -47.9882357, -15.9799259 ], [ -47.9882289, -15.9800187 ], [ -47.9882115, -15.9801257 ], [ -47.9877971, -15.9819829 ], [ -47.9874645, -15.983338 ], [ -47.987425, -15.9834675 ], [ -47.9873901, -15.9835752 ], [ -47.9873747, -15.9836338 ], [ -47.9873646, -15.9837118 ], [ -47.987319, -15.9840026 ], [ -47.9872707, -15.9842346 ], [ -47.987199, -15.9846008 ], [ -47.9869978, -15.9855864 ], [ -47.9867484, -15.9868138 ], [ -47.9864721, -15.9881739 ], [ -47.9862589, -15.9891963 ], [ -47.9861918, -15.9894438 ], [ -47.986163, -15.989574 ], [ -47.9861449, -15.9896771 ], [ -47.986106, -15.9899376 ], [ -47.986055, -15.9901722 ], [ -47.9857732, -15.9915759 ], [ -47.9856212, -15.9923181 ] ] ] } },
{ "type": "Feature", "properties": { "id_osm": 4603191, "nome": "0.168 - Cruzeiro / Sudoeste / L2 Norte (UnB)", "ref": "0.168" }, "geometry": { "type": "MultiLineString", "coordinates": [ [ [ -47.9317879, -15.8021752 ], [ -47.9316558, -15.8023804 ], [ -47.9314862, -15.8026343 ], [ -47.9311267, -15.8031727 ], [ -47.9311002, -15.8032155 ], [ -47.9308538, -15.803614 ], [ -47.9307842, -15.8037709 ], [ -47.9307408, -15.80386 ] ], [ [ -47.9320521, -15.8017971 ], [ -47.9317879, -15.8021752 ] ], [ [ -47.9335886, -15.798653 ], [ -47.9334931, -15.7992556 ], [ -47.9334435, -15.7994827 ], [ -47.9333644, -15.7996982 ], [ -47.9333047, -15.7998608 ], [ -47.9331954, -15.800095 ], [ -47.9331189, -15.8002202 ], [ -47.9330158, -15.8003765 ], [ -47.932952, -15.8004731 ], [ -47.9327709, -15.8007383 ], [ -47.9325758, -15.8010351 ], [ -47.9323518, -15.8013784 ], [ -47.932211, -15.8015603 ], [ -47.9320521, -15.8017971 ] ], [ [ -47.9336384, -15.7983808 ], [ -47.9335886, -15.798653 ] ], [ [ -47.9336559, -15.7980535 ], [ -47.9336594, -15.7981542 ], [ -47.9336384, -15.7983808 ] ], [ [ -47.9336433, -15.79784 ], [ -47.9336559, -15.7980535 ] ], [ [ -47.933538, -15.7973496 ], [ -47.9336433, -15.79784 ] ], [ [ -47.9335508, -15.7961005 ], [ -47.9335454, -15.7966579 ], [ -47.9335327, -15.7972406 ], [ -47.933538, -15.7973496 ] ], [ [ -47.9338123, -15.7953378 ], [ -47.9338123, -15.7956901 ], [ -47.9338123, -15.7957649 ], [ -47.9337922, -15.7958411 ], [ -47.9336029, -15.7960445 ], [ -47.9335508, -15.7961005 ] ], [ [ -47.9335575, -15.7941196 ], [ -47.933606, -15.7941758 ], [ -47.9337016, -15.7942867 ], [ -47.9337949, -15.7944009 ], [ -47.9338217, -15.7944616 ], [ -47.9338284, -15.7945532 ], [ -47.933819, -15.7950119 ], [ -47.9338123, -15.7953378 ] ], [ [ -47.9335608, -15.7940022 ], [ -47.9335575, -15.7941196 ] ], [ [ -47.9335806, -15.793677 ], [ -47.9335608, -15.7940022 ] ], [ [ -47.9335977, -15.7930614 ], [ -47.9335957, -15.7932608 ], [ -47.9335937, -15.7934621 ], [ -47.9335921, -15.7934886 ], [ -47.9335842, -15.7936186 ], [ -47.9335806, -15.793677 ] ], [ [ -47.9333778, -15.7917516 ], [ -47.9335147, -15.7922347 ], [ -47.9335508, -15.7925826 ], [ -47.9335977, -15.7930614 ] ], [ [ -47.9307408, -15.80386 ], [ -47.9307427, -15.8038741 ], [ -47.9307367, -15.8039181 ], [ -47.9307262, -15.8039491 ], [ -47.9307092, -15.8039773 ], [ -47.9306865, -15.8040015 ], [ -47.930659, -15.8040206 ], [ -47.930628, -15.8040338 ] ], [ [ -47.930628, -15.8040338 ], [ -47.930598, -15.8040394 ] ], [ [ -47.930598, -15.8040394 ], [ -47.9305615, -15.8040402 ], [ -47.9305257, -15.8040332 ], [ -47.9304925, -15.8040187 ], [ -47.9304634, -15.8039975 ], [ -47.93044, -15.8039706 ], [ -47.9304234, -15.8039393 ] ], [ [ -47.9304234, -15.8039393 ], [ -47.9304141, -15.8038982 ] ], [ [ -47.9304141, -15.8038982 ], [ -47.9303107, -15.8038328 ], [ -47.9299097, -15.8035766 ], [ -47.9298272, -15.8035198 ], [ -47.9296113, -15.8033972 ], [ -47.9293437, -15.8032527 ], [ -47.9291461, -15.803134 ], [ -47.9290366, -15.8030682 ], [ -47.9287382, -15.8029062 ], [ -47.9281864, -15.8025875 ], [ -47.9276361, -15.8022633 ], [ -47.9275741, -15.8022268 ], [ -47.9273616, -15.8021126 ], [ -47.9272067, -15.8020191 ], [ -47.9271095, -15.8019907 ] ], [ [ -47.9271095, -15.8019907 ], [ -47.9270839, -15.801989 ], [ -47.9270581, -15.8019815 ], [ -47.9270351, -15.8019691 ], [ -47.9270155, -15.8019522 ], [ -47.9270002, -15.8019316 ], [ -47.92699, -15.8019082 ] ], [ [ -47.92699, -15.8019082 ], [ -47.9269411, -15.8018729 ], [ -47.9267634, -15.8017629 ], [ -47.9264075, -15.8015569 ], [ -47.9256624, -15.8011255 ], [ -47.9249463, -15.8007129 ], [ -47.9248202, -15.8006403 ], [ -47.92455, -15.8004983 ], [ -47.9244398, -15.800432 ] ], [ [ -47.9244398, -15.800432 ], [ -47.9244028, -15.8004433 ], [ -47.9243641, -15.8004454 ], [ -47.924326, -15.800438 ], [ -47.9242911, -15.8004217 ], [ -47.9242615, -15.8003975 ], [ -47.9242392, -15.8003669 ], [ -47.9242219, -15.8003091 ] ], [ [ -47.9242219, -15.8003091 ], [ -47.9241355, -15.8002617 ], [ -47.9240188, -15.8001942 ], [ -47.9232073, -15.7997242 ], [ -47.9231169, -15.7996723 ], [ -47.9230315, -15.7996228 ], [ -47.9226799, -15.7994156 ], [ -47.9221797, -15.7991266 ], [ -47.9219107, -15.7989701 ], [ -47.9216734, -15.7988528 ] ], [ [ -47.9216734, -15.7988528 ], [ -47.9216436, -15.7988584 ], [ -47.9216132, -15.7988567 ], [ -47.9215921, -15.798851 ], [ -47.9215724, -15.7988419 ], [ -47.9215547, -15.7988295 ], [ -47.9215396, -15.7988142 ], [ -47.9215265, -15.7987947 ], [ -47.9215177, -15.798773 ] ], [ [ -47.9215177, -15.798773 ], [ -47.9212685, -15.7986093 ], [ -47.9209692, -15.7984365 ], [ -47.9201445, -15.7979588 ], [ -47.9197738, -15.7977696 ], [ -47.9195211, -15.7976236 ], [ -47.9193352, -15.7975002 ], [ -47.9192901, -15.7974703 ], [ -47.9192339, -15.7974382 ], [ -47.9189745, -15.7972901 ], [ -47.9187691, -15.7971641 ] ], [ [ -47.9187691, -15.7971641 ], [ -47.9186695, -15.7970954 ], [ -47.9185066, -15.7969887 ] ], [ [ -47.9185066, -15.7969887 ], [ -47.9182944, -15.796868 ] ], [ [ -47.9182944, -15.796868 ], [ -47.9181254, -15.7967425 ], [ -47.9179893, -15.796616 ], [ -47.9178806, -15.7964747 ], [ -47.9176996, -15.7962227 ], [ -47.9175926, -15.7960382 ], [ -47.9175162, -15.7958914 ] ], [ [ -47.9175162, -15.7958914 ], [ -47.9174575, -15.7957301 ], [ -47.9173951, -15.7955584 ], [ -47.9173135, -15.7953145 ], [ -47.9172447, -15.7951092 ], [ -47.9171424, -15.7948019 ], [ -47.9171049, -15.7946908 ], [ -47.9170861, -15.7946352 ], [ -47.9170347, -15.7944896 ], [ -47.9169372, -15.7941805 ] ], [ [ -47.9169372, -15.7941805 ], [ -47.9168485, -15.7939142 ] ], [ [ -47.9168485, -15.7939142 ], [ -47.9167555, -15.793637 ] ], [ [ -47.9167555, -15.793637 ], [ -47.9166536, -15.793335 ], [ -47.9165473, -15.79302 ], [ -47.9163409, -15.7924084 ], [ -47.9159739, -15.7913338 ], [ -47.9157971, -15.790791 ] ], [ [ -47.9157971, -15.790791 ], [ -47.9156977, -15.7904859 ] ], [ [ -47.9156977, -15.7904859 ], [ -47.9155861, -15.790166 ], [ -47.9155176, -15.7899694 ], [ -47.9153087, -15.789353 ], [ -47.9149854, -15.78839 ], [ -47.9149098, -15.7881688 ], [ -47.9148556, -15.7880059 ], [ -47.9147832, -15.7877877 ], [ -47.9147286, -15.7876323 ] ], [ [ -47.9147286, -15.7876323 ], [ -47.9146197, -15.7872793 ] ], [ [ -47.9146197, -15.7872793 ], [ -47.9143683, -15.7865618 ], [ -47.9142134, -15.7861134 ] ], [ [ -47.9142134, -15.7861134 ], [ -47.9139524, -15.7853948 ], [ -47.9139156, -15.7852836 ], [ -47.9138915, -15.7852268 ], [ -47.9138587, -15.785168 ], [ -47.9138057, -15.7851074 ], [ -47.9137447, -15.7850745 ], [ -47.9136578, -15.7850579 ] ], [ [ -47.9136578, -15.7850579 ], [ -47.9129765, -15.7852706 ], [ -47.9128664, -15.785305 ], [ -47.9126372, -15.7853766 ] ], [ [ -47.9126372, -15.7853766 ], [ -47.9122604, -15.7854992 ] ], [ [ -47.9122604, -15.7854992 ], [ -47.9104919, -15.7860558 ] ], [ [ -47.9104919, -15.7860558 ], [ -47.9104131, -15.786081 ], [ -47.9101342, -15.7861701 ], [ -47.9098095, -15.7862739 ] ], [ [ -47.9098095, -15.7862739 ], [ -47.9096528, -15.786328 ], [ -47.9095907, -15.7863494 ] ], [ [ -47.9095907, -15.7863494 ], [ -47.9090794, -15.7865119 ], [ -47.9088778, -15.786576 ], [ -47.9088106, -15.7865966 ], [ -47.9083709, -15.7867311 ], [ -47.9082423, -15.7867704 ], [ -47.9081759, -15.7867906 ], [ -47.9081016, -15.7868132 ] ], [ [ -47.9081016, -15.7868132 ], [ -47.9078965, -15.7868847 ], [ -47.9076957, -15.7869798 ] ], [ [ -47.9076957, -15.7869798 ], [ -47.9076336, -15.787018 ], [ -47.907324, -15.7872088 ] ], [ [ -47.907324, -15.7872088 ], [ -47.9069625, -15.7874024 ], [ -47.9068744, -15.7874585 ], [ -47.9067783, -15.7875124 ] ], [ [ -47.9067783, -15.7875124 ], [ -47.9062258, -15.7878233 ] ], [ [ -47.9062258, -15.7878233 ], [ -47.9054971, -15.7882124 ], [ -47.9042074, -15.7889022 ], [ -47.9038319, -15.7890925 ], [ -47.9035791, -15.7892054 ], [ -47.9032145, -15.7893445 ], [ -47.9029478, -15.7894387 ], [ -47.9022186, -15.7896573 ], [ -47.9020887, -15.7896962 ] ], [ [ -47.9020887, -15.7896962 ], [ -47.9019977, -15.7897251 ], [ -47.9019315, -15.7897452 ], [ -47.9005806, -15.7901794 ], [ -47.900377, -15.790242 ], [ -47.8998269, -15.790411 ], [ -47.8988808, -15.7907019 ], [ -47.8984805, -15.790818 ] ], [ [ -47.8984805, -15.790818 ], [ -47.8975783, -15.7910779 ], [ -47.8973418, -15.791135 ], [ -47.8971572, -15.7911741 ], [ -47.896596, -15.7913055 ], [ -47.896319, -15.7913747 ], [ -47.8960133, -15.7914522 ], [ -47.8953027, -15.7916377 ], [ -47.8952692, -15.7916464 ], [ -47.8948905, -15.7917437 ] ], [ [ -47.8948905, -15.7917437 ], [ -47.8945962, -15.7918193 ], [ -47.8944973, -15.7918447 ], [ -47.8944593, -15.7918545 ], [ -47.8941752, -15.7919275 ], [ -47.8940372, -15.7919629 ], [ -47.8939411, -15.7919868 ], [ -47.8938552, -15.7920113 ], [ -47.8937331, -15.7920414 ], [ -47.8933937, -15.7921277 ] ], [ [ -47.8933937, -15.7921277 ], [ -47.8926507, -15.7923432 ], [ -47.8922978, -15.7924443 ] ], [ [ -47.8922978, -15.7924443 ], [ -47.8920277, -15.7925148 ], [ -47.8918639, -15.7925577 ], [ -47.8917398, -15.7925902 ], [ -47.8914155, -15.7926752 ], [ -47.8910536, -15.7927701 ], [ -47.8903927, -15.7929427 ] ], [ [ -47.8903927, -15.7929427 ], [ -47.890199, -15.7929916 ] ], [ [ -47.890199, -15.7929916 ], [ -47.8898315, -15.7930882 ] ], [ [ -47.8898315, -15.7930882 ], [ -47.8896859, -15.7931298 ] ], [ [ -47.8896859, -15.7931298 ], [ -47.8887632, -15.7933847 ], [ -47.8885494, -15.7934352 ] ], [ [ -47.8885494, -15.7934352 ], [ -47.8876256, -15.7936717 ], [ -47.8872296, -15.7937566 ], [ -47.886342, -15.7940257 ], [ -47.8855048, -15.7942353 ], [ -47.88506, -15.7943492 ], [ -47.885052, -15.7943512 ], [ -47.884738, -15.7944317 ], [ -47.8846675, -15.7944498 ] ], [ [ -47.8846675, -15.7944498 ], [ -47.8841833, -15.7946119 ], [ -47.8833993, -15.7947697 ], [ -47.8832808, -15.7947945 ], [ -47.8829953, -15.794876 ], [ -47.882936, -15.7948932 ] ], [ [ -47.882936, -15.7948932 ], [ -47.8828152, -15.7949245 ] ], [ [ -47.8828152, -15.7949245 ], [ -47.8826429, -15.7949707 ], [ -47.8825668, -15.7949885 ], [ -47.8823043, -15.7950736 ], [ -47.8822498, -15.7950913 ] ], [ [ -47.8822498, -15.7950913 ], [ -47.8819277, -15.795174 ] ], [ [ -47.8819277, -15.795174 ], [ -47.8817804, -15.795211 ] ], [ [ -47.8817804, -15.795211 ], [ -47.8813736, -15.7953201 ], [ -47.8808905, -15.795473 ], [ -47.8808379, -15.7954901 ], [ -47.8806056, -15.7955625 ], [ -47.8794873, -15.7959163 ], [ -47.8791634, -15.7960242 ], [ -47.8787399, -15.796155 ], [ -47.8773893, -15.7965722 ] ], [ [ -47.8773893, -15.7965722 ], [ -47.8772364, -15.7966181 ] ], [ [ -47.8772364, -15.7966181 ], [ -47.8769728, -15.796709 ] ], [ [ -47.8769728, -15.796709 ], [ -47.8765856, -15.7968337 ] ], [ [ -47.8765856, -15.7968337 ], [ -47.876132, -15.7969962 ] ], [ [ -47.876132, -15.7969962 ], [ -47.8760851, -15.7970125 ], [ -47.8760142, -15.797038 ] ], [ [ -47.8760142, -15.797038 ], [ -47.8757373, -15.7971188 ], [ -47.8753573, -15.7972496 ] ], [ [ -47.8753573, -15.7972496 ], [ -47.8752818, -15.797007 ], [ -47.8750696, -15.7963669 ], [ -47.8749105, -15.7958868 ], [ -47.874784, -15.7955098 ], [ -47.8747147, -15.7953242 ] ], [ [ -47.8747147, -15.7953242 ], [ -47.8748073, -15.7952943 ], [ -47.8751782, -15.7951716 ] ], [ [ -47.8751782, -15.7951716 ], [ -47.8752255, -15.7950591 ], [ -47.8752449, -15.7949894 ], [ -47.875261, -15.7949029 ], [ -47.8752539, -15.7948125 ], [ -47.8752523, -15.7947919 ], [ -47.8751866, -15.794528 ], [ -47.8750832, -15.794187 ], [ -47.8748876, -15.7935418 ], [ -47.8748707, -15.7934898 ] ], [ [ -47.8748707, -15.7934898 ], [ -47.8747616, -15.7931452 ] ], [ [ -47.8747616, -15.7931452 ], [ -47.8745335, -15.7924355 ] ], [ [ -47.8745335, -15.7924355 ], [ -47.8744219, -15.7921259 ], [ -47.8744, -15.7920742 ], [ -47.874385, -15.7920242 ] ], [ [ -47.874385, -15.7920242 ], [ -47.8742768, -15.7917876 ] ], [ [ -47.8742768, -15.7917876 ], [ -47.8736141, -15.7907263 ], [ -47.8734498, -15.7904662 ] ], [ [ -47.8734498, -15.7904662 ], [ -47.8733585, -15.7899815 ], [ -47.8733061, -15.7895387 ], [ -47.8733003, -15.7891473 ], [ -47.8733164, -15.7886853 ], [ -47.8734685, -15.7872225 ], [ -47.8734894, -15.7870219 ], [ -47.8735197, -15.7865201 ], [ -47.8735377, -15.7862224 ], [ -47.8735424, -15.7861624 ], [ -47.8736136, -15.7851916 ] ], [ [ -47.8736136, -15.7851916 ], [ -47.8737268, -15.7840343 ] ], [ [ -47.8737268, -15.7840343 ], [ -47.8737603, -15.7835594 ] ], [ [ -47.8737603, -15.7835594 ], [ -47.8738388, -15.7826741 ], [ -47.8739132, -15.7816403 ], [ -47.8739219, -15.7814797 ], [ -47.8739246, -15.7812538 ], [ -47.8739199, -15.7810273 ], [ -47.8739186, -15.780615 ], [ -47.8739554, -15.7802107 ], [ -47.8739598, -15.7801543 ], [ -47.8739642, -15.7800834 ], [ -47.8739683, -15.7800322 ], [ -47.8739937, -15.7797159 ] ], [ [ -47.8739937, -15.7797159 ], [ -47.8740359, -15.7791889 ] ], [ [ -47.8740359, -15.7791889 ], [ -47.8740419, -15.7791109 ], [ -47.8740446, -15.7790618 ], [ -47.8741091, -15.7783021 ], [ -47.8741224, -15.7781455 ], [ -47.8741237, -15.7781193 ], [ -47.8741267, -15.7780577 ], [ -47.8741467, -15.7776524 ], [ -47.8741506, -15.7775738 ], [ -47.8742243, -15.7766291 ], [ -47.8742673, -15.7762664 ], [ -47.8742901, -15.7760754 ], [ -47.8743088, -15.7758663 ], [ -47.8743544, -15.7754063 ], [ -47.8743708, -15.7752405 ], [ -47.8743987, -15.7749591 ], [ -47.8744374, -15.7746219 ], [ -47.8744885, -15.7741757 ], [ -47.8744993, -15.7740956 ], [ -47.8745432, -15.7737798 ], [ -47.8747044, -15.772699 ] ], [ [ -47.8747044, -15.772699 ], [ -47.8747467, -15.7723546 ] ], [ [ -47.8747467, -15.7723546 ], [ -47.8748269, -15.7718308 ], [ -47.874872, -15.7715361 ], [ -47.8751376, -15.7700341 ], [ -47.8751645, -15.7697902 ], [ -47.87521, -15.7694339 ], [ -47.8752409, -15.7691229 ], [ -47.8752617, -15.7690403 ], [ -47.8752825, -15.7689216 ], [ -47.8753106, -15.7687744 ] ], [ [ -47.8753106, -15.7687744 ], [ -47.8753368, -15.7686338 ], [ -47.8753851, -15.7684272 ], [ -47.8754488, -15.7681239 ], [ -47.8756741, -15.7674128 ], [ -47.8757364, -15.7671702 ] ], [ [ -47.8757364, -15.7671702 ], [ -47.87577, -15.7670637 ], [ -47.875829, -15.766834 ], [ -47.8758388, -15.7667812 ], [ -47.8758618, -15.7666565 ], [ -47.8761274, -15.7656627 ], [ -47.876232, -15.7652587 ], [ -47.8763272, -15.7648883 ], [ -47.87646, -15.7644056 ], [ -47.8766584, -15.7637086 ], [ -47.8767805, -15.7632543 ], [ -47.8769213, -15.7628529 ], [ -47.8769736, -15.7626774 ] ], [ [ -47.8769736, -15.7626774 ], [ -47.8760061, -15.7623928 ], [ -47.8746676, -15.7619991 ] ], [ [ -47.8746676, -15.7619991 ], [ -47.8745223, -15.762432 ], [ -47.8743457, -15.7630097 ], [ -47.8742317, -15.763386 ], [ -47.8741372, -15.7637038 ] ], [ [ -47.8741372, -15.7637038 ], [ -47.8740232, -15.7640584 ] ], [ [ -47.8740232, -15.7640584 ], [ -47.8739551, -15.7641297 ], [ -47.8739412, -15.7641368 ], [ -47.8739258, -15.7641423 ], [ -47.8738978, -15.7641439 ], [ -47.8738817, -15.7641412 ], [ -47.8738651, -15.7641376 ], [ -47.8738431, -15.7641262 ], [ -47.8738342, -15.7641174 ], [ -47.873827, -15.7641091 ], [ -47.8738203, -15.7640855 ], [ -47.8738052, -15.7640081 ] ], [ [ -47.8856846, -15.7355276 ], [ -47.885925, -15.734759 ], [ -47.8859712, -15.7346113 ] ], [ [ -47.882042, -15.7468547 ], [ -47.882106, -15.7466621 ], [ -47.8837974, -15.7413539 ], [ -47.8842635, -15.7399261 ], [ -47.8845033, -15.7391914 ], [ -47.8848861, -15.7379629 ], [ -47.8853241, -15.7366043 ], [ -47.8856846, -15.7355276 ] ], [ [ -47.8820283, -15.7468989 ], [ -47.882042, -15.7468547 ] ], [ [ -47.8817888, -15.7476327 ], [ -47.8820283, -15.7468989 ] ], [ [ -47.8815149, -15.7484731 ], [ -47.8816286, -15.7480994 ], [ -47.8817218, -15.7478089 ], [ -47.8817888, -15.7476327 ] ], [ [ -47.8802606, -15.7524653 ], [ -47.8803021, -15.752333 ], [ -47.8803217, -15.7522706 ], [ -47.8803351, -15.7522271 ], [ -47.880338, -15.7522178 ], [ -47.8804786, -15.751738 ], [ -47.880547, -15.7515263 ], [ -47.8806371, -15.751256 ], [ -47.8807046, -15.7510533 ], [ -47.8809205, -15.7503921 ], [ -47.8811042, -15.7498225 ], [ -47.8813395, -15.7490492 ], [ -47.8815149, -15.7484731 ] ], [ [ -47.8800397, -15.7530912 ], [ -47.8801918, -15.7526602 ], [ -47.8802606, -15.7524653 ] ], [ [ -47.8782613, -15.7586721 ], [ -47.8782788, -15.7586114 ], [ -47.8782926, -15.758554 ], [ -47.8783249, -15.7584557 ], [ -47.8784582, -15.7580226 ], [ -47.8785215, -15.7578134 ], [ -47.8786067, -15.7575511 ], [ -47.8788344, -15.7568499 ], [ -47.8790731, -15.7560794 ], [ -47.8790768, -15.7560676 ], [ -47.8790918, -15.7560199 ], [ -47.8791033, -15.7559845 ], [ -47.8791101, -15.7559639 ], [ -47.8794064, -15.7550713 ], [ -47.8797869, -15.7538529 ], [ -47.879808, -15.7537799 ], [ -47.8799689, -15.7533014 ], [ -47.8800397, -15.7530912 ] ], [ [ -47.8780847, -15.7592416 ], [ -47.878091, -15.7592212 ], [ -47.8782613, -15.7586721 ] ], [ [ -47.8770105, -15.7625774 ], [ -47.8770799, -15.762352 ], [ -47.8771282, -15.7621952 ], [ -47.8771646, -15.762077 ], [ -47.8771868, -15.7620049 ], [ -47.8772798, -15.7617297 ], [ -47.8773836, -15.7613995 ], [ -47.8774453, -15.7612032 ], [ -47.8775033, -15.7610137 ], [ -47.8775992, -15.760713 ], [ -47.8777341, -15.7602872 ], [ -47.8777423, -15.7602613 ], [ -47.8777857, -15.7601244 ], [ -47.8778624, -15.7598978 ], [ -47.877964, -15.7595979 ], [ -47.8780847, -15.7592416 ] ], [ [ -47.8747024, -15.7618688 ], [ -47.8770105, -15.7625774 ] ], [ [ -47.875552, -15.7591687 ], [ -47.8755209, -15.7592646 ], [ -47.8754935, -15.7593495 ], [ -47.8754367, -15.7595197 ], [ -47.8752784, -15.760016 ], [ -47.875143, -15.7604187 ], [ -47.8749231, -15.7611428 ], [ -47.8748333, -15.7614193 ], [ -47.8747816, -15.7615842 ], [ -47.8747024, -15.7618688 ] ], [ [ -47.8753006, -15.7592416 ], [ -47.8753618, -15.7591126 ], [ -47.8753866, -15.759093 ], [ -47.8754114, -15.7590861 ], [ -47.875438, -15.7590864 ], [ -47.8754669, -15.7590944 ], [ -47.8755135, -15.7591254 ], [ -47.875552, -15.7591687 ] ], [ [ -47.875207, -15.7595327 ], [ -47.8753006, -15.7592416 ] ], [ [ -47.8747018, -15.7610505 ], [ -47.8748345, -15.7606704 ], [ -47.8750397, -15.7600534 ], [ -47.8751326, -15.7597643 ], [ -47.875207, -15.7595327 ] ], [ [ -47.8732118, -15.7662964 ], [ -47.8732294, -15.7662236 ], [ -47.8734733, -15.7652135 ], [ -47.8735618, -15.764878 ], [ -47.8737074, -15.7643901 ], [ -47.8738052, -15.7640081 ], [ -47.8739025, -15.7636544 ], [ -47.8741559, -15.762791 ], [ -47.8742927, -15.7623405 ], [ -47.8743782, -15.7620651 ], [ -47.8745792, -15.7614168 ], [ -47.8746274, -15.7612613 ], [ -47.8747018, -15.7610505 ] ], [ [ -47.8728873, -15.7677135 ], [ -47.8731769, -15.7664422 ], [ -47.8732118, -15.7662964 ] ], [ [ -47.8728323, -15.7679394 ], [ -47.8728873, -15.7677135 ] ], [ [ -47.8728323, -15.7679394 ], [ -47.872665, -15.7678127 ], [ -47.8724278, -15.7676632 ], [ -47.8723021, -15.7675777 ], [ -47.8719456, -15.7673353 ], [ -47.87191, -15.7673107 ], [ -47.8714988, -15.7670265 ], [ -47.8712564, -15.766859 ], [ -47.8711914, -15.7668161 ], [ -47.8710782, -15.7667413 ], [ -47.8708551, -15.7665945 ], [ -47.8708011, -15.766559 ], [ -47.8707198, -15.7665055 ], [ -47.8705693, -15.7664111 ], [ -47.8703573, -15.7662671 ], [ -47.8702444, -15.7661929 ], [ -47.8701884, -15.7661555 ], [ -47.8699037, -15.7659653 ] ], [ [ -47.869211, -15.7668704 ], [ -47.8697427, -15.7661736 ], [ -47.8699037, -15.7659653 ] ], [ [ -47.8690708, -15.7669893 ], [ -47.869211, -15.7668704 ] ], [ [ -47.8690089, -15.7671372 ], [ -47.8689949, -15.7671106 ], [ -47.8689903, -15.7670811 ], [ -47.8689911, -15.7670578 ], [ -47.8690099, -15.7670253 ], [ -47.8690504, -15.7669965 ], [ -47.8690708, -15.7669893 ] ], [ [ -47.8691768, -15.7670421 ], [ -47.869186, -15.7670835 ], [ -47.8691754, -15.7671246 ], [ -47.8691472, -15.7671571 ], [ -47.8691098, -15.7671738 ], [ -47.8690685, -15.7671742 ], [ -47.8690351, -15.7671611 ], [ -47.8690089, -15.7671372 ] ], [ [ -47.8690708, -15.7669893 ], [ -47.8691132, -15.7669909 ], [ -47.8691509, -15.7670097 ], [ -47.8691768, -15.7670421 ] ], [ [ -47.8859712, -15.7346113 ], [ -47.8859857, -15.7345565 ], [ -47.886099, -15.7341309 ], [ -47.8861563, -15.7340362 ], [ -47.8862067, -15.733948 ], [ -47.8862467, -15.7338858 ], [ -47.886389, -15.7337389 ] ], [ [ -47.886389, -15.7337389 ], [ -47.8869254, -15.733428 ] ], [ [ -47.887426, -15.7332614 ], [ -47.8876153, -15.7332633 ], [ -47.8876984, -15.7332815 ], [ -47.8877467, -15.7333008 ], [ -47.8877883, -15.7333305 ], [ -47.8878553, -15.7334312 ], [ -47.8878607, -15.7335513 ], [ -47.8878392, -15.7336352 ], [ -47.8877924, -15.7337178 ] ], [ [ -47.8877924, -15.7337178 ], [ -47.8862875, -15.7345532 ] ], [ [ -47.8862875, -15.7345532 ], [ -47.8861287, -15.7346951 ], [ -47.8861189, -15.7347103 ], [ -47.8860754, -15.7347698 ], [ -47.8859778, -15.7349493 ], [ -47.8857015, -15.735858 ], [ -47.8856786, -15.7359286 ], [ -47.8850074, -15.7379992 ], [ -47.8846202, -15.7392287 ], [ -47.8839179, -15.7413871 ], [ -47.8822428, -15.7466827 ], [ -47.8820594, -15.7472678 ], [ -47.8819221, -15.7476699 ], [ -47.8810432, -15.7503846 ], [ -47.8808648, -15.7509442 ], [ -47.8807408, -15.751365 ], [ -47.8806509, -15.7516347 ], [ -47.8806147, -15.7517457 ], [ -47.8805812, -15.7518626 ], [ -47.8805356, -15.7520936 ], [ -47.8805, -15.7522485 ], [ -47.8804323, -15.7524928 ] ], [ [ -47.8804323, -15.7524928 ], [ -47.8803042, -15.7529068 ], [ -47.8801051, -15.7535082 ], [ -47.8799683, -15.7539 ], [ -47.8796786, -15.7546738 ], [ -47.8796243, -15.7548203 ], [ -47.8795787, -15.7549597 ], [ -47.8792345, -15.7560656 ], [ -47.8787388, -15.7575675 ], [ -47.8786919, -15.757706 ], [ -47.8786473, -15.7578586 ], [ -47.8784314, -15.7587363 ] ], [ [ -47.8784314, -15.7587363 ], [ -47.8783281, -15.7590977 ], [ -47.8782536, -15.7593009 ], [ -47.8781068, -15.7597179 ], [ -47.8779687, -15.7601748 ], [ -47.8777823, -15.7606407 ], [ -47.8776777, -15.7609085 ], [ -47.8775646, -15.7612407 ], [ -47.8775355, -15.761326 ], [ -47.8773954, -15.7617604 ], [ -47.8771225, -15.762607 ], [ -47.8770447, -15.7628923 ], [ -47.8768408, -15.7635189 ], [ -47.8766782, -15.7640683 ], [ -47.8765746, -15.7644185 ], [ -47.8763963, -15.7653078 ], [ -47.8763426, -15.7655452 ], [ -47.8761428, -15.7662248 ], [ -47.8761207, -15.7663222 ], [ -47.8761012, -15.7663938 ], [ -47.8760389, -15.766712 ], [ -47.8760121, -15.7668192 ], [ -47.8759966, -15.7668811 ], [ -47.8758406, -15.7674389 ], [ -47.8757988, -15.7675883 ], [ -47.8755634, -15.7684666 ], [ -47.8755245, -15.7686712 ], [ -47.875438, -15.7691552 ], [ -47.8752691, -15.7699825 ], [ -47.875084, -15.7709672 ], [ -47.8750638, -15.7711002 ], [ -47.8749933, -15.7715652 ], [ -47.8749264, -15.7723843 ], [ -47.8748842, -15.7726902 ], [ -47.8747514, -15.7734465 ], [ -47.8747313, -15.7736078 ], [ -47.8746994, -15.7737911 ], [ -47.8745805, -15.7746184 ], [ -47.8745677, -15.7747074 ], [ -47.8745127, -15.7749745 ], [ -47.8744282, -15.7758599 ], [ -47.8743933, -15.7762767 ], [ -47.8742766, -15.7776215 ], [ -47.8742541, -15.7779596 ], [ -47.8742324, -15.7782868 ], [ -47.8742217, -15.7785882 ], [ -47.8742257, -15.7791121 ], [ -47.874223, -15.7791909 ], [ -47.8741995, -15.7795658 ], [ -47.8741513, -15.7801143 ], [ -47.8741439, -15.7801985 ] ], [ [ -47.8741439, -15.7801985 ], [ -47.8741298, -15.7803904 ], [ -47.8741197, -15.7806198 ] ], [ [ -47.8741197, -15.7806198 ], [ -47.8740731, -15.7811908 ], [ -47.8740124, -15.7819333 ], [ -47.8738931, -15.78362 ] ], [ [ -47.8738931, -15.78362 ], [ -47.8738529, -15.784055 ] ], [ [ -47.8738529, -15.784055 ], [ -47.8737657, -15.7850409 ], [ -47.8736838, -15.7860469 ], [ -47.8736691, -15.7862269 ], [ -47.8736635, -15.7863274 ], [ -47.8736249, -15.7868812 ] ], [ [ -47.8736249, -15.7868812 ], [ -47.8736112, -15.7871597 ], [ -47.8735506, -15.78764 ] ], [ [ -47.8735506, -15.78764 ], [ -47.8734861, -15.7881511 ] ], [ [ -47.8734861, -15.7881511 ], [ -47.8734183, -15.788715 ], [ -47.8733962, -15.7890293 ], [ -47.8734123, -15.789217 ], [ -47.8734485, -15.7893487 ], [ -47.8735042, -15.7894726 ] ], [ [ -47.8735042, -15.7894726 ], [ -47.8736423, -15.7896552 ], [ -47.8737375, -15.7897507 ], [ -47.8738663, -15.7898416 ] ], [ [ -47.8738663, -15.7898416 ], [ -47.8739682, -15.7899081 ], [ -47.874172, -15.790061 ], [ -47.874286, -15.7901539 ], [ -47.8743973, -15.7902701 ] ], [ [ -47.8743973, -15.7902701 ], [ -47.8746217, -15.7909627 ], [ -47.8747601, -15.7913896 ], [ -47.8748305, -15.7915993 ], [ -47.874919, -15.7918671 ], [ -47.8749351, -15.7919026 ], [ -47.8749472, -15.7919522 ], [ -47.8750586, -15.7922596 ], [ -47.8753008, -15.7929598 ] ], [ [ -47.8753008, -15.7929598 ], [ -47.8754172, -15.7932989 ] ], [ [ -47.8754172, -15.7932989 ], [ -47.8755118, -15.7935957 ], [ -47.8756537, -15.7940318 ], [ -47.8757297, -15.7942551 ], [ -47.8759121, -15.794681 ], [ -47.8759713, -15.7948091 ], [ -47.8760099, -15.7949212 ] ], [ [ -47.8760099, -15.7949212 ], [ -47.876637, -15.7947158 ] ], [ [ -47.876637, -15.7947158 ], [ -47.876754, -15.7946793 ] ], [ [ -47.876754, -15.7946793 ], [ -47.8773289, -15.7944978 ], [ -47.8778682, -15.7943275 ], [ -47.8783759, -15.7941671 ], [ -47.8790401, -15.7939574 ], [ -47.8793811, -15.7938497 ], [ -47.8797853, -15.7937221 ], [ -47.8799647, -15.7936655 ], [ -47.880455, -15.7935106 ], [ -47.8805069, -15.7934943 ], [ -47.8807614, -15.7934139 ], [ -47.8809536, -15.7933532 ] ], [ [ -47.8809536, -15.7933532 ], [ -47.8816376, -15.7931078 ] ], [ [ -47.8816376, -15.7931078 ], [ -47.8821211, -15.7929354 ], [ -47.8825395, -15.792786 ], [ -47.8826902, -15.7927321 ], [ -47.882824, -15.7926826 ], [ -47.882926, -15.7926448 ], [ -47.8832313, -15.7925319 ], [ -47.8834227, -15.7924611 ] ], [ [ -47.8834227, -15.7924611 ], [ -47.8840486, -15.7922341 ] ], [ [ -47.8840486, -15.7922341 ], [ -47.8847246, -15.7919826 ], [ -47.8848798, -15.7919212 ], [ -47.8850136, -15.7918656 ], [ -47.8856658, -15.7916356 ], [ -47.8863168, -15.7914538 ], [ -47.8870128, -15.7911781 ], [ -47.8875356, -15.7909429 ], [ -47.8877243, -15.7908742 ] ], [ [ -47.8877243, -15.7908742 ], [ -47.8882894, -15.7906661 ], [ -47.8887619, -15.7904869 ] ], [ [ -47.8887619, -15.7904869 ], [ -47.8889524, -15.790419 ] ], [ [ -47.8889524, -15.790419 ], [ -47.8893286, -15.7902727 ] ], [ [ -47.8893286, -15.7902727 ], [ -47.8894955, -15.7902107 ] ], [ [ -47.8894955, -15.7902107 ], [ -47.890095, -15.7899771 ], [ -47.8904325, -15.7898633 ], [ -47.8907565, -15.7897402 ], [ -47.8910394, -15.7896389 ] ], [ [ -47.8910394, -15.7896389 ], [ -47.8919013, -15.7893192 ], [ -47.8921281, -15.7892356 ] ], [ [ -47.8921281, -15.7892356 ], [ -47.8923379, -15.7891526 ], [ -47.8926037, -15.7890541 ] ], [ [ -47.8926037, -15.7890541 ], [ -47.8941192, -15.7885071 ], [ -47.8944985, -15.7883674 ], [ -47.8948274, -15.7882339 ], [ -47.8949706, -15.7881758 ], [ -47.895053, -15.7881511 ], [ -47.8951171, -15.7881254 ], [ -47.8954607, -15.7879975 ], [ -47.8960147, -15.7877902 ], [ -47.8972574, -15.7873485 ], [ -47.8977101, -15.7872042 ], [ -47.8982073, -15.7870458 ], [ -47.8985663, -15.7869314 ], [ -47.8990407, -15.7867802 ], [ -47.8993634, -15.7866773 ], [ -47.9000691, -15.7864474 ], [ -47.900544, -15.7862927 ], [ -47.900731, -15.7862326 ], [ -47.9007573, -15.7862241 ] ], [ [ -47.9007573, -15.7862241 ], [ -47.9008079, -15.7862092 ], [ -47.9008941, -15.7861837 ], [ -47.9011864, -15.7860963 ], [ -47.9017176, -15.7859211 ], [ -47.9023969, -15.7857191 ], [ -47.9025887, -15.7856642 ], [ -47.9028019, -15.7856365 ], [ -47.9030687, -15.7856049 ], [ -47.9038973, -15.7855205 ], [ -47.9043274, -15.7854756 ], [ -47.9045221, -15.7854553 ], [ -47.9053688, -15.7853906 ], [ -47.9057272, -15.7853507 ], [ -47.9059622, -15.7853261 ], [ -47.9062128, -15.785289 ] ], [ [ -47.9062128, -15.785289 ], [ -47.9063389, -15.7852732 ], [ -47.9063868, -15.7852672 ], [ -47.906988, -15.7852085 ] ], [ [ -47.906988, -15.7852085 ], [ -47.9071711, -15.7851913 ], [ -47.9073402, -15.7851663 ], [ -47.9075204, -15.7851175 ], [ -47.9085702, -15.7847751 ], [ -47.9092105, -15.7845766 ] ], [ [ -47.9092105, -15.7845766 ], [ -47.9093461, -15.7845349 ], [ -47.9097, -15.7844263 ], [ -47.9097666, -15.7844058 ] ], [ [ -47.9097666, -15.7844058 ], [ -47.9102444, -15.7842534 ], [ -47.9104868, -15.7841784 ], [ -47.9116433, -15.7838206 ] ], [ [ -47.9116433, -15.7838206 ], [ -47.9120271, -15.783698 ], [ -47.9124092, -15.78358 ], [ -47.912797, -15.7834562 ], [ -47.9135998, -15.7832066 ], [ -47.9154888, -15.7826115 ] ], [ [ -47.9154888, -15.7826115 ], [ -47.9155635, -15.7826325 ], [ -47.9156118, -15.7826531 ], [ -47.9156417, -15.7826818 ], [ -47.9156648, -15.7827263 ], [ -47.9156849, -15.7827699 ], [ -47.9157258, -15.7828802 ], [ -47.9157377, -15.7829151 ], [ -47.9158874, -15.7833474 ], [ -47.9159226, -15.7834536 ], [ -47.9160758, -15.7838894 ], [ -47.9160926, -15.7839424 ], [ -47.9161315, -15.7840566 ], [ -47.9161449, -15.7841147 ], [ -47.9161412, -15.7841653 ], [ -47.9161225, -15.784214 ], [ -47.9160877, -15.7842906 ] ], [ [ -47.9160877, -15.7842906 ], [ -47.9147634, -15.7847096 ] ], [ [ -47.9147634, -15.7847096 ], [ -47.9141929, -15.7848901 ] ], [ [ -47.9141929, -15.7848901 ], [ -47.9141369, -15.7849519 ], [ -47.914095, -15.7850218 ], [ -47.9140708, -15.7851122 ], [ -47.9140669, -15.7851755 ], [ -47.9140742, -15.7852342 ], [ -47.9141034, -15.78533 ], [ -47.9147545, -15.7872355 ], [ -47.9149111, -15.7876778 ] ], [ [ -47.9149111, -15.7876778 ], [ -47.9149999, -15.7879572 ], [ -47.9150529, -15.788112 ] ], [ [ -47.9150529, -15.788112 ], [ -47.9151341, -15.7883608 ], [ -47.9151582, -15.7884321 ], [ -47.9152809, -15.7887841 ], [ -47.9155155, -15.7894649 ], [ -47.9155937, -15.7897005 ], [ -47.9156651, -15.7899158 ], [ -47.9158341, -15.7904195 ], [ -47.9159463, -15.7907536 ], [ -47.9159977, -15.7909271 ] ], [ [ -47.9159977, -15.7909271 ], [ -47.9161208, -15.7912951 ] ], [ [ -47.9161208, -15.7912951 ], [ -47.9163346, -15.7919045 ], [ -47.9164347, -15.7921898 ], [ -47.9165871, -15.7926241 ], [ -47.9166996, -15.7929776 ], [ -47.9167901, -15.7932619 ], [ -47.9168135, -15.7933356 ], [ -47.9169023, -15.7936005 ] ], [ [ -47.9169023, -15.7936005 ], [ -47.9170485, -15.7940177 ] ], [ [ -47.9170485, -15.7940177 ], [ -47.9171859, -15.7944345 ] ], [ [ -47.9171859, -15.7944345 ], [ -47.9172512, -15.7946469 ], [ -47.9172865, -15.7947616 ], [ -47.9173844, -15.7950429 ], [ -47.9174857, -15.7953546 ], [ -47.917603, -15.7956978 ], [ -47.9176654, -15.795854 ] ], [ [ -47.9176654, -15.795854 ], [ -47.9177371, -15.7959934 ], [ -47.9178384, -15.7961656 ], [ -47.9180054, -15.7963895 ], [ -47.9181797, -15.7965747 ], [ -47.9183983, -15.7967592 ] ], [ [ -47.9183983, -15.7967592 ], [ -47.9185708, -15.796876 ], [ -47.9188593, -15.797049 ], [ -47.9190444, -15.7971525 ], [ -47.9192495, -15.797277 ], [ -47.919347, -15.7973303 ], [ -47.9199545, -15.7976735 ], [ -47.9204754, -15.7979787 ], [ -47.9210482, -15.7983088 ], [ -47.9213266, -15.7984726 ], [ -47.9216109, -15.7986255 ] ], [ [ -47.9216109, -15.7986255 ], [ -47.9216335, -15.7986232 ], [ -47.9216605, -15.7986257 ], [ -47.9216863, -15.7986338 ], [ -47.9217095, -15.7986473 ], [ -47.9217291, -15.7986653 ], [ -47.9217455, -15.7986897 ], [ -47.9217552, -15.7987171 ], [ -47.9217576, -15.798746 ] ], [ [ -47.9217576, -15.798746 ], [ -47.9220534, -15.7988855 ], [ -47.9222573, -15.7990021 ], [ -47.9227743, -15.7993021 ], [ -47.9231304, -15.799504 ], [ -47.9231958, -15.7995432 ], [ -47.9233175, -15.7996163 ], [ -47.9240333, -15.8000368 ], [ -47.92421, -15.8001255 ], [ -47.9243688, -15.8001502 ] ], [ [ -47.9243688, -15.8001502 ], [ -47.9243846, -15.8001521 ], [ -47.9244187, -15.8001561 ], [ -47.9244638, -15.8001772 ], [ -47.9244995, -15.8002112 ], [ -47.924522, -15.8002544 ], [ -47.9245287, -15.8003023 ] ], [ [ -47.9245287, -15.8003023 ], [ -47.9245805, -15.8003311 ], [ -47.9248563, -15.8004909 ], [ -47.92502, -15.8005856 ], [ -47.9254384, -15.8008276 ], [ -47.9258996, -15.8010854 ], [ -47.9261212, -15.8012259 ], [ -47.9264778, -15.8014399 ], [ -47.9266171, -15.8015235 ], [ -47.9270041, -15.8017293 ], [ -47.9270992, -15.8017595 ] ], [ [ -47.9270992, -15.8017595 ], [ -47.9271207, -15.8017604 ], [ -47.9271418, -15.8017649 ], [ -47.9271617, -15.801773 ], [ -47.9271798, -15.8017844 ], [ -47.9271954, -15.8017987 ], [ -47.9272082, -15.8018154 ], [ -47.9272176, -15.8018341 ] ], [ [ -47.874495, -15.7610981 ], [ -47.8745747, -15.7610932 ], [ -47.8746233, -15.7610828 ], [ -47.8747018, -15.7610505 ] ], [ [ -47.874495, -15.7610981 ], [ -47.8744519, -15.7610896 ], [ -47.874051, -15.7609934 ], [ -47.8739674, -15.7609706 ], [ -47.8735521, -15.7608576 ], [ -47.8732179, -15.7607487 ] ], [ [ -47.8732179, -15.7607487 ], [ -47.8730173, -15.7607204 ], [ -47.8730013, -15.7607181 ] ], [ [ -47.872987, -15.7606434 ], [ -47.8730002, -15.7606664 ], [ -47.8730051, -15.7606921 ], [ -47.8730013, -15.7607181 ], [ -47.8729897, -15.7607408 ], [ -47.8729714, -15.7607591 ], [ -47.8729481, -15.760771 ], [ -47.8729222, -15.7607755 ], [ -47.8728961, -15.7607721 ], [ -47.8728705, -15.76076 ], [ -47.8728506, -15.7607403 ] ], [ [ -47.8728506, -15.7607403 ], [ -47.8728385, -15.7607154 ], [ -47.8728357, -15.7606881 ], [ -47.8728428, -15.7606608 ], [ -47.8728591, -15.7606374 ] ], [ [ -47.8728591, -15.7606374 ], [ -47.8728833, -15.7606204 ], [ -47.8729113, -15.7606127 ], [ -47.8729403, -15.7606145 ], [ -47.872967, -15.7606257 ] ], [ [ -47.872967, -15.7606257 ], [ -47.872987, -15.7606434 ] ], [ [ -47.8728357, -15.7606881 ], [ -47.8726465, -15.7605988 ] ], [ [ -47.8726465, -15.7605988 ], [ -47.8723975, -15.7605378 ], [ -47.8713221, -15.7602315 ], [ -47.8709124, -15.760127 ], [ -47.8704191, -15.7600047 ], [ -47.8703078, -15.7599724 ], [ -47.8696671, -15.7598052 ], [ -47.8693321, -15.7597136 ], [ -47.8692761, -15.7597003 ] ], [ [ -47.8692761, -15.7597003 ], [ -47.8686901, -15.7595398 ], [ -47.8682537, -15.7594095 ] ], [ [ -47.8679985, -15.7592197 ], [ -47.8680443, -15.7592704 ], [ -47.86809, -15.7593115 ], [ -47.8681554, -15.7593617 ], [ -47.8682537, -15.7594095 ] ], [ [ -47.8679905, -15.7591865 ], [ -47.8679985, -15.7592197 ] ], [ [ -47.8678742, -15.7591277 ], [ -47.8679096, -15.7591266 ], [ -47.8679433, -15.759137 ], [ -47.8679714, -15.7591578 ], [ -47.8679905, -15.7591865 ] ], [ [ -47.8677914, -15.7592035 ], [ -47.8678013, -15.7591835 ], [ -47.8678191, -15.7591578 ], [ -47.8678442, -15.7591386 ], [ -47.8678742, -15.7591277 ] ], [ [ -47.8679238, -15.7593208 ], [ -47.8678902, -15.7593246 ], [ -47.8678572, -15.7593177 ], [ -47.8678281, -15.759301 ], [ -47.8678064, -15.7592761 ], [ -47.8677941, -15.7592457 ], [ -47.8677914, -15.7592035 ] ], [ [ -47.8679985, -15.7592197 ], [ -47.8679864, -15.7592675 ], [ -47.8679544, -15.7593068 ], [ -47.8679238, -15.7593208 ] ], [ [ -47.8676432, -15.7594036 ], [ -47.8676683, -15.7593484 ], [ -47.8676972, -15.759305 ], [ -47.8677173, -15.7592793 ], [ -47.8677914, -15.7592035 ] ], [ [ -47.8676432, -15.7594036 ], [ -47.8672966, -15.7598926 ], [ -47.8666546, -15.7607779 ], [ -47.8665316, -15.7609406 ] ], [ [ -47.8663548, -15.7610913 ], [ -47.8664128, -15.7610482 ], [ -47.8665316, -15.7609406 ] ], [ [ -47.8662555, -15.761219 ], [ -47.8662511, -15.7611885 ], [ -47.866258, -15.761155 ], [ -47.8662661, -15.761139 ], [ -47.8662771, -15.7611247 ], [ -47.866291, -15.7611121 ], [ -47.8663072, -15.7611022 ], [ -47.8663303, -15.761094 ], [ -47.8663548, -15.7610913 ] ], [ [ -47.8663689, -15.7612888 ], [ -47.8663365, -15.7612883 ], [ -47.8663077, -15.7612791 ], [ -47.8662829, -15.7612622 ], [ -47.8662663, -15.7612423 ], [ -47.8662555, -15.761219 ] ], [ [ -47.8663548, -15.7610913 ], [ -47.8663797, -15.7610943 ], [ -47.8664031, -15.7611031 ], [ -47.8664288, -15.7611219 ], [ -47.8664472, -15.7611475 ], [ -47.8664521, -15.7611698 ], [ -47.8664565, -15.7612037 ], [ -47.8664497, -15.7612283 ], [ -47.8664365, -15.7612505 ], [ -47.8664224, -15.7612651 ], [ -47.8664055, -15.7612767 ], [ -47.8663878, -15.7612844 ], [ -47.8663689, -15.7612888 ] ], [ [ -47.8661744, -15.761435 ], [ -47.8662443, -15.7612848 ], [ -47.8662555, -15.761219 ] ], [ [ -47.8661744, -15.761435 ], [ -47.8657192, -15.7620632 ], [ -47.865183, -15.7627998 ], [ -47.8649769, -15.7630793 ] ], [ [ -47.8647755, -15.7632173 ], [ -47.8649769, -15.7630793 ] ], [ [ -47.8645953, -15.7633212 ], [ -47.8646243, -15.7632748 ], [ -47.8646671, -15.7632399 ], [ -47.8647194, -15.76322 ], [ -47.8647755, -15.7632173 ] ], [ [ -47.8646271, -15.7634934 ], [ -47.8645942, -15.7634412 ], [ -47.8645831, -15.7633811 ], [ -47.8645953, -15.7633212 ] ], [ [ -47.8647618, -15.7635487 ], [ -47.8646757, -15.7635298 ], [ -47.8646271, -15.7634934 ] ], [ [ -47.864872, -15.7632594 ], [ -47.8649056, -15.7632996 ], [ -47.8649255, -15.7633505 ], [ -47.8649271, -15.7634049 ], [ -47.8649105, -15.7634569 ], [ -47.8648773, -15.7635009 ], [ -47.8648242, -15.7635353 ], [ -47.8647618, -15.7635487 ] ], [ [ -47.8647755, -15.7632173 ], [ -47.8648272, -15.7632311 ], [ -47.864872, -15.7632594 ] ], [ [ -47.8649645, -15.7637015 ], [ -47.8648076, -15.7635832 ], [ -47.8647618, -15.7635487 ] ], [ [ -47.8663447, -15.765533 ], [ -47.8662856, -15.7654471 ], [ -47.8662022, -15.7653373 ], [ -47.8658156, -15.7648282 ], [ -47.865105, -15.7638925 ], [ -47.8650851, -15.7638654 ], [ -47.8649645, -15.7637015 ] ], [ [ -47.8667519, -15.7661035 ], [ -47.8666699, -15.7659943 ], [ -47.8663915, -15.7655994 ], [ -47.8663637, -15.76556 ], [ -47.8663447, -15.765533 ] ], [ [ -47.86683, -15.7662909 ], [ -47.8667519, -15.7661035 ] ], [ [ -47.8669299, -15.7664241 ], [ -47.8668784, -15.7664179 ], [ -47.8668377, -15.7663869 ], [ -47.8668199, -15.7663399 ], [ -47.86683, -15.7662909 ] ], [ [ -47.8669145, -15.7662405 ], [ -47.8669634, -15.7662528 ], [ -47.866999, -15.7662873 ], [ -47.8670114, -15.76633 ], [ -47.8670018, -15.7663733 ], [ -47.8669724, -15.7664072 ], [ -47.8669299, -15.7664241 ] ], [ [ -47.86683, -15.7662909 ], [ -47.8668649, -15.7662544 ], [ -47.8669145, -15.7662405 ] ], [ [ -47.8670803, -15.7665526 ], [ -47.8669299, -15.7664241 ] ], [ [ -47.8680567, -15.7678928 ], [ -47.8678654, -15.7676212 ], [ -47.8676017, -15.7672711 ], [ -47.8673019, -15.7668595 ], [ -47.8672053, -15.7667269 ], [ -47.8670803, -15.7665526 ] ], [ [ -47.8681828, -15.7681414 ], [ -47.8680567, -15.7678928 ] ], [ [ -47.868217, -15.7682697 ], [ -47.8681939, -15.7682508 ], [ -47.8681778, -15.7682261 ], [ -47.8681703, -15.7681978 ], [ -47.868172, -15.7681687 ], [ -47.8681828, -15.7681414 ] ], [ [ -47.8683212, -15.7682695 ], [ -47.8682962, -15.7682802 ], [ -47.8682691, -15.7682839 ], [ -47.868242, -15.7682803 ], [ -47.868217, -15.7682697 ] ], [ [ -47.868312, -15.7681027 ], [ -47.8683469, -15.7681297 ], [ -47.8683658, -15.7681688 ], [ -47.8683675, -15.7681978 ], [ -47.86836, -15.7682259 ], [ -47.8683441, -15.7682506 ], [ -47.8683212, -15.7682695 ] ], [ [ -47.8681828, -15.7681414 ], [ -47.8682131, -15.7681098 ], [ -47.8682548, -15.7680942 ], [ -47.8682841, -15.7680943 ], [ -47.868312, -15.7681027 ] ], [ [ -47.8684783, -15.767948 ], [ -47.8683658, -15.7681688 ] ], [ [ -47.8689464, -15.7672644 ], [ -47.8686241, -15.7677184 ], [ -47.8684783, -15.767948 ] ], [ [ -47.8690685, -15.7671742 ], [ -47.8689464, -15.7672644 ] ], [ [ -47.9272176, -15.8018341 ], [ -47.9272902, -15.8018913 ], [ -47.9274108, -15.8019653 ], [ -47.9277109, -15.8021418 ], [ -47.927754, -15.8021671 ], [ -47.9288804, -15.8028084 ], [ -47.9291181, -15.8029474 ], [ -47.9292254, -15.8030129 ], [ -47.929426, -15.8031353 ], [ -47.9298737, -15.8034046 ], [ -47.9299854, -15.8034642 ], [ -47.9302341, -15.803593 ], [ -47.9304085, -15.8036833 ], [ -47.930526, -15.8037302 ] ], [ [ -47.930526, -15.8037302 ], [ -47.9305501, -15.8037237 ], [ -47.9305711, -15.8037222 ] ], [ [ -47.9305711, -15.8037222 ], [ -47.9306164, -15.8036716 ], [ -47.9306941, -15.8035532 ], [ -47.9310349, -15.803034 ], [ -47.9312996, -15.8026293 ] ], [ [ -47.9312996, -15.8026293 ], [ -47.9313889, -15.8024927 ], [ -47.9315505, -15.8022538 ] ], [ [ -47.9315505, -15.8022538 ], [ -47.9316474, -15.80212 ], [ -47.9319153, -15.8017191 ], [ -47.9322036, -15.8012966 ] ], [ [ -47.9322036, -15.8012966 ], [ -47.9323967, -15.8010137 ], [ -47.9324385, -15.8009488 ], [ -47.9326817, -15.8006002 ] ], [ [ -47.9326817, -15.8006002 ], [ -47.9328094, -15.8004089 ] ], [ [ -47.9328094, -15.8004089 ], [ -47.932882, -15.8002947 ], [ -47.9329795, -15.8001415 ], [ -47.9330868, -15.7999383 ], [ -47.9332068, -15.7996718 ], [ -47.9332577, -15.799524 ], [ -47.933296, -15.7993595 ], [ -47.9333355, -15.7991324 ], [ -47.933351, -15.7990195 ], [ -47.933373, -15.7986215 ] ], [ [ -47.933373, -15.7986215 ], [ -47.9333684, -15.7978684 ], [ -47.9333692, -15.7978361 ] ], [ [ -47.9333692, -15.7978361 ], [ -47.9333798, -15.797418 ] ], [ [ -47.9333798, -15.797418 ], [ -47.9334214, -15.7973612 ], [ -47.9334482, -15.7973374 ], [ -47.9334737, -15.797329 ], [ -47.9335092, -15.7973361 ], [ -47.933538, -15.7973496 ] ], [ [ -47.9336433, -15.79784 ], [ -47.9336802, -15.7979 ], [ -47.9337258, -15.7979619 ], [ -47.9343126, -15.7983486 ], [ -47.9345717, -15.7985002 ], [ -47.9346173, -15.7985267 ], [ -47.9348564, -15.7986859 ], [ -47.9349403, -15.7987355 ], [ -47.9351399, -15.798865 ], [ -47.93535, -15.7989953 ], [ -47.9362166, -15.7995674 ], [ -47.9363347, -15.7996497 ] ], [ [ -47.9363347, -15.7996497 ], [ -47.9365648, -15.7997767 ], [ -47.9365739, -15.7997824 ] ], [ [ -47.9365739, -15.7997824 ], [ -47.9369372, -15.8000112 ], [ -47.9372351, -15.8001798 ], [ -47.937458, -15.800323 ], [ -47.9375372, -15.8003793 ], [ -47.9378148, -15.8005686 ], [ -47.9381213, -15.8007732 ], [ -47.938533, -15.8010261 ], [ -47.9387073, -15.8011326 ], [ -47.9391821, -15.8014364 ], [ -47.9392786, -15.8014958 ], [ -47.9394476, -15.8015997 ], [ -47.9397172, -15.8017545 ], [ -47.9397679, -15.8017804 ], [ -47.9402711, -15.8021281 ], [ -47.9403408, -15.802163 ], [ -47.9404253, -15.8021907 ] ], [ [ -47.9404253, -15.8021907 ], [ -47.9405636, -15.8020811 ] ], [ [ -47.9405636, -15.8020811 ], [ -47.9407565, -15.8019242 ], [ -47.9408017, -15.8018974 ], [ -47.9411267, -15.8017049 ], [ -47.9411803, -15.8016745 ], [ -47.9416323, -15.8014881 ], [ -47.9419427, -15.8013958 ], [ -47.9421258, -15.8013409 ], [ -47.9421754, -15.8013261 ], [ -47.9425159, -15.80122 ], [ -47.942964, -15.8010745 ], [ -47.9433844, -15.8009351 ], [ -47.9437767, -15.8008254 ], [ -47.9440404, -15.8007325 ], [ -47.9442152, -15.8006777 ] ], [ [ -47.9442152, -15.8006777 ], [ -47.9444376, -15.800612 ], [ -47.9446229, -15.8005461 ], [ -47.9448724, -15.800466 ], [ -47.9449877, -15.8004364 ], [ -47.9453141, -15.8003314 ], [ -47.9456958, -15.8002073 ], [ -47.945728, -15.8001815 ], [ -47.9457468, -15.8001499 ], [ -47.9457495, -15.8001112 ], [ -47.9457407, -15.7999505 ], [ -47.9456918, -15.7993924 ] ], [ [ -47.9456918, -15.7993924 ], [ -47.9451813, -15.7979662 ] ], [ [ -47.9451813, -15.7979662 ], [ -47.9449408, -15.7975845 ], [ -47.9448831, -15.797449 ], [ -47.9447316, -15.7970502 ], [ -47.9446833, -15.796836 ], [ -47.9446632, -15.7966483 ], [ -47.9446106, -15.7964087 ], [ -47.9446491, -15.7963211 ] ], [ [ -47.9446491, -15.7963211 ], [ -47.944257, -15.7951212 ] ], [ [ -47.944257, -15.7951212 ], [ -47.9441354, -15.7947493 ] ], [ [ -47.9441354, -15.7947493 ], [ -47.9437036, -15.7935363 ] ], [ [ -47.9437036, -15.7935363 ], [ -47.9435997, -15.7931927 ] ], [ [ -47.9435997, -15.7931927 ], [ -47.9434856, -15.792827 ] ], [ [ -47.9434856, -15.792827 ], [ -47.9433662, -15.7924734 ] ], [ [ -47.9433662, -15.7924734 ], [ -47.9431703, -15.7918923 ], [ -47.9431679, -15.7918871 ], [ -47.9431604, -15.791863 ], [ -47.9428935, -15.791073 ] ], [ [ -47.9428935, -15.791073 ], [ -47.9426281, -15.7902877 ] ], [ [ -47.9426281, -15.7902877 ], [ -47.9422619, -15.7899242 ], [ -47.9422366, -15.7899023 ], [ -47.9421821, -15.7898642 ], [ -47.9421335, -15.78984 ] ], [ [ -47.9421335, -15.78984 ], [ -47.9419818, -15.7897915 ], [ -47.94181, -15.7897365 ] ], [ [ -47.94181, -15.7897365 ], [ -47.9416044, -15.7896545 ], [ -47.9414633, -15.7896118 ], [ -47.941071, -15.7894932 ], [ -47.9408578, -15.7894249 ] ], [ [ -47.9408578, -15.7894249 ], [ -47.9408315, -15.7894212 ] ], [ [ -47.9408315, -15.7894212 ], [ -47.9406434, -15.7893573 ], [ -47.9404471, -15.7892619 ] ], [ [ -47.9404471, -15.7892619 ], [ -47.940337, -15.7892251 ], [ -47.9401269, -15.7891448 ], [ -47.939868, -15.7890506 ], [ -47.9396541, -15.7889744 ], [ -47.9393933, -15.7888847 ], [ -47.9391928, -15.7888209 ], [ -47.9389323, -15.7887325 ], [ -47.9387422, -15.7886712 ], [ -47.9384599, -15.7885679 ], [ -47.9382661, -15.7885008 ], [ -47.9380146, -15.7884202 ], [ -47.9378068, -15.788353 ], [ -47.9375446, -15.7882569 ] ], [ [ -47.9375446, -15.7882569 ], [ -47.9373314, -15.7881808 ], [ -47.9370752, -15.7880607 ], [ -47.9368539, -15.7879601 ], [ -47.9365602, -15.7878001 ], [ -47.9363443, -15.7876839 ], [ -47.9360318, -15.7874865 ], [ -47.9358575, -15.7873845 ], [ -47.9356805, -15.7872593 ], [ -47.9356094, -15.7872077 ], [ -47.9355129, -15.7871393 ], [ -47.9354022, -15.7870446 ], [ -47.9349576, -15.7866683 ], [ -47.934908, -15.7866205 ], [ -47.9347879, -15.7865024 ], [ -47.9345667, -15.7862443 ], [ -47.9344258, -15.7860695 ], [ -47.9341891, -15.7856307 ], [ -47.9340403, -15.7852913 ], [ -47.9339504, -15.7850358 ], [ -47.9339156, -15.7847783 ] ], [ [ -47.9339156, -15.7847783 ], [ -47.9338297, -15.7843273 ] ], [ [ -47.9339739, -15.7843182 ], [ -47.9339316, -15.7843382 ], [ -47.9338921, -15.7843447 ], [ -47.9338559, -15.7843415 ], [ -47.9338297, -15.7843273 ], [ -47.9338116, -15.7842924 ], [ -47.9338083, -15.7842085 ], [ -47.933811, -15.7841634 ], [ -47.9338338, -15.7841156 ], [ -47.9338713, -15.7840847 ], [ -47.9339283, -15.7840814 ], [ -47.9339632, -15.7840969 ], [ -47.933996, -15.7841195 ], [ -47.9340027, -15.7841595 ], [ -47.934, -15.7842253 ], [ -47.9339893, -15.7842756 ], [ -47.9339739, -15.7843182 ] ], [ [ -47.9338713, -15.7840847 ], [ -47.9339223, -15.7839298 ], [ -47.9339612, -15.7838472 ], [ -47.9340054, -15.7837065 ], [ -47.9340316, -15.7836458 ], [ -47.9340792, -15.7835555 ] ], [ [ -47.9340792, -15.7835555 ], [ -47.9341616, -15.7832806 ], [ -47.9342535, -15.7830045 ], [ -47.934338, -15.7827747 ], [ -47.9344681, -15.7824211 ], [ -47.9345512, -15.7822366 ], [ -47.9347055, -15.7818959 ] ], [ [ -47.9347055, -15.7818959 ], [ -47.9348197, -15.781764 ], [ -47.9350162, -15.7815285 ], [ -47.9351261, -15.7814414 ], [ -47.9353454, -15.7813453 ], [ -47.9355229, -15.78133 ], [ -47.9357491, -15.7813646 ], [ -47.9359831, -15.7815214 ], [ -47.9362638, -15.7817346 ], [ -47.9363458, -15.7818091 ], [ -47.9365481, -15.7819927 ], [ -47.9368258, -15.7822069 ], [ -47.9370967, -15.7824876 ] ], [ [ -47.9382856, -15.78555 ], [ -47.9376861, -15.7854403 ], [ -47.937554, -15.7853861 ], [ -47.9374661, -15.7853281 ], [ -47.9373997, -15.7852422 ], [ -47.9373515, -15.7851022 ], [ -47.9372325, -15.7847664 ], [ -47.9371262, -15.7844666 ], [ -47.9370531, -15.784266 ], [ -47.9370403, -15.7841905 ], [ -47.9370416, -15.7840973 ], [ -47.9370786, -15.7839466 ], [ -47.9370913, -15.7839119 ], [ -47.9371168, -15.783842 ], [ -47.9371525, -15.7837114 ], [ -47.9372021, -15.7835297 ], [ -47.937277, -15.7832619 ], [ -47.9373079, -15.7831167 ], [ -47.9373056, -15.783051 ], [ -47.9373032, -15.7829832 ], [ -47.9372784, -15.7828535 ], [ -47.9372536, -15.7827618 ], [ -47.9372207, -15.7826896 ], [ -47.937163, -15.7825947 ], [ -47.9370967, -15.7824876 ] ], [ [ -47.9384047, -15.7853833 ], [ -47.9384073, -15.7854458 ], [ -47.9383912, -15.7854878 ], [ -47.9383643, -15.7855139 ], [ -47.9383405, -15.7855292 ], [ -47.9383185, -15.7855391 ], [ -47.9382856, -15.78555 ] ], [ [ -47.9376881, -15.7833013 ], [ -47.937766, -15.7835271 ], [ -47.9378048, -15.7836342 ], [ -47.9379717, -15.7841233 ], [ -47.9380357, -15.7843151 ], [ -47.9381166, -15.7845512 ], [ -47.9382031, -15.7847886 ], [ -47.9383694, -15.7852929 ], [ -47.9384047, -15.7853833 ] ], [ [ -47.9370967, -15.7824876 ], [ -47.9371858, -15.7825405 ], [ -47.9372509, -15.7825954 ], [ -47.9373213, -15.7826663 ], [ -47.9373883, -15.7827476 ], [ -47.9375265, -15.7829883 ], [ -47.9376881, -15.7833013 ] ], [ [ -47.9340792, -15.7835555 ], [ -47.9340725, -15.7836568 ], [ -47.93406, -15.7837382 ], [ -47.934037, -15.7838615 ], [ -47.933996, -15.7841195 ] ], [ [ -47.9339739, -15.7843182 ], [ -47.9339316, -15.7843382 ], [ -47.9338921, -15.7843447 ], [ -47.9338559, -15.7843415 ], [ -47.9338297, -15.7843273 ], [ -47.9338116, -15.7842924 ], [ -47.9338083, -15.7842085 ], [ -47.933811, -15.7841634 ], [ -47.9338338, -15.7841156 ], [ -47.9338713, -15.7840847 ], [ -47.9339283, -15.7840814 ], [ -47.9339632, -15.7840969 ], [ -47.933996, -15.7841195 ], [ -47.9340027, -15.7841595 ], [ -47.934, -15.7842253 ], [ -47.9339893, -15.7842756 ], [ -47.9339739, -15.7843182 ] ], [ [ -47.9338116, -15.7842924 ], [ -47.9337708, -15.7842621 ], [ -47.9337231, -15.7842382 ], [ -47.9335883, -15.7841995 ] ], [ [ -47.9335883, -15.7841995 ], [ -47.9333617, -15.7841801 ], [ -47.9331507, -15.7841748 ], [ -47.9329562, -15.7841699 ], [ -47.93273, -15.7841659 ], [ -47.9324042, -15.7841552 ], [ -47.9323263, -15.7841556 ], [ -47.9319401, -15.7841427 ], [ -47.931804, -15.7841393 ], [ -47.931688, -15.7841354 ], [ -47.9314459, -15.7841305 ], [ -47.9313594, -15.7841318 ] ], [ [ -47.9313594, -15.7841318 ], [ -47.9312873, -15.7841521 ], [ -47.9309624, -15.7841595 ], [ -47.9309054, -15.7841763 ], [ -47.9308209, -15.7842634 ], [ -47.9307874, -15.7843156 ] ], [ [ -47.9307874, -15.7843156 ], [ -47.9309812, -15.784948 ] ], [ [ -47.9309812, -15.784948 ], [ -47.9316056, -15.7868242 ], [ -47.9317349, -15.7872 ], [ -47.9317486, -15.7872397 ], [ -47.9319489, -15.7878286 ], [ -47.9320039, -15.7879902 ], [ -47.9322233, -15.7884818 ], [ -47.9324725, -15.7890402 ] ], [ [ -47.9324725, -15.7890402 ], [ -47.9326247, -15.7895074 ] ], [ [ -47.9326247, -15.7895074 ], [ -47.9328343, -15.7900806 ] ], [ [ -47.9328343, -15.7900806 ], [ -47.9330265, -15.7906421 ], [ -47.9330955, -15.7908437 ] ], [ [ -47.9330955, -15.7908437 ], [ -47.9332772, -15.7914457 ] ], [ [ -47.9332772, -15.7914457 ], [ -47.9333778, -15.7917516 ] ], [ [ -47.8663447, -15.765533 ], [ -47.8684826, -15.7640529 ], [ -47.8691267, -15.7634466 ], [ -47.8696915, -15.7624466 ], [ -47.8666034, -15.7626344 ], [ -47.8658739, -15.7621605 ], [ -47.8649942, -15.7633934 ], [ -47.8649521, -15.7635608 ], [ -47.8662856, -15.7654471 ], [ -47.8663447, -15.765533 ] ], [ [ -47.8699037, -15.7659653 ], [ -47.8688795, -15.7646722 ], [ -47.8691511, -15.7645189 ], [ -47.8698243, -15.7637369 ], [ -47.8701555, -15.7631554 ], [ -47.8703788, -15.7624931 ], [ -47.8718839, -15.7629975 ], [ -47.8719701, -15.7630264 ], [ -47.8708761, -15.76463 ], [ -47.8699037, -15.7659653 ] ] ] } },
{ "type": "Feature", "properties": { "id_osm": 4603464, "nome": "0.024 - Cruzeiro / Sudoeste / Esplanada (CNB)", "ref": "0.024" }, "geometry": { "type": "MultiLineString", "coordinates": [ [ [ -47.9338123, -15.7953378 ], [ -47.9338123, -15.7956901 ], [ -47.9338123, -15.7957649 ], [ -47.9337922, -15.7958411 ], [ -47.9336029, -15.7960445 ], [ -47.9335508, -15.7961005 ] ], [ [ -47.9335508, -15.7961005 ], [ -47.9335454, -15.7966579 ], [ -47.9335327, -15.7972406 ], [ -47.933538, -15.7973496 ] ], [ [ -47.933538, -15.7973496 ], [ -47.9336433, -15.79784 ] ], [ [ -47.9336433, -15.79784 ], [ -47.9336559, -15.7980535 ] ], [ [ -47.9336559, -15.7980535 ], [ -47.9336594, -15.7981542 ], [ -47.9336384, -15.7983808 ] ], [ [ -47.9336384, -15.7983808 ], [ -47.9335886, -15.798653 ] ], [ [ -47.9335886, -15.798653 ], [ -47.9335521, -15.7986794 ], [ -47.9335209, -15.798694 ], [ -47.9334951, -15.7986988 ], [ -47.9334678, -15.7986994 ], [ -47.9334428, -15.7986919 ], [ -47.933418, -15.7986785 ], [ -47.9333989, -15.7986601 ], [ -47.933373, -15.7986215 ] ], [ [ -47.933373, -15.7986215 ], [ -47.9333684, -15.7978684 ], [ -47.9333692, -15.7978361 ] ], [ [ -47.9333692, -15.7978361 ], [ -47.9333798, -15.797418 ] ], [ [ -47.9333798, -15.797418 ], [ -47.9333744, -15.7972425 ] ], [ [ -47.9333744, -15.7972425 ], [ -47.9333697, -15.7967889 ] ], [ [ -47.9333697, -15.7967889 ], [ -47.933375, -15.7965747 ], [ -47.9333798, -15.7963773 ] ], [ [ -47.9333798, -15.7963773 ], [ -47.933382, -15.7961286 ] ], [ [ -47.933382, -15.7961286 ], [ -47.9333836, -15.7959546 ], [ -47.9333865, -15.7955946 ], [ -47.9333926, -15.7948455 ], [ -47.9334012, -15.7939996 ] ], [ [ -47.9334012, -15.7939996 ], [ -47.9334025, -15.7935587 ], [ -47.9334065, -15.7935302 ], [ -47.9334126, -15.793486 ], [ -47.9334086, -15.7929337 ], [ -47.9333925, -15.7927762 ], [ -47.9333711, -15.792611 ], [ -47.9333161, -15.7924071 ], [ -47.933237, -15.7921498 ] ], [ [ -47.933237, -15.7921498 ], [ -47.9331484, -15.7918613 ] ], [ [ -47.9331484, -15.7918613 ], [ -47.9330438, -15.7915825 ] ], [ [ -47.9330438, -15.7915825 ], [ -47.9329366, -15.7912831 ] ], [ [ -47.9329366, -15.7912831 ], [ -47.93284, -15.7910283 ], [ -47.9327904, -15.790876 ], [ -47.9326358, -15.7904346 ] ], [ [ -47.9326358, -15.7904346 ], [ -47.9325597, -15.7901694 ] ], [ [ -47.9325597, -15.7901694 ], [ -47.9324062, -15.7896672 ] ], [ [ -47.9324062, -15.7896672 ], [ -47.9322445, -15.7891912 ] ], [ [ -47.9322445, -15.7891912 ], [ -47.9315826, -15.7872428 ], [ -47.9315163, -15.7870477 ], [ -47.9311784, -15.7860475 ], [ -47.9308189, -15.7851545 ], [ -47.9307546, -15.7850061 ] ], [ [ -47.9307546, -15.7850061 ], [ -47.9306716, -15.7847271 ], [ -47.9305886, -15.7844481 ] ], [ [ -47.9305886, -15.7844481 ], [ -47.9304904, -15.7841621 ] ], [ [ -47.9304904, -15.7841621 ], [ -47.930376, -15.783796 ], [ -47.9302315, -15.7833335 ] ], [ [ -47.9302315, -15.7833335 ], [ -47.9302503, -15.7832593 ], [ -47.9302926, -15.7832264 ], [ -47.9303388, -15.7832148 ], [ -47.9304066, -15.7832316 ] ], [ [ -47.9304066, -15.7832316 ], [ -47.9305467, -15.7836523 ], [ -47.9306151, -15.7838575 ] ], [ [ -47.9306151, -15.7838575 ], [ -47.9307442, -15.7839933 ], [ -47.9307961, -15.784033 ], [ -47.9309289, -15.7840782 ], [ -47.9312803, -15.7841134 ], [ -47.9313594, -15.7841318 ] ], [ [ -47.9335883, -15.7841995 ], [ -47.9333617, -15.7841801 ], [ -47.9331507, -15.7841748 ], [ -47.9329562, -15.7841699 ], [ -47.93273, -15.7841659 ], [ -47.9324042, -15.7841552 ], [ -47.9323263, -15.7841556 ], [ -47.9319401, -15.7841427 ], [ -47.931804, -15.7841393 ], [ -47.931688, -15.7841354 ], [ -47.9314459, -15.7841305 ], [ -47.9313594, -15.7841318 ] ], [ [ -47.9335883, -15.7841995 ], [ -47.9337097, -15.7841685 ], [ -47.9337506, -15.7841505 ], [ -47.9338338, -15.7841156 ] ], [ [ -47.9339739, -15.7843182 ], [ -47.9339316, -15.7843382 ], [ -47.9338921, -15.7843447 ], [ -47.9338559, -15.7843415 ], [ -47.9338297, -15.7843273 ], [ -47.9338116, -15.7842924 ], [ -47.9338083, -15.7842085 ], [ -47.933811, -15.7841634 ], [ -47.9338338, -15.7841156 ], [ -47.9338713, -15.7840847 ], [ -47.9339283, -15.7840814 ], [ -47.9339632, -15.7840969 ], [ -47.933996, -15.7841195 ], [ -47.9340027, -15.7841595 ], [ -47.934, -15.7842253 ], [ -47.9339893, -15.7842756 ], [ -47.9339739, -15.7843182 ] ], [ [ -47.9339739, -15.7843182 ], [ -47.9339156, -15.7847783 ] ], [ [ -47.9375446, -15.7882569 ], [ -47.9373314, -15.7881808 ], [ -47.9370752, -15.7880607 ], [ -47.9368539, -15.7879601 ], [ -47.9365602, -15.7878001 ], [ -47.9363443, -15.7876839 ], [ -47.9360318, -15.7874865 ], [ -47.9358575, -15.7873845 ], [ -47.9356805, -15.7872593 ], [ -47.9356094, -15.7872077 ], [ -47.9355129, -15.7871393 ], [ -47.9354022, -15.7870446 ], [ -47.9349576, -15.7866683 ], [ -47.934908, -15.7866205 ], [ -47.9347879, -15.7865024 ], [ -47.9345667, -15.7862443 ], [ -47.9344258, -15.7860695 ], [ -47.9341891, -15.7856307 ], [ -47.9340403, -15.7852913 ], [ -47.9339504, -15.7850358 ], [ -47.9339156, -15.7847783 ] ], [ [ -47.9404471, -15.7892619 ], [ -47.940337, -15.7892251 ], [ -47.9401269, -15.7891448 ], [ -47.939868, -15.7890506 ], [ -47.9396541, -15.7889744 ], [ -47.9393933, -15.7888847 ], [ -47.9391928, -15.7888209 ], [ -47.9389323, -15.7887325 ], [ -47.9387422, -15.7886712 ], [ -47.9384599, -15.7885679 ], [ -47.9382661, -15.7885008 ], [ -47.9380146, -15.7884202 ], [ -47.9378068, -15.788353 ], [ -47.9375446, -15.7882569 ] ], [ [ -47.9404471, -15.7892619 ], [ -47.9405912, -15.7892983 ], [ -47.9406576, -15.7893064 ] ], [ [ -47.9406576, -15.7893064 ], [ -47.9407475, -15.789318 ], [ -47.940782, -15.7893199 ] ], [ [ -47.9408315, -15.7894212 ], [ -47.9408014, -15.7894042 ], [ -47.9407818, -15.7893764 ], [ -47.9407765, -15.7893432 ], [ -47.940782, -15.7893199 ], [ -47.9407947, -15.7892994 ], [ -47.9408133, -15.7892836 ], [ -47.9408361, -15.7892742 ], [ -47.9408695, -15.7892729 ], [ -47.9409005, -15.7892849 ], [ -47.9409216, -15.7893051 ], [ -47.9409344, -15.7893353 ], [ -47.9409329, -15.7893679 ], [ -47.9409174, -15.789397 ], [ -47.9408908, -15.7894172 ], [ -47.9408578, -15.7894249 ] ], [ [ -47.9408578, -15.7894249 ], [ -47.9408315, -15.7894212 ] ], [ [ -47.9409216, -15.7893051 ], [ -47.9409919, -15.7893409 ], [ -47.9410697, -15.7893861 ], [ -47.9411709, -15.789439 ], [ -47.9414863, -15.7895377 ], [ -47.9415856, -15.7895687 ], [ -47.9418891, -15.7896894 ], [ -47.9419243, -15.7896961 ], [ -47.9419682, -15.7897007 ], [ -47.942038, -15.7896871 ], [ -47.9420795, -15.7896639 ] ], [ [ -47.9420795, -15.7896639 ], [ -47.9421313, -15.7896526 ], [ -47.9421534, -15.7896537 ], [ -47.9421673, -15.7896571 ], [ -47.9421986, -15.7896721 ], [ -47.9422105, -15.7896855 ], [ -47.9422177, -15.7897086 ], [ -47.9422188, -15.7897307 ], [ -47.942215, -15.7897634 ], [ -47.942206, -15.7897841 ], [ -47.9421774, -15.7898207 ], [ -47.9421335, -15.78984 ] ], [ [ -47.9421335, -15.78984 ], [ -47.9419818, -15.7897915 ], [ -47.94181, -15.7897365 ] ], [ [ -47.94181, -15.7897365 ], [ -47.9425275, -15.791915 ], [ -47.9426052, -15.792151 ], [ -47.9427638, -15.7926301 ], [ -47.942799, -15.7927027 ] ], [ [ -47.942799, -15.7927027 ], [ -47.9428366, -15.7927588 ], [ -47.9428839, -15.7928136 ] ], [ [ -47.9428346, -15.7928113 ], [ -47.9428839, -15.7928136 ], [ -47.9429468, -15.7928035 ], [ -47.9431819, -15.7927659 ] ], [ [ -47.9431819, -15.7927659 ], [ -47.9432305, -15.7928353 ], [ -47.9432731, -15.7929243 ], [ -47.9432775, -15.7929662 ], [ -47.9432768, -15.7929969 ], [ -47.9432584, -15.7930359 ], [ -47.9431987, -15.7931046 ] ], [ [ -47.9431987, -15.7931046 ], [ -47.9430538, -15.7930556 ], [ -47.9425824, -15.7928891 ], [ -47.9421721, -15.7927572 ], [ -47.9420456, -15.7927145 ], [ -47.9416536, -15.7925688 ] ], [ [ -47.9416536, -15.7925688 ], [ -47.9410573, -15.7923471 ] ], [ [ -47.9410573, -15.7923471 ], [ -47.9409342, -15.792302 ], [ -47.9406378, -15.7921994 ], [ -47.9404256, -15.7921181 ], [ -47.9398802, -15.7919217 ], [ -47.9397608, -15.7918787 ], [ -47.9397186, -15.7918637 ], [ -47.9394604, -15.7917722 ], [ -47.939225, -15.7916948 ], [ -47.9389843, -15.7916135 ], [ -47.9383744, -15.7914102 ] ], [ [ -47.9383744, -15.7914102 ], [ -47.9382911, -15.7913813 ], [ -47.9381481, -15.7913318 ], [ -47.9378014, -15.7912102 ] ], [ [ -47.9378014, -15.7912102 ], [ -47.93767, -15.7911567 ], [ -47.9374639, -15.7910715 ], [ -47.937345, -15.7910278 ], [ -47.9365455, -15.7907702 ], [ -47.9364214, -15.7907185 ] ], [ [ -47.9364214, -15.7907185 ], [ -47.9360311, -15.7905869 ] ], [ [ -47.9360311, -15.7905869 ], [ -47.9359306, -15.7905533 ], [ -47.9350618, -15.7902618 ] ], [ [ -47.9350618, -15.7902618 ], [ -47.9349052, -15.7902048 ], [ -47.9344959, -15.7900953 ] ], [ [ -47.9344959, -15.7900953 ], [ -47.9343103, -15.7900374 ], [ -47.9340164, -15.7899376 ] ], [ [ -47.9340164, -15.7899376 ], [ -47.9337412, -15.7898442 ] ], [ [ -47.9337412, -15.7898442 ], [ -47.9335984, -15.7898152 ], [ -47.9335025, -15.7898049 ], [ -47.9334059, -15.7898016 ] ], [ [ -47.9334059, -15.7898016 ], [ -47.9332691, -15.7898216 ], [ -47.9331377, -15.7898481 ], [ -47.9330237, -15.789892 ] ], [ [ -47.9330237, -15.789892 ], [ -47.9329258, -15.7899378 ], [ -47.9328802, -15.7899739 ], [ -47.9328547, -15.7900146 ], [ -47.9328343, -15.7900806 ] ], [ [ -47.9328343, -15.7900806 ], [ -47.9330265, -15.7906421 ], [ -47.9330955, -15.7908437 ] ], [ [ -47.9330955, -15.7908437 ], [ -47.9332772, -15.7914457 ] ], [ [ -47.9332772, -15.7914457 ], [ -47.9333778, -15.7917516 ] ], [ [ -47.9333778, -15.7917516 ], [ -47.9335147, -15.7922347 ], [ -47.9335508, -15.7925826 ], [ -47.9335977, -15.7930614 ] ], [ [ -47.9335977, -15.7930614 ], [ -47.9335957, -15.7932608 ], [ -47.9335937, -15.7934621 ], [ -47.9335921, -15.7934886 ], [ -47.9335842, -15.7936186 ], [ -47.9335806, -15.793677 ] ], [ [ -47.9335806, -15.793677 ], [ -47.9335608, -15.7940022 ] ], [ [ -47.9335608, -15.7940022 ], [ -47.9335575, -15.7941196 ] ], [ [ -47.9335575, -15.7941196 ], [ -47.9335542, -15.7948481 ], [ -47.9335526, -15.7959256 ], [ -47.9335508, -15.7961005 ] ], [ [ -47.9335886, -15.798653 ], [ -47.9334931, -15.7992556 ], [ -47.9334435, -15.7994827 ], [ -47.9333644, -15.7996982 ], [ -47.9333047, -15.7998608 ], [ -47.9331954, -15.800095 ], [ -47.9331189, -15.8002202 ], [ -47.9330158, -15.8003765 ], [ -47.932952, -15.8004731 ], [ -47.9327709, -15.8007383 ], [ -47.9325758, -15.8010351 ], [ -47.9323518, -15.8013784 ], [ -47.932211, -15.8015603 ], [ -47.9320521, -15.8017971 ] ], [ [ -47.9320521, -15.8017971 ], [ -47.9317879, -15.8021752 ] ], [ [ -47.9317879, -15.8021752 ], [ -47.9316558, -15.8023804 ], [ -47.9314862, -15.8026343 ], [ -47.9311267, -15.8031727 ], [ -47.9311002, -15.8032155 ], [ -47.9308538, -15.803614 ], [ -47.9307842, -15.8037709 ], [ -47.9307408, -15.80386 ] ], [ [ -47.9307408, -15.80386 ], [ -47.9307427, -15.8038741 ], [ -47.9307367, -15.8039181 ], [ -47.9307262, -15.8039491 ], [ -47.9307092, -15.8039773 ], [ -47.9306865, -15.8040015 ], [ -47.930659, -15.8040206 ], [ -47.930628, -15.8040338 ] ], [ [ -47.930628, -15.8040338 ], [ -47.930598, -15.8040394 ] ], [ [ -47.930598, -15.8040394 ], [ -47.9305615, -15.8040402 ], [ -47.9305257, -15.8040332 ], [ -47.9304925, -15.8040187 ], [ -47.9304634, -15.8039975 ], [ -47.93044, -15.8039706 ], [ -47.9304234, -15.8039393 ] ], [ [ -47.9304234, -15.8039393 ], [ -47.9304141, -15.8038982 ] ], [ [ -47.9304141, -15.8038982 ], [ -47.9303107, -15.8038328 ], [ -47.9299097, -15.8035766 ], [ -47.9298272, -15.8035198 ], [ -47.9296113, -15.8033972 ], [ -47.9293437, -15.8032527 ], [ -47.9291461, -15.803134 ], [ -47.9290366, -15.8030682 ], [ -47.9287382, -15.8029062 ], [ -47.9281864, -15.8025875 ], [ -47.9276361, -15.8022633 ], [ -47.9275741, -15.8022268 ], [ -47.9273616, -15.8021126 ], [ -47.9272067, -15.8020191 ], [ -47.9271095, -15.8019907 ] ], [ [ -47.9271095, -15.8019907 ], [ -47.9270839, -15.801989 ], [ -47.9270581, -15.8019815 ], [ -47.9270351, -15.8019691 ], [ -47.9270155, -15.8019522 ], [ -47.9270002, -15.8019316 ], [ -47.92699, -15.8019082 ] ], [ [ -47.92699, -15.8019082 ], [ -47.9269411, -15.8018729 ], [ -47.9267634, -15.8017629 ], [ -47.9264075, -15.8015569 ], [ -47.9256624, -15.8011255 ], [ -47.9249463, -15.8007129 ], [ -47.9248202, -15.8006403 ], [ -47.92455, -15.8004983 ], [ -47.9244398, -15.800432 ] ], [ [ -47.9244398, -15.800432 ], [ -47.9244028, -15.8004433 ], [ -47.9243641, -15.8004454 ], [ -47.924326, -15.800438 ], [ -47.9242911, -15.8004217 ], [ -47.9242615, -15.8003975 ], [ -47.9242392, -15.8003669 ], [ -47.9242219, -15.8003091 ] ], [ [ -47.9242219, -15.8003091 ], [ -47.9241355, -15.8002617 ], [ -47.9240188, -15.8001942 ], [ -47.9232073, -15.7997242 ], [ -47.9231169, -15.7996723 ], [ -47.9230315, -15.7996228 ], [ -47.9226799, -15.7994156 ], [ -47.9221797, -15.7991266 ], [ -47.9219107, -15.7989701 ], [ -47.9216734, -15.7988528 ] ], [ [ -47.9216734, -15.7988528 ], [ -47.9216436, -15.7988584 ], [ -47.9216132, -15.7988567 ], [ -47.9215921, -15.798851 ], [ -47.9215724, -15.7988419 ], [ -47.9215547, -15.7988295 ], [ -47.9215396, -15.7988142 ], [ -47.9215265, -15.7987947 ], [ -47.9215177, -15.798773 ] ], [ [ -47.9215177, -15.798773 ], [ -47.9212685, -15.7986093 ], [ -47.9209692, -15.7984365 ], [ -47.9201445, -15.7979588 ], [ -47.9197738, -15.7977696 ], [ -47.9195211, -15.7976236 ], [ -47.9193352, -15.7975002 ], [ -47.9192901, -15.7974703 ], [ -47.9192339, -15.7974382 ], [ -47.9189745, -15.7972901 ], [ -47.9187691, -15.7971641 ] ], [ [ -47.9187691, -15.7971641 ], [ -47.9186695, -15.7970954 ], [ -47.9185066, -15.7969887 ] ], [ [ -47.9185066, -15.7969887 ], [ -47.9182944, -15.796868 ] ], [ [ -47.9182944, -15.796868 ], [ -47.9181254, -15.7967425 ], [ -47.9179893, -15.796616 ], [ -47.9178806, -15.7964747 ], [ -47.9176996, -15.7962227 ], [ -47.9175926, -15.7960382 ], [ -47.9175162, -15.7958914 ] ], [ [ -47.9175162, -15.7958914 ], [ -47.9174575, -15.7957301 ], [ -47.9173951, -15.7955584 ], [ -47.9173135, -15.7953145 ], [ -47.9172447, -15.7951092 ], [ -47.9171424, -15.7948019 ], [ -47.9171049, -15.7946908 ], [ -47.9170861, -15.7946352 ], [ -47.9170347, -15.7944896 ], [ -47.9169372, -15.7941805 ] ], [ [ -47.9169372, -15.7941805 ], [ -47.9168485, -15.7939142 ] ], [ [ -47.9168485, -15.7939142 ], [ -47.9167555, -15.793637 ] ], [ [ -47.9167555, -15.793637 ], [ -47.9167746, -15.7936065 ], [ -47.916789, -15.7935894 ], [ -47.9168089, -15.7935787 ], [ -47.9168373, -15.7935739 ], [ -47.9168664, -15.79358 ], [ -47.9169023, -15.7936005 ] ], [ [ -47.9169023, -15.7936005 ], [ -47.9170485, -15.7940177 ] ], [ [ -47.9170485, -15.7940177 ], [ -47.9171859, -15.7944345 ] ], [ [ -47.9171859, -15.7944345 ], [ -47.9172512, -15.7946469 ], [ -47.9172865, -15.7947616 ], [ -47.9173844, -15.7950429 ], [ -47.9174857, -15.7953546 ], [ -47.917603, -15.7956978 ], [ -47.9176654, -15.795854 ] ], [ [ -47.9168563, -15.7950382 ], [ -47.9167679, -15.7947878 ] ], [ [ -47.9167679, -15.7947878 ], [ -47.916737, -15.7946865 ], [ -47.9165765, -15.7941614 ] ], [ [ -47.9165765, -15.7941614 ], [ -47.9166122, -15.7941514 ], [ -47.9167353, -15.794117 ] ], [ [ -47.9168563, -15.7950382 ], [ -47.9166472, -15.7951175 ], [ -47.9154063, -15.7954932 ], [ -47.9153235, -15.7955212 ], [ -47.9151194, -15.7955867 ], [ -47.9150131, -15.7956213 ], [ -47.9149316, -15.7956485 ], [ -47.9147301, -15.7957146 ], [ -47.9146803, -15.7957337 ], [ -47.9145648, -15.7957707 ], [ -47.9142634, -15.7958734 ], [ -47.913985, -15.7959683 ], [ -47.9137829, -15.7960372 ], [ -47.9137158, -15.7960544 ], [ -47.91345, -15.7961269 ], [ -47.9131567, -15.7962306 ] ], [ [ -47.9131567, -15.7962306 ], [ -47.9132572, -15.7965471 ] ], [ [ -47.9128914, -15.7962245 ], [ -47.9128572, -15.7961419 ] ], [ [ -47.9128572, -15.7961419 ], [ -47.9128058, -15.7959805 ] ], [ [ -47.9128058, -15.7959805 ], [ -47.9127492, -15.7958072 ], [ -47.9126729, -15.7955734 ], [ -47.9126547, -15.7955176 ], [ -47.9126389, -15.7954689 ], [ -47.9124303, -15.7948506 ], [ -47.9123495, -15.7946025 ], [ -47.9122407, -15.794293 ], [ -47.9117788, -15.7929231 ], [ -47.9115809, -15.7923361 ], [ -47.9111308, -15.791001 ], [ -47.9110039, -15.7906087 ], [ -47.9108989, -15.7903183 ], [ -47.9108914, -15.7902955 ], [ -47.9103304, -15.7885952 ], [ -47.9102976, -15.7884959 ] ], [ [ -47.9102976, -15.7884959 ], [ -47.9102027, -15.7882032 ] ], [ [ -47.9102027, -15.7882032 ], [ -47.9101193, -15.7879477 ], [ -47.9100013, -15.7875861 ], [ -47.9099252, -15.7873531 ] ], [ [ -47.9099252, -15.7873531 ], [ -47.909894, -15.7872562 ], [ -47.9097819, -15.7869076 ] ], [ [ -47.9097819, -15.7869076 ], [ -47.9096505, -15.7865241 ], [ -47.9096392, -15.786491 ], [ -47.9095907, -15.7863494 ] ], [ [ -47.9095907, -15.7863494 ], [ -47.9090794, -15.7865119 ], [ -47.9088778, -15.786576 ], [ -47.9088106, -15.7865966 ], [ -47.9083709, -15.7867311 ], [ -47.9082423, -15.7867704 ], [ -47.9081759, -15.7867906 ], [ -47.9081016, -15.7868132 ] ], [ [ -47.9081016, -15.7868132 ], [ -47.9078965, -15.7868847 ], [ -47.9076957, -15.7869798 ] ], [ [ -47.9076957, -15.7869798 ], [ -47.9076336, -15.787018 ], [ -47.907324, -15.7872088 ] ], [ [ -47.907324, -15.7872088 ], [ -47.9069625, -15.7874024 ], [ -47.9068744, -15.7874585 ], [ -47.9067783, -15.7875124 ] ], [ [ -47.9067783, -15.7875124 ], [ -47.9062258, -15.7878233 ] ], [ [ -47.9062258, -15.7878233 ], [ -47.9054971, -15.7882124 ], [ -47.9042074, -15.7889022 ], [ -47.9038319, -15.7890925 ], [ -47.9035791, -15.7892054 ], [ -47.9032145, -15.7893445 ], [ -47.9029478, -15.7894387 ], [ -47.9022186, -15.7896573 ], [ -47.9020887, -15.7896962 ] ], [ [ -47.9020887, -15.7896962 ], [ -47.9019977, -15.7897251 ], [ -47.9019315, -15.7897452 ], [ -47.9005806, -15.7901794 ], [ -47.900377, -15.790242 ], [ -47.8998269, -15.790411 ], [ -47.8988808, -15.7907019 ], [ -47.8984805, -15.790818 ] ], [ [ -47.8984805, -15.790818 ], [ -47.8975783, -15.7910779 ], [ -47.8973418, -15.791135 ], [ -47.8971572, -15.7911741 ], [ -47.896596, -15.7913055 ], [ -47.896319, -15.7913747 ], [ -47.8960133, -15.7914522 ], [ -47.8953027, -15.7916377 ], [ -47.8952692, -15.7916464 ], [ -47.8948905, -15.7917437 ] ], [ [ -47.8948905, -15.7917437 ], [ -47.8945962, -15.7918193 ], [ -47.8944973, -15.7918447 ], [ -47.8944593, -15.7918545 ], [ -47.8941752, -15.7919275 ], [ -47.8940372, -15.7919629 ], [ -47.8939411, -15.7919868 ], [ -47.8938552, -15.7920113 ], [ -47.8937331, -15.7920414 ], [ -47.8933937, -15.7921277 ] ], [ [ -47.8933937, -15.7921277 ], [ -47.8926507, -15.7923432 ], [ -47.8922978, -15.7924443 ] ], [ [ -47.8922978, -15.7924443 ], [ -47.8920277, -15.7925148 ], [ -47.8918639, -15.7925577 ], [ -47.8917398, -15.7925902 ], [ -47.8914155, -15.7926752 ], [ -47.8910536, -15.7927701 ], [ -47.8903927, -15.7929427 ] ], [ [ -47.894338, -15.7959472 ], [ -47.8943909, -15.7958161 ], [ -47.894413, -15.7956466 ] ], [ [ -47.8934635, -15.7963972 ], [ -47.8936757, -15.7963011 ], [ -47.8937807, -15.7962481 ], [ -47.8942719, -15.7960001 ], [ -47.894338, -15.7959472 ] ], [ [ -47.8917793, -15.79736 ], [ -47.8920072, -15.7971408 ], [ -47.8920419, -15.7971157 ], [ -47.8921506, -15.7970369 ], [ -47.8923408, -15.7969462 ], [ -47.8926745, -15.7967796 ], [ -47.8929301, -15.7966545 ], [ -47.8932287, -15.7965133 ], [ -47.8933285, -15.7964626 ], [ -47.8934635, -15.7963972 ] ], [ [ -47.8912537, -15.7961998 ], [ -47.8912806, -15.796265 ], [ -47.891296, -15.7963015 ], [ -47.8914349, -15.7966301 ], [ -47.8916996, -15.7972028 ], [ -47.8917793, -15.79736 ] ], [ [ -47.8910818, -15.7958131 ], [ -47.8912537, -15.7961998 ] ], [ [ -47.8909708, -15.7955359 ], [ -47.8910155, -15.7956474 ], [ -47.8910818, -15.7958131 ] ], [ [ -47.890937, -15.7954476 ], [ -47.8909708, -15.7955359 ] ], [ [ -47.8907378, -15.7948625 ], [ -47.8909102, -15.7953772 ], [ -47.890937, -15.7954476 ] ], [ [ -47.8903927, -15.7929427 ], [ -47.8903619, -15.793007 ], [ -47.8903122, -15.7931104 ], [ -47.8903056, -15.7931774 ], [ -47.8903176, -15.7932472 ], [ -47.8903926, -15.7934765 ], [ -47.8904575, -15.7936751 ], [ -47.8906287, -15.7941876 ], [ -47.890669, -15.7943079 ], [ -47.890693, -15.7944313 ], [ -47.8907378, -15.7948625 ] ], [ [ -47.9116433, -15.7838206 ], [ -47.9117193, -15.7838369 ], [ -47.9117769, -15.7838565 ], [ -47.9118182, -15.783883 ], [ -47.9118487, -15.7839288 ], [ -47.9118738, -15.7839809 ], [ -47.9120727, -15.784581 ], [ -47.9122293, -15.7850467 ], [ -47.9123012, -15.7852607 ], [ -47.9123117, -15.7853055 ], [ -47.9123137, -15.7853455 ], [ -47.9123114, -15.7853919 ], [ -47.9122966, -15.7854394 ], [ -47.9122604, -15.7854992 ] ], [ [ -47.906988, -15.7852085 ], [ -47.9071711, -15.7851913 ], [ -47.9073402, -15.7851663 ], [ -47.9075204, -15.7851175 ], [ -47.9085702, -15.7847751 ], [ -47.9092105, -15.7845766 ] ], [ [ -47.9092105, -15.7845766 ], [ -47.9093461, -15.7845349 ], [ -47.9097, -15.7844263 ], [ -47.9097666, -15.7844058 ] ], [ [ -47.9097666, -15.7844058 ], [ -47.9102444, -15.7842534 ], [ -47.9104868, -15.7841784 ], [ -47.9116433, -15.7838206 ] ], [ [ -47.9122604, -15.7854992 ], [ -47.9104919, -15.7860558 ] ], [ [ -47.9104919, -15.7860558 ], [ -47.9104131, -15.786081 ], [ -47.9101342, -15.7861701 ], [ -47.9098095, -15.7862739 ] ], [ [ -47.9098095, -15.7862739 ], [ -47.9098669, -15.7864467 ], [ -47.9099889, -15.7868137 ], [ -47.9101432, -15.7872775 ], [ -47.9102649, -15.7876427 ], [ -47.9102819, -15.7876963 ], [ -47.9103174, -15.787799 ], [ -47.9105291, -15.7884203 ], [ -47.9107298, -15.7890176 ], [ -47.9108187, -15.7892821 ], [ -47.9108504, -15.7893764 ], [ -47.9111413, -15.790242 ], [ -47.9112416, -15.7905337 ], [ -47.9112763, -15.7906321 ], [ -47.9113656, -15.7908973 ], [ -47.9115141, -15.7913344 ], [ -47.912483, -15.7942163 ], [ -47.9125121, -15.7943056 ], [ -47.9125822, -15.7945132 ], [ -47.9126019, -15.7945728 ], [ -47.9126912, -15.7948436 ], [ -47.91275, -15.7950144 ], [ -47.9128327, -15.7952548 ], [ -47.9129944, -15.795738 ], [ -47.9130478, -15.7958978 ], [ -47.9130709, -15.7959762 ] ], [ [ -47.9130709, -15.7959762 ], [ -47.9131257, -15.7959633 ], [ -47.9133269, -15.795916 ], [ -47.9133534, -15.7959098 ], [ -47.9133808, -15.795901 ], [ -47.9137491, -15.7957822 ], [ -47.9138089, -15.7957599 ], [ -47.9144954, -15.7955417 ], [ -47.9146373, -15.795496 ], [ -47.9146723, -15.795483 ], [ -47.914713, -15.7954679 ], [ -47.9150681, -15.7953553 ], [ -47.9151747, -15.7953215 ], [ -47.9152535, -15.7952986 ], [ -47.9154019, -15.7952495 ], [ -47.915712, -15.7951471 ], [ -47.9161151, -15.795014 ], [ -47.9165617, -15.7948665 ], [ -47.9167679, -15.7947878 ] ], [ [ -47.894338, -15.7959472 ], [ -47.8943933, -15.7959463 ], [ -47.8944116, -15.7959514 ], [ -47.894427, -15.7959621 ], [ -47.8944463, -15.7959971 ], [ -47.8944438, -15.7960353 ], [ -47.8944139, -15.7960763 ] ], [ [ -47.8946786, -15.7961188 ], [ -47.8946155, -15.7960897 ], [ -47.8945524, -15.7960702 ], [ -47.8944957, -15.7960679 ], [ -47.8944139, -15.7960763 ] ], [ [ -47.8944139, -15.7960763 ], [ -47.8942118, -15.7961802 ], [ -47.8936352, -15.7964765 ], [ -47.8935247, -15.7965333 ], [ -47.893405, -15.7965863 ], [ -47.8928837, -15.796858 ], [ -47.8925343, -15.7970382 ], [ -47.8924256, -15.79709 ], [ -47.8922537, -15.7971789 ], [ -47.8921804, -15.7972296 ], [ -47.8921105, -15.7972935 ], [ -47.89196, -15.7974651 ] ], [ [ -47.89196, -15.7974651 ], [ -47.8918911, -15.7975437 ] ], [ [ -47.8918911, -15.7975437 ], [ -47.891838, -15.7976126 ], [ -47.8917603, -15.7977132 ] ], [ [ -47.8917603, -15.7977132 ], [ -47.891689, -15.7977732 ], [ -47.8915742, -15.7978555 ], [ -47.8905169, -15.7984033 ], [ -47.8902901, -15.7985222 ], [ -47.8897906, -15.7987705 ], [ -47.8894704, -15.7989297 ], [ -47.8894077, -15.7989649 ], [ -47.888916, -15.7992296 ] ], [ [ -47.888916, -15.7992296 ], [ -47.8885116, -15.7994361 ] ], [ [ -47.8885116, -15.7994361 ], [ -47.8883283, -15.7995268 ], [ -47.8873536, -15.8000417 ], [ -47.8870782, -15.8001875 ] ], [ [ -47.8870782, -15.8001875 ], [ -47.8860124, -15.8006804 ], [ -47.8856379, -15.8008889 ] ], [ [ -47.8856379, -15.8008889 ], [ -47.8851904, -15.8011121 ], [ -47.8839504, -15.8017623 ] ], [ [ -47.8839504, -15.8017623 ], [ -47.8838343, -15.8018373 ], [ -47.8837312, -15.8018973 ], [ -47.8836433, -15.8019462 ], [ -47.8835155, -15.8020019 ], [ -47.8830486, -15.8021754 ] ], [ [ -47.8830486, -15.8021754 ], [ -47.882735, -15.802292 ], [ -47.8826372, -15.8023218 ] ], [ [ -47.8826372, -15.8023218 ], [ -47.8824613, -15.8023939 ], [ -47.8822334, -15.8024769 ], [ -47.881129, -15.8028165 ], [ -47.8807844, -15.8029226 ], [ -47.8804109, -15.8030404 ], [ -47.8803008, -15.8030734 ], [ -47.8802171, -15.8030985 ], [ -47.8798677, -15.8032005 ], [ -47.8797336, -15.8032385 ], [ -47.8795391, -15.803283 ], [ -47.8794495, -15.8032967 ], [ -47.8793621, -15.8033101 ], [ -47.8792092, -15.803305 ], [ -47.8791046, -15.8032882 ] ], [ [ -47.8791046, -15.8032882 ], [ -47.878886, -15.803194 ], [ -47.8786701, -15.8030908 ], [ -47.8784086, -15.8029282 ], [ -47.8781873, -15.8027436 ], [ -47.8780639, -15.802634 ], [ -47.8777474, -15.8022584 ], [ -47.8776549, -15.8021952 ], [ -47.8775704, -15.8021578 ], [ -47.8774269, -15.8021436 ], [ -47.8772673, -15.802172 ], [ -47.8771748, -15.802212 ], [ -47.8770943, -15.8022597 ], [ -47.8770004, -15.8023449 ], [ -47.8769293, -15.8024352 ] ], [ [ -47.8769293, -15.8024352 ], [ -47.876924, -15.8025256 ], [ -47.8769293, -15.8026081 ], [ -47.8769535, -15.8026778 ], [ -47.8769977, -15.802723 ], [ -47.8770769, -15.8027785 ], [ -47.8771694, -15.8028082 ], [ -47.8772753, -15.8028017 ], [ -47.8773706, -15.8027462 ], [ -47.8774376, -15.8026662 ], [ -47.8774698, -15.802594 ], [ -47.8774778, -15.8024998 ] ], [ [ -47.8774778, -15.8024998 ], [ -47.8774481, -15.8024379 ] ], [ [ -47.8774481, -15.8024379 ], [ -47.8772319, -15.8019563 ] ], [ [ -47.8772319, -15.8019563 ], [ -47.8772143, -15.8019094 ], [ -47.8770996, -15.8016097 ], [ -47.877034, -15.8014313 ], [ -47.8768958, -15.8010158 ], [ -47.8767577, -15.8005693 ], [ -47.8766182, -15.8001925 ], [ -47.8766866, -15.7998866 ], [ -47.8767604, -15.7996363 ], [ -47.8767899, -15.7994169 ], [ -47.8767832, -15.7992092 ], [ -47.8767551, -15.7990392 ], [ -47.8767475, -15.7989931 ] ], [ [ -47.8767475, -15.7989931 ], [ -47.8765959, -15.7985484 ] ], [ [ -47.8765959, -15.7985484 ], [ -47.8765936, -15.7985413 ], [ -47.8765373, -15.7983826 ], [ -47.876082, -15.7972213 ], [ -47.8760592, -15.7971641 ], [ -47.8760142, -15.797038 ] ], [ [ -47.8760142, -15.797038 ], [ -47.8757373, -15.7971188 ], [ -47.8753573, -15.7972496 ] ], [ [ -47.8753573, -15.7972496 ], [ -47.8752545, -15.7972789 ], [ -47.8750645, -15.7973318 ], [ -47.8748555, -15.79739 ], [ -47.8746247, -15.7974576 ], [ -47.8743789, -15.7975432 ], [ -47.8741373, -15.7976272 ], [ -47.8739278, -15.7976884 ], [ -47.8738784, -15.7977028 ], [ -47.8736121, -15.7977803 ], [ -47.8734908, -15.7978178 ], [ -47.8729611, -15.7979816 ], [ -47.8727912, -15.7980339 ], [ -47.872516, -15.7981186 ], [ -47.8722411, -15.7982115 ], [ -47.8721783, -15.7982329 ], [ -47.8721463, -15.7982438 ], [ -47.8719899, -15.7982894 ], [ -47.8718075, -15.7983425 ], [ -47.8715061, -15.7984356 ], [ -47.871292, -15.7985026 ], [ -47.8711331, -15.798552 ], [ -47.8707942, -15.7986563 ], [ -47.8704853, -15.7987614 ], [ -47.8702949, -15.7988195 ], [ -47.8696745, -15.7990089 ], [ -47.8694862, -15.7990666 ], [ -47.8691852, -15.7991588 ], [ -47.8689615, -15.7992286 ], [ -47.8688997, -15.799251 ], [ -47.8688859, -15.7992547 ], [ -47.8688209, -15.7992714 ], [ -47.868628, -15.7993321 ], [ -47.8681938, -15.7994685 ], [ -47.868118, -15.7994921 ], [ -47.8680206, -15.7995243 ], [ -47.867846, -15.7995821 ], [ -47.867146, -15.7997956 ], [ -47.8671206, -15.7998036 ], [ -47.8669721, -15.799853 ], [ -47.8663951, -15.8000302 ], [ -47.8657854, -15.8002206 ] ], [ [ -47.8657854, -15.8002206 ], [ -47.8637544, -15.8008866 ] ], [ [ -47.8627619, -15.8012085 ], [ -47.8624312, -15.8013071 ], [ -47.862329, -15.8013342 ], [ -47.8622612, -15.8013414 ], [ -47.8622139, -15.8013256 ] ], [ [ -47.8622139, -15.8013256 ], [ -47.8621767, -15.8012906 ], [ -47.8621441, -15.8012216 ], [ -47.8620323, -15.8008939 ], [ -47.8617193, -15.7999559 ], [ -47.8616337, -15.7996943 ] ], [ [ -47.8616337, -15.7996943 ], [ -47.8616385, -15.7996078 ], [ -47.8616638, -15.7995195 ], [ -47.8616952, -15.7994748 ], [ -47.8617383, -15.7994365 ], [ -47.8618433, -15.7993489 ] ], [ [ -47.8618433, -15.7993489 ], [ -47.8618951, -15.7993329 ], [ -47.8623799, -15.7991879 ], [ -47.8624665, -15.7991608 ], [ -47.8625324, -15.7991402 ], [ -47.8625826, -15.7991245 ], [ -47.8656243, -15.7981722 ], [ -47.865987, -15.7980587 ], [ -47.8664047, -15.7979279 ], [ -47.8665206, -15.7978916 ], [ -47.8665932, -15.7978705 ], [ -47.86726, -15.7976604 ], [ -47.8674802, -15.7975912 ], [ -47.8675482, -15.7975676 ], [ -47.8677889, -15.7974946 ], [ -47.8680854, -15.7974017 ], [ -47.8688622, -15.797152 ], [ -47.868986, -15.7971122 ], [ -47.8694411, -15.7969773 ], [ -47.8697047, -15.7968958 ], [ -47.8698189, -15.7968612 ], [ -47.8704941, -15.796652 ], [ -47.870533, -15.7966391 ], [ -47.8706322, -15.7966063 ], [ -47.8708382, -15.7965472 ], [ -47.871031, -15.7964795 ], [ -47.871198, -15.796424 ], [ -47.8712956, -15.7963954 ], [ -47.871491, -15.796338 ], [ -47.872153, -15.7961276 ], [ -47.8723116, -15.7960799 ], [ -47.8727497, -15.7959415 ], [ -47.8729673, -15.7958747 ], [ -47.8731514, -15.7958182 ], [ -47.8737967, -15.7956145 ], [ -47.8739559, -15.7955643 ], [ -47.8744157, -15.7954198 ], [ -47.8744619, -15.7954054 ], [ -47.8745537, -15.7953768 ], [ -47.8746291, -15.7953525 ], [ -47.8747147, -15.7953242 ] ], [ [ -47.8747147, -15.7953242 ], [ -47.8748073, -15.7952943 ], [ -47.8751782, -15.7951716 ] ], [ [ -47.8751782, -15.7951716 ], [ -47.8754488, -15.7951139 ] ], [ [ -47.8754488, -15.7951139 ], [ -47.8759156, -15.7949508 ] ], [ [ -47.8759156, -15.7949508 ], [ -47.8760099, -15.7949212 ] ], [ [ -47.8760099, -15.7949212 ], [ -47.876637, -15.7947158 ] ], [ [ -47.876637, -15.7947158 ], [ -47.8766874, -15.7948213 ], [ -47.876734, -15.7949409 ], [ -47.8772113, -15.7963815 ], [ -47.8772345, -15.7964555 ], [ -47.8772364, -15.7966181 ] ], [ [ -47.8772364, -15.7966181 ], [ -47.8769728, -15.796709 ] ], [ [ -47.8769728, -15.796709 ], [ -47.8768119, -15.7968714 ], [ -47.8767914, -15.7968965 ], [ -47.8767507, -15.7969466 ], [ -47.8767289, -15.7969953 ], [ -47.8767241, -15.7970408 ], [ -47.8767251, -15.7970477 ], [ -47.8767329, -15.7971029 ], [ -47.8767374, -15.7971251 ], [ -47.8767604, -15.7972399 ], [ -47.8768194, -15.7974425 ], [ -47.877046, -15.7981613 ], [ -47.8771026, -15.7983377 ], [ -47.8771118, -15.7983654 ], [ -47.8771131, -15.7983704 ] ], [ [ -47.8771131, -15.7983704 ], [ -47.8772646, -15.7988104 ] ], [ [ -47.8772646, -15.7988104 ], [ -47.8774752, -15.7995163 ] ], [ [ -47.8774752, -15.7995163 ], [ -47.8775516, -15.7997395 ], [ -47.8776442, -15.8000234 ], [ -47.8778185, -15.8005202 ], [ -47.8779864, -15.8010397 ] ], [ [ -47.8779864, -15.8010397 ], [ -47.8780258, -15.8011467 ], [ -47.8780483, -15.8012093 ], [ -47.8781658, -15.8015668 ] ], [ [ -47.8781658, -15.8015668 ], [ -47.8783938, -15.8021668 ], [ -47.878489, -15.8023526 ], [ -47.8786097, -15.8025436 ], [ -47.8787693, -15.8027501 ] ], [ [ -47.8787693, -15.8027501 ], [ -47.8789578, -15.8029211 ], [ -47.8790543, -15.8030004 ] ], [ [ -47.8790543, -15.8030004 ], [ -47.8791375, -15.8030521 ], [ -47.8792381, -15.8030798 ], [ -47.879336, -15.8030933 ], [ -47.8795036, -15.8030875 ] ], [ [ -47.8795036, -15.8030875 ], [ -47.8796565, -15.8030353 ] ], [ [ -47.8796565, -15.8030353 ], [ -47.8799696, -15.8029378 ], [ -47.8800536, -15.8029128 ], [ -47.8801493, -15.8028843 ], [ -47.8803143, -15.8028314 ], [ -47.8810545, -15.8025894 ] ], [ [ -47.8810545, -15.8025894 ], [ -47.8811724, -15.8025485 ], [ -47.8817566, -15.8023456 ] ], [ [ -47.8817566, -15.8023456 ], [ -47.881936, -15.8022909 ], [ -47.8821637, -15.8022214 ] ], [ [ -47.8821637, -15.8022214 ], [ -47.8825076, -15.8020929 ], [ -47.8830154, -15.8019258 ], [ -47.8831062, -15.8018925 ], [ -47.8831357, -15.8018809 ], [ -47.8836321, -15.8016947 ], [ -47.8837398, -15.8016464 ], [ -47.8839297, -15.801563 ], [ -47.8839745, -15.8015433 ] ], [ [ -47.8839745, -15.8015433 ], [ -47.884689, -15.8010338 ], [ -47.8847205, -15.8009822 ], [ -47.884733, -15.8009289 ], [ -47.8847209, -15.8007359 ] ], [ [ -47.8847209, -15.8007359 ], [ -47.8844637, -15.8002751 ] ], [ [ -47.8844637, -15.8002751 ], [ -47.884398, -15.8001241 ], [ -47.8842196, -15.7997183 ], [ -47.8840838, -15.7994172 ] ], [ [ -47.8840838, -15.7994172 ], [ -47.8840227, -15.7992901 ], [ -47.8838873, -15.7989676 ], [ -47.883763, -15.7986639 ] ], [ [ -47.883763, -15.7986639 ], [ -47.88371, -15.7985302 ], [ -47.8835668, -15.7981535 ] ], [ [ -47.8835668, -15.7981535 ], [ -47.8833202, -15.7975352 ], [ -47.8832737, -15.7974317 ] ], [ [ -47.8832737, -15.7974317 ], [ -47.8832587, -15.7973976 ] ], [ [ -47.8832587, -15.7973976 ], [ -47.8831313, -15.7970888 ] ], [ [ -47.8831313, -15.7970888 ], [ -47.8831152, -15.7970445 ], [ -47.8830137, -15.7967954 ], [ -47.8829939, -15.7967332 ], [ -47.882769, -15.7960578 ], [ -47.8826577, -15.795724 ], [ -47.8825684, -15.7954614 ], [ -47.8824804, -15.7952141 ] ], [ [ -47.8824804, -15.7952141 ], [ -47.8819485, -15.7936623 ], [ -47.8819067, -15.7935284 ], [ -47.881856, -15.7933826 ], [ -47.8818166, -15.7932643 ], [ -47.8816964, -15.7929109 ] ], [ [ -47.8816964, -15.7929109 ], [ -47.8816879, -15.7928842 ], [ -47.8815291, -15.7923796 ], [ -47.8815133, -15.7923323 ], [ -47.8813749, -15.7918986 ], [ -47.8812296, -15.7914502 ] ], [ [ -47.881052, -15.790884 ], [ -47.88105, -15.7908769 ], [ -47.880954, -15.7905378 ] ], [ [ -47.880954, -15.7905378 ], [ -47.8808743, -15.7902281 ], [ -47.8807984, -15.7899971 ] ], [ [ -47.8807984, -15.7899971 ], [ -47.8806771, -15.7894306 ] ], [ [ -47.8806771, -15.7894306 ], [ -47.8806536, -15.7893216 ], [ -47.8806341, -15.7892267 ], [ -47.8805318, -15.7888213 ] ], [ [ -47.8805318, -15.7888213 ], [ -47.8805031, -15.7887167 ] ], [ [ -47.8805031, -15.7887167 ], [ -47.8805262, -15.7886247 ], [ -47.8805509, -15.7885111 ], [ -47.8805751, -15.7884172 ], [ -47.8805865, -15.7883614 ], [ -47.8805993, -15.7883311 ], [ -47.8806289, -15.7882724 ], [ -47.8806905, -15.788164 ], [ -47.8808505, -15.7879817 ] ], [ [ -47.8808505, -15.7879817 ], [ -47.8808944, -15.7879736 ] ], [ [ -47.8808944, -15.7879736 ], [ -47.8811737, -15.7879223 ] ], [ [ -47.8811737, -15.7879223 ], [ -47.8811881, -15.787919 ] ], [ [ -47.8811881, -15.787919 ], [ -47.8813751, -15.7879956 ], [ -47.8815012, -15.7880588 ], [ -47.881605, -15.7881307 ], [ -47.8816375, -15.7881699 ], [ -47.8816634, -15.788195 ], [ -47.8818693, -15.7884492 ] ], [ [ -47.8818693, -15.7884492 ], [ -47.8819167, -15.788669 ] ], [ [ -47.8819167, -15.788669 ], [ -47.882018, -15.7891579 ] ], [ [ -47.882018, -15.7891579 ], [ -47.8821181, -15.7895913 ] ], [ [ -47.8821181, -15.7895913 ], [ -47.8822133, -15.7899713 ], [ -47.8822408, -15.790098 ] ], [ [ -47.8822408, -15.790098 ], [ -47.8823447, -15.7905088 ] ], [ [ -47.8823447, -15.7905088 ], [ -47.882346, -15.790514 ], [ -47.8824775, -15.7909153 ], [ -47.8825048, -15.7910545 ], [ -47.8824842, -15.7911412 ], [ -47.8824453, -15.7911812 ], [ -47.8824104, -15.7912121 ], [ -47.8821699, -15.791312 ], [ -47.8816966, -15.7914748 ], [ -47.8816535, -15.7914896 ] ], [ [ -47.8816535, -15.7914896 ], [ -47.881552, -15.7915602 ], [ -47.8814901, -15.7916032 ], [ -47.8814656, -15.7916374 ], [ -47.8814519, -15.791677 ], [ -47.8814492, -15.7917354 ], [ -47.881488, -15.7918667 ], [ -47.8815082, -15.7919351 ], [ -47.8815461, -15.792001 ], [ -47.8815883, -15.7920316 ], [ -47.8816406, -15.7920374 ], [ -47.8816967, -15.7920349 ], [ -47.8818625, -15.7920039 ] ], [ [ -47.8818625, -15.7920039 ], [ -47.8823494, -15.7918537 ], [ -47.8825162, -15.7918257 ], [ -47.8826197, -15.7918084 ], [ -47.8826816, -15.7918131 ], [ -47.8827363, -15.7918316 ], [ -47.8827824, -15.7918739 ], [ -47.8828165, -15.7919516 ], [ -47.8828274, -15.7919807 ], [ -47.8829938, -15.7924287 ] ], [ [ -47.8829938, -15.7924287 ], [ -47.8831794, -15.7929869 ], [ -47.8832093, -15.7930758 ], [ -47.8832718, -15.7932611 ], [ -47.8833148, -15.7933907 ], [ -47.8837851, -15.7948074 ] ], [ [ -47.8837851, -15.7948074 ], [ -47.8838964, -15.7950926 ], [ -47.8839527, -15.7952965 ], [ -47.8839648, -15.7953765 ] ], [ [ -47.8839648, -15.7953765 ], [ -47.8839487, -15.7954604 ], [ -47.8839138, -15.7955146 ], [ -47.8838652, -15.7955836 ], [ -47.8838043, -15.7956194 ] ], [ [ -47.8838043, -15.7956194 ], [ -47.8830697, -15.7958678 ] ], [ [ -47.8830697, -15.7958678 ], [ -47.8830287, -15.7958817 ] ], [ [ -47.8830287, -15.7958817 ], [ -47.8829552, -15.7959279 ], [ -47.8829076, -15.7959694 ], [ -47.8828995, -15.7960136 ], [ -47.8828995, -15.7960379 ], [ -47.8829104, -15.7960984 ], [ -47.8829844, -15.7963233 ], [ -47.8830193, -15.7963663 ], [ -47.8830475, -15.7963928 ], [ -47.8830741, -15.7964037 ], [ -47.8830884, -15.7964095 ], [ -47.8831656, -15.7964093 ], [ -47.8831898, -15.7964011 ], [ -47.8832854, -15.7963765 ], [ -47.8833802, -15.7963476 ] ], [ [ -47.8833802, -15.7963476 ], [ -47.8837482, -15.7962427 ] ], [ [ -47.8837482, -15.7962427 ], [ -47.8838561, -15.7962102 ], [ -47.8839601, -15.7961797 ], [ -47.8840743, -15.796174 ], [ -47.8841485, -15.7961979 ], [ -47.8842093, -15.7962384 ], [ -47.8842663, -15.7962932 ] ], [ [ -47.8842663, -15.7962932 ], [ -47.8843488, -15.7965102 ], [ -47.8844308, -15.7967335 ], [ -47.8844533, -15.7967796 ] ], [ [ -47.8844533, -15.7967796 ], [ -47.8845933, -15.79714 ] ], [ [ -47.8845933, -15.79714 ], [ -47.8848485, -15.797791 ] ], [ [ -47.8848485, -15.797791 ], [ -47.8849536, -15.7980559 ] ], [ [ -47.8849536, -15.7980559 ], [ -47.8851614, -15.7984722 ] ], [ [ -47.8851614, -15.7984722 ], [ -47.8852221, -15.7985859 ] ], [ [ -47.8852221, -15.7985859 ], [ -47.8852905, -15.7987194 ], [ -47.8853066, -15.7987556 ], [ -47.885328, -15.798802 ], [ -47.8853555, -15.7988556 ] ], [ [ -47.8853555, -15.7988556 ], [ -47.8855822, -15.799324 ] ], [ [ -47.8855822, -15.799324 ], [ -47.8859677, -15.8001189 ] ], [ [ -47.8859677, -15.8001189 ], [ -47.8860806, -15.8001788 ], [ -47.8861483, -15.8002058 ], [ -47.8862101, -15.8002085 ], [ -47.8866385, -15.8001029 ], [ -47.8867085, -15.8000857 ], [ -47.8869646, -15.7999921 ] ], [ [ -47.8869646, -15.7999921 ], [ -47.887278, -15.7998324 ], [ -47.8873678, -15.7997867 ] ], [ [ -47.8873678, -15.7997867 ], [ -47.887902, -15.7995019 ] ], [ [ -47.887902, -15.7995019 ], [ -47.8881468, -15.7993714 ] ], [ [ -47.8881468, -15.7993714 ], [ -47.8883302, -15.7992751 ], [ -47.8886506, -15.7991111 ], [ -47.8893604, -15.798739 ], [ -47.8894298, -15.7987026 ], [ -47.8899574, -15.7984314 ], [ -47.8903105, -15.7982647 ] ], [ [ -47.8903105, -15.7982647 ], [ -47.8905733, -15.7981298 ] ], [ [ -47.8905733, -15.7981298 ], [ -47.8910826, -15.7978656 ], [ -47.8914468, -15.7976748 ], [ -47.8915463, -15.7976123 ], [ -47.8915918, -15.7975717 ], [ -47.891656, -15.7975144 ] ], [ [ -47.891656, -15.7975144 ], [ -47.8915661, -15.797324 ], [ -47.8912531, -15.7966507 ], [ -47.8911323, -15.7963701 ], [ -47.8910968, -15.7962876 ], [ -47.8908505, -15.7957037 ], [ -47.8908117, -15.795598 ] ], [ [ -47.8908117, -15.795598 ], [ -47.8907749, -15.7955092 ] ], [ [ -47.8907749, -15.7955092 ], [ -47.8907487, -15.7954403 ], [ -47.890652, -15.7951883 ], [ -47.8905128, -15.7948132 ] ], [ [ -47.8905128, -15.7948132 ], [ -47.8899987, -15.7933054 ], [ -47.889711, -15.7923742 ] ], [ [ -47.889711, -15.7923742 ], [ -47.8892171, -15.7909659 ] ], [ [ -47.8892171, -15.7909659 ], [ -47.8890409, -15.7908261 ], [ -47.8889606, -15.7907812 ], [ -47.8888523, -15.7907486 ], [ -47.8887495, -15.7907473 ], [ -47.8886714, -15.7907666 ], [ -47.8885838, -15.7908096 ], [ -47.888521, -15.7908661 ], [ -47.8884716, -15.7909358 ], [ -47.8884475, -15.7910483 ], [ -47.8884593, -15.7911947 ], [ -47.8885232, -15.7913018 ], [ -47.8885736, -15.7913547 ], [ -47.8886477, -15.7913928 ], [ -47.8888348, -15.7914463 ] ], [ [ -47.8888348, -15.7914463 ], [ -47.889034, -15.7914129 ] ], [ [ -47.889034, -15.7914129 ], [ -47.8892442, -15.7913705 ], [ -47.8894657, -15.7913083 ], [ -47.8897179, -15.7912229 ], [ -47.8898734, -15.7911514 ] ], [ [ -47.8898734, -15.7911514 ], [ -47.8901387, -15.7910222 ] ], [ [ -47.8901387, -15.7910222 ], [ -47.8906142, -15.7906518 ], [ -47.8906653, -15.7906135 ], [ -47.8910928, -15.7901904 ], [ -47.891155, -15.7901317 ], [ -47.8912968, -15.7900024 ], [ -47.8913366, -15.7899656 ], [ -47.891582, -15.7897522 ], [ -47.8919733, -15.7894735 ], [ -47.8920364, -15.7894367 ], [ -47.8921063, -15.7893742 ], [ -47.8921242, -15.7893152 ], [ -47.8921281, -15.7892356 ] ], [ [ -47.8926037, -15.7890541 ], [ -47.8941192, -15.7885071 ], [ -47.8944985, -15.7883674 ], [ -47.8948274, -15.7882339 ], [ -47.8949706, -15.7881758 ], [ -47.895053, -15.7881511 ], [ -47.8951171, -15.7881254 ], [ -47.8954607, -15.7879975 ], [ -47.8960147, -15.7877902 ], [ -47.8972574, -15.7873485 ], [ -47.8977101, -15.7872042 ], [ -47.8982073, -15.7870458 ], [ -47.8985663, -15.7869314 ], [ -47.8990407, -15.7867802 ], [ -47.8993634, -15.7866773 ], [ -47.9000691, -15.7864474 ], [ -47.900544, -15.7862927 ], [ -47.900731, -15.7862326 ], [ -47.9007573, -15.7862241 ] ], [ [ -47.9007573, -15.7862241 ], [ -47.9008079, -15.7862092 ], [ -47.9008941, -15.7861837 ], [ -47.9011864, -15.7860963 ], [ -47.9017176, -15.7859211 ], [ -47.9023969, -15.7857191 ], [ -47.9025887, -15.7856642 ], [ -47.9028019, -15.7856365 ], [ -47.9030687, -15.7856049 ], [ -47.9038973, -15.7855205 ], [ -47.9043274, -15.7854756 ], [ -47.9045221, -15.7854553 ], [ -47.9053688, -15.7853906 ], [ -47.9057272, -15.7853507 ], [ -47.9059622, -15.7853261 ], [ -47.9062128, -15.785289 ] ], [ [ -47.9062128, -15.785289 ], [ -47.9063389, -15.7852732 ], [ -47.9063868, -15.7852672 ], [ -47.906988, -15.7852085 ] ], [ [ -47.9272176, -15.8018341 ], [ -47.9272902, -15.8018913 ], [ -47.9274108, -15.8019653 ], [ -47.9277109, -15.8021418 ], [ -47.927754, -15.8021671 ], [ -47.9288804, -15.8028084 ], [ -47.9291181, -15.8029474 ], [ -47.9292254, -15.8030129 ], [ -47.929426, -15.8031353 ], [ -47.9298737, -15.8034046 ], [ -47.9299854, -15.8034642 ], [ -47.9302341, -15.803593 ], [ -47.9304085, -15.8036833 ], [ -47.930526, -15.8037302 ] ], [ [ -47.930526, -15.8037302 ], [ -47.9305501, -15.8037237 ], [ -47.9305711, -15.8037222 ] ], [ [ -47.9305711, -15.8037222 ], [ -47.9306164, -15.8036716 ], [ -47.9306941, -15.8035532 ], [ -47.9310349, -15.803034 ], [ -47.9312996, -15.8026293 ] ], [ [ -47.9312996, -15.8026293 ], [ -47.9313889, -15.8024927 ], [ -47.9315505, -15.8022538 ] ], [ [ -47.9315505, -15.8022538 ], [ -47.9316474, -15.80212 ], [ -47.9319153, -15.8017191 ], [ -47.9322036, -15.8012966 ] ], [ [ -47.9322036, -15.8012966 ], [ -47.9323967, -15.8010137 ], [ -47.9324385, -15.8009488 ], [ -47.9326817, -15.8006002 ] ], [ [ -47.9326817, -15.8006002 ], [ -47.9328094, -15.8004089 ] ], [ [ -47.9328094, -15.8004089 ], [ -47.932882, -15.8002947 ], [ -47.9329795, -15.8001415 ], [ -47.9330868, -15.7999383 ], [ -47.9332068, -15.7996718 ], [ -47.9332577, -15.799524 ], [ -47.933296, -15.7993595 ], [ -47.9333355, -15.7991324 ], [ -47.933351, -15.7990195 ], [ -47.933373, -15.7986215 ] ], [ [ -47.9176654, -15.795854 ], [ -47.9177371, -15.7959934 ], [ -47.9178384, -15.7961656 ], [ -47.9180054, -15.7963895 ], [ -47.9181797, -15.7965747 ], [ -47.9183983, -15.7967592 ] ], [ [ -47.9183983, -15.7967592 ], [ -47.9185708, -15.796876 ], [ -47.9188593, -15.797049 ], [ -47.9190444, -15.7971525 ], [ -47.9192495, -15.797277 ], [ -47.919347, -15.7973303 ], [ -47.9199545, -15.7976735 ], [ -47.9204754, -15.7979787 ], [ -47.9210482, -15.7983088 ], [ -47.9213266, -15.7984726 ], [ -47.9216109, -15.7986255 ] ], [ [ -47.9216109, -15.7986255 ], [ -47.9216335, -15.7986232 ], [ -47.9216605, -15.7986257 ], [ -47.9216863, -15.7986338 ], [ -47.9217095, -15.7986473 ], [ -47.9217291, -15.7986653 ], [ -47.9217455, -15.7986897 ], [ -47.9217552, -15.7987171 ], [ -47.9217576, -15.798746 ] ], [ [ -47.9217576, -15.798746 ], [ -47.9220534, -15.7988855 ], [ -47.9222573, -15.7990021 ], [ -47.9227743, -15.7993021 ], [ -47.9231304, -15.799504 ], [ -47.9231958, -15.7995432 ], [ -47.9233175, -15.7996163 ], [ -47.9240333, -15.8000368 ], [ -47.92421, -15.8001255 ], [ -47.9243688, -15.8001502 ] ], [ [ -47.9243688, -15.8001502 ], [ -47.9243846, -15.8001521 ], [ -47.9244187, -15.8001561 ], [ -47.9244638, -15.8001772 ], [ -47.9244995, -15.8002112 ], [ -47.924522, -15.8002544 ], [ -47.9245287, -15.8003023 ] ], [ [ -47.9245287, -15.8003023 ], [ -47.9245805, -15.8003311 ], [ -47.9248563, -15.8004909 ], [ -47.92502, -15.8005856 ], [ -47.9254384, -15.8008276 ], [ -47.9258996, -15.8010854 ], [ -47.9261212, -15.8012259 ], [ -47.9264778, -15.8014399 ], [ -47.9266171, -15.8015235 ], [ -47.9270041, -15.8017293 ], [ -47.9270992, -15.8017595 ] ], [ [ -47.9270992, -15.8017595 ], [ -47.9271207, -15.8017604 ], [ -47.9271418, -15.8017649 ], [ -47.9271617, -15.801773 ], [ -47.9271798, -15.8017844 ], [ -47.9271954, -15.8017987 ], [ -47.9272082, -15.8018154 ], [ -47.9272176, -15.8018341 ] ], [ [ -47.9128914, -15.7962245 ], [ -47.9127638, -15.796261 ], [ -47.9126795, -15.7962 ] ] ] } },
{ "type": "Feature", "properties": { "id_osm": 5639298, "nome": "183.2 - CIRCULAR - São Sebastião (res. bosque)/ Vila do Boa/ Condomínios (ESAF)", "ref": "183.2" }, "geometry": { "type": "MultiLineString", "coordinates": [ [ [ -47.7578718, -15.9133376 ], [ -47.7579382, -15.9133112 ], [ -47.7580009, -15.9132822 ], [ -47.7580579, -15.9132618 ], [ -47.7581172, -15.9132464 ], [ -47.7581927, -15.913241 ], [ -47.7583241, -15.913259 ] ], [ [ -47.7583241, -15.913259 ], [ -47.7583509, -15.9132154 ], [ -47.75839, -15.9131814 ] ], [ [ -47.75839, -15.9131814 ], [ -47.7582609, -15.9130461 ], [ -47.7580485, -15.9128237 ], [ -47.7579202, -15.9126782 ], [ -47.757882, -15.9126484 ], [ -47.757848, -15.9126331 ], [ -47.7578141, -15.9126234 ], [ -47.7577742, -15.9126155 ], [ -47.7577119, -15.9126139 ], [ -47.7576488, -15.9126139 ], [ -47.7575955, -15.9126209 ], [ -47.757513, -15.9126412 ], [ -47.7573233, -15.9126779 ], [ -47.7571818, -15.9126812 ], [ -47.7570909, -15.9126654 ], [ -47.7570202, -15.9126415 ], [ -47.756932, -15.9126109 ], [ -47.7568708, -15.9125746 ], [ -47.7568338, -15.9125325 ] ], [ [ -47.7568338, -15.9125325 ], [ -47.7575968, -15.9120069 ], [ -47.7579145, -15.9117749 ] ], [ [ -47.7579145, -15.9117749 ], [ -47.758363, -15.9114628 ], [ -47.7586792, -15.9112319 ], [ -47.7588482, -15.911098 ] ], [ [ -47.7588482, -15.911098 ], [ -47.7589034, -15.9110439 ], [ -47.758939, -15.9110152 ], [ -47.7589727, -15.9109901 ], [ -47.7590076, -15.9109694 ], [ -47.7590486, -15.9109436 ] ], [ [ -47.7590486, -15.9109436 ], [ -47.7592322, -15.9106048 ], [ -47.7592904, -15.9105015 ], [ -47.7594104, -15.9102887 ], [ -47.759576, -15.9100076 ], [ -47.7596933, -15.9097767 ], [ -47.7598134, -15.9095334 ], [ -47.7600412, -15.9089404 ], [ -47.7602504, -15.9084943 ], [ -47.7604245, -15.9080793 ], [ -47.7605826, -15.9076738 ], [ -47.760728, -15.9073591 ], [ -47.760793, -15.9072166 ], [ -47.760842, -15.9071198 ], [ -47.7608899, -15.9070572 ] ], [ [ -47.7608899, -15.9070572 ], [ -47.761044, -15.9065861 ], [ -47.7611089, -15.9064395 ], [ -47.7612121, -15.9062325 ], [ -47.7613235, -15.9060532 ], [ -47.7614187, -15.9059345 ], [ -47.761595, -15.9057566 ] ], [ [ -47.761595, -15.9057566 ], [ -47.7617, -15.9056629 ], [ -47.7619617, -15.9054181 ], [ -47.7620145, -15.905369 ], [ -47.762332, -15.9050736 ], [ -47.7625033, -15.9049297 ], [ -47.7625941, -15.9048565 ], [ -47.7627155, -15.904777 ], [ -47.7627927, -15.9047292 ], [ -47.7630078, -15.9046441 ], [ -47.7632446, -15.9045713 ], [ -47.7634275, -15.9045163 ], [ -47.7635399, -15.9044921 ], [ -47.7640023, -15.9044015 ], [ -47.7641892, -15.9043649 ], [ -47.7643633, -15.9043319 ], [ -47.7645107, -15.9043044 ], [ -47.7647909, -15.9042459 ], [ -47.7648664, -15.9042252 ], [ -47.7650736, -15.9041596 ] ], [ [ -47.7650736, -15.9041596 ], [ -47.7651542, -15.904118 ], [ -47.7652529, -15.904065 ], [ -47.7653607, -15.9039897 ], [ -47.7654782, -15.9038986 ], [ -47.7656646, -15.9037232 ], [ -47.7657866, -15.9035839 ], [ -47.7660401, -15.9033421 ], [ -47.7662332, -15.9031796 ], [ -47.7664096, -15.9030439 ], [ -47.7669873, -15.9026606 ], [ -47.7671524, -15.9025518 ], [ -47.7674946, -15.9023363 ] ], [ [ -47.7674946, -15.9023363 ], [ -47.7676348, -15.9025063 ], [ -47.768173, -15.9031535 ], [ -47.7683314, -15.9033455 ], [ -47.7686816, -15.9037875 ], [ -47.7688073, -15.9039308 ], [ -47.7693462, -15.9045933 ], [ -47.7697084, -15.9050188 ], [ -47.7699319, -15.9052866 ], [ -47.7700481, -15.9054309 ], [ -47.7704556, -15.9059124 ], [ -47.7705024, -15.9059694 ], [ -47.7706805, -15.9061909 ], [ -47.7710348, -15.9066054 ], [ -47.7710759, -15.9066387 ] ], [ [ -47.756451, -15.9126491 ], [ -47.7558608, -15.9125625 ] ], [ [ -47.7558608, -15.9125625 ], [ -47.7552131, -15.9124515 ], [ -47.7543903, -15.9123659 ], [ -47.753923, -15.9123263 ], [ -47.7536232, -15.9123443 ] ], [ [ -47.7536232, -15.9123443 ], [ -47.7534267, -15.9123739 ], [ -47.7533542, -15.9123907 ], [ -47.7530181, -15.9125049 ], [ -47.7525861, -15.9126638 ] ], [ [ -47.7525861, -15.9126638 ], [ -47.7524712, -15.9127037 ], [ -47.7523904, -15.9127251 ], [ -47.7522697, -15.9127489 ], [ -47.7520684, -15.9127624 ] ], [ [ -47.7520684, -15.9127624 ], [ -47.7520861, -15.9125726 ], [ -47.752117, -15.912081 ], [ -47.7522017, -15.9115962 ], [ -47.7523031, -15.9111149 ], [ -47.7523999, -15.9106347 ], [ -47.7524953, -15.9101586 ] ], [ [ -47.7524953, -15.9101586 ], [ -47.7525862, -15.9096768 ], [ -47.7526876, -15.9092072 ], [ -47.7527845, -15.9087222 ], [ -47.7528842, -15.9082344 ], [ -47.7529268, -15.908013 ] ], [ [ -47.7529268, -15.908013 ], [ -47.7528953, -15.9079936 ], [ -47.7527957, -15.9078612 ], [ -47.7527048, -15.9077254 ], [ -47.7527, -15.9076955 ] ], [ [ -47.7527, -15.9076955 ], [ -47.7527276, -15.9076667 ], [ -47.7528711, -15.9075621 ], [ -47.7530012, -15.9074766 ], [ -47.7530402, -15.9074637 ] ], [ [ -47.7530402, -15.9074637 ], [ -47.7530795, -15.907222 ] ], [ [ -47.7530795, -15.907222 ], [ -47.7531698, -15.9067518 ] ], [ [ -47.7531698, -15.9067518 ], [ -47.753261, -15.9062747 ] ], [ [ -47.753261, -15.9062747 ], [ -47.7533597, -15.9057793 ] ], [ [ -47.7533597, -15.9057793 ], [ -47.7534617, -15.9053132 ] ], [ [ -47.7534617, -15.9053132 ], [ -47.7535513, -15.9048364 ] ], [ [ -47.7535513, -15.9048364 ], [ -47.7536579, -15.9043688 ] ], [ [ -47.7536579, -15.9043688 ], [ -47.7541264, -15.9044404 ] ], [ [ -47.7541264, -15.9044404 ], [ -47.7550909, -15.9046091 ] ], [ [ -47.7550909, -15.9046091 ], [ -47.7549998, -15.905096 ] ], [ [ -47.7549998, -15.905096 ], [ -47.7548989, -15.9055803 ] ], [ [ -47.7548989, -15.9055803 ], [ -47.7548004, -15.9060655 ] ], [ [ -47.7548004, -15.9060655 ], [ -47.7547131, -15.906529 ] ], [ [ -47.7547131, -15.906529 ], [ -47.7546053, -15.9070192 ] ], [ [ -47.7546053, -15.9070192 ], [ -47.7545161, -15.9074595 ] ], [ [ -47.7545161, -15.9074595 ], [ -47.7544111, -15.9079908 ] ], [ [ -47.7544111, -15.9079908 ], [ -47.7543877, -15.9084925 ] ], [ [ -47.7543877, -15.9084925 ], [ -47.7544318, -15.9090195 ], [ -47.7544791, -15.909521 ], [ -47.7545455, -15.9100211 ], [ -47.7546813, -15.9105515 ], [ -47.7549682, -15.9110957 ], [ -47.7556971, -15.9117205 ], [ -47.7566571, -15.9123832 ], [ -47.7568338, -15.9125325 ] ], [ [ -47.7568338, -15.9125325 ], [ -47.7566323, -15.9126038 ], [ -47.7565421, -15.9126312 ], [ -47.756451, -15.9126491 ] ], [ [ -47.7710759, -15.9066387 ], [ -47.7713978, -15.9064047 ], [ -47.7718021, -15.9061048 ], [ -47.7722535, -15.9057765 ], [ -47.7727079, -15.905434 ], [ -47.7731816, -15.9050837 ] ], [ [ -47.7731816, -15.9050837 ], [ -47.7731721, -15.9050558 ] ], [ [ -47.7731721, -15.9050558 ], [ -47.7723601, -15.9041463 ], [ -47.7717629, -15.9035167 ], [ -47.7716996, -15.9034472 ], [ -47.7716479, -15.9033734 ], [ -47.7716754, -15.9033299 ], [ -47.7717075, -15.903277 ], [ -47.7719088, -15.9028907 ], [ -47.7720603, -15.9025857 ], [ -47.7721881, -15.9023361 ], [ -47.772291, -15.9021317 ], [ -47.772458, -15.9018199 ], [ -47.7724832, -15.9017587 ], [ -47.7729086, -15.9008439 ] ], [ [ -47.7729086, -15.9008439 ], [ -47.7728993, -15.9008098 ], [ -47.7729, -15.9007744 ] ], [ [ -47.7729, -15.9007744 ], [ -47.772911, -15.9007397 ], [ -47.7729378, -15.9007031 ], [ -47.7729759, -15.9006774 ] ], [ [ -47.7729759, -15.9006774 ], [ -47.7731536, -15.9003546 ], [ -47.7732496, -15.9001805 ], [ -47.7732999, -15.9000799 ], [ -47.773441, -15.8997874 ], [ -47.7736767, -15.8993568 ], [ -47.7739393, -15.8990141 ], [ -47.7742833, -15.8986356 ], [ -47.7744171, -15.8984869 ], [ -47.7745805, -15.8983147 ], [ -47.7748603, -15.8980289 ], [ -47.7749854, -15.8979069 ], [ -47.7753016, -15.8975844 ], [ -47.7755983, -15.8972455 ], [ -47.7757837, -15.8969652 ], [ -47.7758285, -15.8968661 ], [ -47.7760179, -15.8964703 ], [ -47.7760699, -15.8963678 ], [ -47.7766254, -15.8951073 ], [ -47.7768045, -15.8947259 ], [ -47.7768759, -15.8945691 ], [ -47.7769259, -15.8944605 ], [ -47.7770162, -15.8942598 ], [ -47.7771771, -15.8939124 ], [ -47.7773205, -15.8936072 ], [ -47.7774624, -15.893292 ], [ -47.777531, -15.893131 ], [ -47.777597, -15.8929759 ], [ -47.7777315, -15.8926704 ], [ -47.7779465, -15.8921995 ], [ -47.7780617, -15.891968 ], [ -47.778466, -15.8910799 ], [ -47.7786165, -15.8907696 ], [ -47.7786676, -15.8906539 ], [ -47.7787431, -15.8904863 ], [ -47.7788046, -15.8903551 ], [ -47.7788679, -15.8902197 ], [ -47.7790319, -15.8898265 ], [ -47.7792163, -15.8894175 ], [ -47.77943, -15.8889693 ], [ -47.779791, -15.8881684 ] ], [ [ -47.779791, -15.8881684 ], [ -47.7797868, -15.8881136 ], [ -47.7797982, -15.8880548 ], [ -47.7798352, -15.8879957 ] ], [ [ -47.7798352, -15.8879957 ], [ -47.7798761, -15.8879699 ] ], [ [ -47.7798761, -15.8879699 ], [ -47.7799246, -15.8877997 ] ], [ [ -47.7799246, -15.8877997 ], [ -47.7800728, -15.8873183 ], [ -47.7803576, -15.886384 ], [ -47.7804425, -15.8860885 ], [ -47.7805223, -15.8858348 ], [ -47.7806496, -15.8855345 ] ], [ [ -47.7912582, -15.8773702 ], [ -47.7911375, -15.8774179 ], [ -47.7908546, -15.8775379 ], [ -47.7907044, -15.8775856 ], [ -47.7905341, -15.8776669 ], [ -47.7899757, -15.8781151 ], [ -47.7898367, -15.8782332 ], [ -47.7895685, -15.8784563 ], [ -47.7893834, -15.8786356 ], [ -47.7890615, -15.8789955 ], [ -47.7887993, -15.8792857 ], [ -47.7886022, -15.8796205 ], [ -47.7881543, -15.8803099 ], [ -47.7879861, -15.8806213 ], [ -47.787711, -15.8810465 ], [ -47.7873389, -15.8814992 ], [ -47.787011, -15.8818282 ], [ -47.7866373, -15.8821411 ], [ -47.7863782, -15.8823232 ], [ -47.7860937, -15.8825169 ], [ -47.7859865, -15.8825752 ], [ -47.7839982, -15.8837753 ], [ -47.7834758, -15.8839991 ], [ -47.7824925, -15.8843099 ], [ -47.7822017, -15.8844304 ], [ -47.7819257, -15.8845601 ], [ -47.7816366, -15.8847234 ], [ -47.7811241, -15.8850487 ], [ -47.7808326, -15.8853113 ], [ -47.7806496, -15.8855345 ] ], [ [ -47.7912582, -15.8773702 ], [ -47.7911375, -15.8774179 ], [ -47.7908546, -15.8775379 ], [ -47.7907044, -15.8775856 ], [ -47.7905341, -15.8776669 ], [ -47.7899757, -15.8781151 ], [ -47.7898367, -15.8782332 ], [ -47.7895685, -15.8784563 ], [ -47.7893834, -15.8786356 ], [ -47.7890615, -15.8789955 ], [ -47.7887993, -15.8792857 ], [ -47.7886022, -15.8796205 ], [ -47.7881543, -15.8803099 ], [ -47.7879861, -15.8806213 ], [ -47.787711, -15.8810465 ], [ -47.7873389, -15.8814992 ], [ -47.787011, -15.8818282 ], [ -47.7866373, -15.8821411 ], [ -47.7863782, -15.8823232 ], [ -47.7860937, -15.8825169 ], [ -47.7859865, -15.8825752 ], [ -47.7839982, -15.8837753 ], [ -47.7834758, -15.8839991 ], [ -47.7824925, -15.8843099 ], [ -47.7822017, -15.8844304 ], [ -47.7819257, -15.8845601 ], [ -47.7816366, -15.8847234 ], [ -47.7811241, -15.8850487 ], [ -47.7808326, -15.8853113 ], [ -47.7806496, -15.8855345 ] ], [ [ -47.7806496, -15.8855345 ], [ -47.7805678, -15.8853404 ], [ -47.7805434, -15.8852464 ], [ -47.7805207, -15.8850882 ], [ -47.7804952, -15.8845564 ], [ -47.7804396, -15.8835041 ], [ -47.7803894, -15.8825041 ], [ -47.7803544, -15.8818304 ], [ -47.7802471, -15.881615 ] ], [ [ -47.7802471, -15.881615 ], [ -47.7801968, -15.8815451 ] ], [ [ -47.7801968, -15.8815451 ], [ -47.7801115, -15.8814352 ] ], [ [ -47.7801115, -15.8814352 ], [ -47.7799793, -15.8812906 ], [ -47.7795347, -15.8808664 ], [ -47.7784762, -15.8799176 ] ], [ [ -47.7784762, -15.8799176 ], [ -47.778596, -15.8796581 ], [ -47.7787284, -15.8794781 ], [ -47.7788342, -15.8793668 ], [ -47.7788647, -15.879333 ] ], [ [ -47.7788647, -15.879333 ], [ -47.7789415, -15.8792464 ], [ -47.7790203, -15.879156 ], [ -47.7791947, -15.8789159 ], [ -47.7798979, -15.8779506 ], [ -47.7799099, -15.8779331 ] ], [ [ -47.7799099, -15.8779331 ], [ -47.7800734, -15.8777066 ], [ -47.7801188, -15.8776141 ], [ -47.7802599, -15.8771492 ], [ -47.7803457, -15.8766952 ], [ -47.7803868, -15.8764835 ], [ -47.7804896, -15.8763015 ], [ -47.780612, -15.8761232 ], [ -47.7807481, -15.875965 ] ], [ [ -47.7807481, -15.875965 ], [ -47.7810787, -15.8753804 ], [ -47.7810929, -15.8753538 ], [ -47.7812653, -15.8750307 ], [ -47.7815415, -15.8743887 ], [ -47.7818394, -15.87381 ], [ -47.7821508, -15.8733778 ], [ -47.7822547, -15.8732212 ], [ -47.7823648, -15.8729817 ], [ -47.7824167, -15.8727811 ], [ -47.7824324, -15.8725388 ], [ -47.7824715, -15.872277 ], [ -47.7825093, -15.8721315 ], [ -47.7825647, -15.8719652 ], [ -47.7826518, -15.8716095 ], [ -47.7827927, -15.8710616 ], [ -47.7828237, -15.8707923 ], [ -47.7828421, -15.8706065 ], [ -47.7828805, -15.8703368 ], [ -47.7829872, -15.8697359 ], [ -47.782962, -15.8694908 ], [ -47.7829037, -15.8693315 ] ], [ [ -47.7829037, -15.8693315 ], [ -47.7827731, -15.8691113 ], [ -47.7826887, -15.868886 ], [ -47.7826376, -15.8687291 ], [ -47.7826314, -15.868637 ], [ -47.7826504, -15.8685632 ], [ -47.7827006, -15.8684954 ], [ -47.7827931, -15.86843 ] ], [ [ -47.7734206, -15.8694093 ], [ -47.7734583, -15.8693591 ], [ -47.7737405, -15.86896 ], [ -47.7738193, -15.8688371 ], [ -47.7739666, -15.8686291 ], [ -47.7741195, -15.8684836 ], [ -47.7742533, -15.8683583 ], [ -47.774709, -15.8679971 ], [ -47.7750601, -15.8677101 ], [ -47.7754229, -15.8674087 ], [ -47.7759249, -15.8671455 ], [ -47.7764205, -15.8668986 ], [ -47.776537, -15.8668468 ], [ -47.7766392, -15.8668286 ], [ -47.7767008, -15.8668274 ], [ -47.776831, -15.8668593 ], [ -47.7769519, -15.8669118 ], [ -47.7771711, -15.8670231 ], [ -47.7773847, -15.8671325 ], [ -47.7776491, -15.8673288 ], [ -47.7780795, -15.8676797 ], [ -47.7782415, -15.8677805 ], [ -47.7784342, -15.8678697 ], [ -47.7786022, -15.8679392 ], [ -47.7788011, -15.8679833 ], [ -47.7789362, -15.8680011 ], [ -47.779075, -15.8680026 ], [ -47.7791588, -15.8679984 ], [ -47.7794954, -15.8679573 ], [ -47.7798454, -15.8678837 ], [ -47.7805454, -15.8677492 ], [ -47.7809371, -15.8676825 ], [ -47.7813161, -15.8676304 ], [ -47.7815652, -15.8676012 ], [ -47.7821186, -15.8675509 ], [ -47.7822907, -15.8675559 ], [ -47.7824754, -15.8675729 ], [ -47.782635, -15.8676049 ] ], [ [ -47.7662043, -15.8706703 ], [ -47.7663472, -15.8706781 ], [ -47.7666375, -15.8706949 ], [ -47.7669187, -15.8707115 ], [ -47.7687499, -15.8708483 ], [ -47.7688648, -15.8708559 ], [ -47.7689872, -15.8708641 ], [ -47.7693728, -15.8708477 ], [ -47.7698837, -15.8707282 ], [ -47.7703262, -15.8705283 ], [ -47.770526, -15.870488 ], [ -47.7708559, -15.8705331 ], [ -47.7711362, -15.8705576 ], [ -47.7713414, -15.8705163 ], [ -47.7718745, -15.8701539 ], [ -47.7720832, -15.8700423 ], [ -47.7724603, -15.8699186 ], [ -47.7729037, -15.8697668 ], [ -47.77313, -15.8696551 ], [ -47.7732348, -15.8695802 ], [ -47.7733417, -15.869496 ], [ -47.7734206, -15.8694093 ] ], [ [ -47.7606726, -15.869882 ], [ -47.7607802, -15.8699486 ], [ -47.7608321, -15.8699817 ] ], [ [ -47.7608321, -15.8699817 ], [ -47.760924, -15.8700191 ], [ -47.7609736, -15.8700437 ], [ -47.7610485, -15.87008 ], [ -47.7611192, -15.8701077 ], [ -47.7612758, -15.8701541 ], [ -47.7614415, -15.8702006 ], [ -47.7617843, -15.8702812 ], [ -47.7619377, -15.8703173 ], [ -47.7621109, -15.8703535 ], [ -47.7622093, -15.870365 ], [ -47.7623186, -15.8703773 ], [ -47.7625324, -15.8703941 ] ], [ [ -47.7625324, -15.8703941 ], [ -47.7636757, -15.87049 ], [ -47.764056, -15.8705186 ], [ -47.7644114, -15.8705447 ], [ -47.7644581, -15.8705481 ], [ -47.7646148, -15.8705574 ], [ -47.7651261, -15.8705937 ], [ -47.7655151, -15.8706237 ], [ -47.7659448, -15.8706552 ], [ -47.7662043, -15.8706703 ] ], [ [ -47.7625324, -15.8703941 ], [ -47.7636757, -15.87049 ], [ -47.764056, -15.8705186 ], [ -47.7644114, -15.8705447 ], [ -47.7644581, -15.8705481 ], [ -47.7646148, -15.8705574 ], [ -47.7651261, -15.8705937 ], [ -47.7655151, -15.8706237 ], [ -47.7659448, -15.8706552 ], [ -47.7662043, -15.8706703 ] ], [ [ -47.7608321, -15.8699817 ], [ -47.760924, -15.8700191 ], [ -47.7609736, -15.8700437 ], [ -47.7610485, -15.87008 ], [ -47.7611192, -15.8701077 ], [ -47.7612758, -15.8701541 ], [ -47.7614415, -15.8702006 ], [ -47.7617843, -15.8702812 ], [ -47.7619377, -15.8703173 ], [ -47.7621109, -15.8703535 ], [ -47.7622093, -15.870365 ], [ -47.7623186, -15.8703773 ], [ -47.7625324, -15.8703941 ] ], [ [ -47.7606726, -15.869882 ], [ -47.7607802, -15.8699486 ], [ -47.7608321, -15.8699817 ] ], [ [ -47.7662043, -15.8706703 ], [ -47.7663472, -15.8706781 ], [ -47.7666375, -15.8706949 ], [ -47.7669187, -15.8707115 ], [ -47.7687499, -15.8708483 ], [ -47.7688648, -15.8708559 ], [ -47.7689872, -15.8708641 ], [ -47.7693728, -15.8708477 ], [ -47.7698837, -15.8707282 ], [ -47.7703262, -15.8705283 ], [ -47.770526, -15.870488 ], [ -47.7708559, -15.8705331 ], [ -47.7711362, -15.8705576 ], [ -47.7713414, -15.8705163 ], [ -47.7718745, -15.8701539 ], [ -47.7720832, -15.8700423 ], [ -47.7724603, -15.8699186 ], [ -47.7729037, -15.8697668 ], [ -47.77313, -15.8696551 ], [ -47.7732348, -15.8695802 ], [ -47.7733417, -15.869496 ], [ -47.7734206, -15.8694093 ] ], [ [ -47.7838235, -15.8679794 ], [ -47.7849996, -15.8681139 ], [ -47.7851182, -15.8681118 ], [ -47.78518, -15.8680937 ], [ -47.7852884, -15.8680559 ], [ -47.7858112, -15.8677665 ], [ -47.785917, -15.867701 ], [ -47.7859762, -15.8676639 ] ], [ [ -47.7859762, -15.8676639 ], [ -47.7861808, -15.86756 ], [ -47.7863511, -15.8674864 ], [ -47.7868074, -15.8673346 ] ], [ [ -47.7868074, -15.8673346 ], [ -47.7870499, -15.867262 ], [ -47.787542, -15.867102 ], [ -47.7881576, -15.866902 ], [ -47.7886498, -15.8667653 ], [ -47.7891514, -15.8666182 ], [ -47.7893278, -15.8665497 ], [ -47.7893834, -15.8665279 ], [ -47.7898487, -15.8663577 ], [ -47.7902283, -15.8662183 ], [ -47.7903988, -15.8661454 ], [ -47.790695, -15.8660197 ], [ -47.7910591, -15.8658849 ], [ -47.7913327, -15.8657752 ], [ -47.7915671, -15.8657049 ] ], [ [ -47.7926389, -15.8660416 ], [ -47.7925196, -15.8659752 ], [ -47.7923479, -15.8658707 ], [ -47.7922782, -15.8658326 ], [ -47.7922526, -15.865819 ], [ -47.7921783, -15.8657906 ], [ -47.7921082, -15.8657665 ], [ -47.7920234, -15.8657424 ], [ -47.791962, -15.8657259 ], [ -47.7918939, -15.8657149 ], [ -47.7917964, -15.8657056 ], [ -47.7915671, -15.8657049 ] ], [ [ -47.7921695, -15.8657333 ], [ -47.7922446, -15.8657623 ], [ -47.7923281, -15.8658007 ], [ -47.7924424, -15.8658742 ], [ -47.7925437, -15.8659578 ], [ -47.7926389, -15.8660416 ] ], [ [ -47.7915671, -15.8657049 ], [ -47.791666, -15.8656817 ], [ -47.7917263, -15.8656733 ], [ -47.7917953, -15.8656707 ], [ -47.7918611, -15.8656688 ], [ -47.7919161, -15.8656713 ], [ -47.7919845, -15.8656785 ], [ -47.7920381, -15.8656895 ], [ -47.7921695, -15.8657333 ] ], [ [ -47.8074021, -15.8819047 ], [ -47.8075493, -15.8818133 ], [ -47.807664, -15.881725 ], [ -47.8103209, -15.8796146 ] ], [ [ -47.8060855, -15.8815341 ], [ -47.8061566, -15.8816357 ], [ -47.8061962, -15.8816874 ], [ -47.8062491, -15.8817566 ], [ -47.8062806, -15.8817882 ], [ -47.8063356, -15.8818308 ], [ -47.8064191, -15.8818875 ], [ -47.8064868, -15.8819262 ], [ -47.8065911, -15.8819652 ], [ -47.8067068, -15.8819891 ], [ -47.8068462, -15.8820068 ], [ -47.8069709, -15.8820206 ], [ -47.8072543, -15.8819759 ], [ -47.8074021, -15.8819047 ] ], [ [ -47.8035079, -15.8761228 ], [ -47.8035776, -15.8763885 ], [ -47.8036568, -15.8767484 ], [ -47.8036876, -15.8768607 ], [ -47.8037252, -15.8769884 ], [ -47.804038, -15.8776794 ], [ -47.8045097, -15.8785772 ], [ -47.8053881, -15.8802313 ], [ -47.8060855, -15.8815341 ] ], [ [ -47.8032416, -15.8755546 ], [ -47.8033778, -15.8757707 ], [ -47.8034341, -15.875879 ], [ -47.8034744, -15.8760119 ], [ -47.8035079, -15.8761228 ] ], [ [ -47.8010006, -15.8725256 ], [ -47.8012946, -15.8729065 ], [ -47.802138, -15.8739834 ], [ -47.8022969, -15.8741769 ], [ -47.8023418, -15.8742401 ], [ -47.8024182, -15.8743498 ], [ -47.8024843, -15.8744407 ], [ -47.8029613, -15.8751295 ], [ -47.8030989, -15.8753282 ], [ -47.8032416, -15.8755546 ] ], [ [ -47.7977599, -15.8697865 ], [ -47.7987329, -15.8704541 ], [ -47.7989106, -15.8705811 ], [ -47.7996328, -15.8711919 ], [ -47.7997253, -15.8712642 ], [ -47.7998782, -15.8713957 ], [ -47.8000794, -15.8715757 ], [ -47.8002289, -15.8717137 ], [ -47.8003932, -15.8718672 ], [ -47.8004924, -15.8719672 ], [ -47.8005702, -15.8720427 ], [ -47.8007224, -15.8721975 ], [ -47.8009001, -15.8724019 ], [ -47.8010006, -15.8725256 ] ], [ [ -47.7970738, -15.8693326 ], [ -47.7971651, -15.8693956 ], [ -47.7972758, -15.8694608 ], [ -47.7973536, -15.8695182 ], [ -47.7976525, -15.8697156 ], [ -47.7977599, -15.8697865 ] ], [ [ -47.7926389, -15.8660416 ], [ -47.7927321, -15.8661061 ], [ -47.792837, -15.8661719 ], [ -47.7930325, -15.8662874 ], [ -47.7932786, -15.8664467 ], [ -47.7935254, -15.8666079 ], [ -47.7937473, -15.8667608 ], [ -47.7940397, -15.8669588 ], [ -47.7942851, -15.8671213 ], [ -47.794546, -15.8672981 ], [ -47.7946841, -15.8673864 ], [ -47.794837, -15.8674967 ], [ -47.7949262, -15.8675638 ], [ -47.7950214, -15.8676483 ], [ -47.7951508, -15.8677773 ], [ -47.7953781, -15.8680218 ], [ -47.7955303, -15.8681766 ], [ -47.7956229, -15.8682733 ], [ -47.7957436, -15.8683727 ], [ -47.7959635, -15.8685545 ], [ -47.7961989, -15.8687287 ], [ -47.7970738, -15.8693326 ] ], [ [ -47.8103209, -15.8796146 ], [ -47.8104283, -15.8795361 ] ], [ [ -47.8104283, -15.8795361 ], [ -47.8104254, -15.8794924 ], [ -47.810447, -15.8794538 ], [ -47.8104866, -15.8794322 ], [ -47.8105254, -15.8794306 ], [ -47.8105587, -15.8794484 ], [ -47.810578, -15.879471 ], [ -47.8105871, -15.8794956 ] ], [ [ -47.8105871, -15.8794956 ], [ -47.8106473, -15.8795406 ], [ -47.8107458, -15.8796069 ] ], [ [ -47.8107458, -15.8796069 ], [ -47.8111748, -15.8796149 ], [ -47.8112333, -15.879616 ], [ -47.8121319, -15.8796366 ], [ -47.8129052, -15.8796564 ], [ -47.8131867, -15.8796636 ], [ -47.8132155, -15.8796643 ], [ -47.8135957, -15.8796711 ], [ -47.8137273, -15.8796734 ] ], [ [ -47.8137273, -15.8796734 ], [ -47.8138136, -15.8796746 ], [ -47.8139223, -15.8796757 ], [ -47.8139604, -15.8796771 ], [ -47.8142342, -15.8796805 ] ], [ [ -47.8142342, -15.8796805 ], [ -47.8143729, -15.8796843 ], [ -47.8147296, -15.8796927 ] ], [ [ -47.8226797, -15.8799162 ], [ -47.8219514, -15.8798856 ], [ -47.8215669, -15.8798749 ], [ -47.8211083, -15.8798621 ], [ -47.8209252, -15.879857 ], [ -47.8205465, -15.8798491 ], [ -47.8203864, -15.8798457 ], [ -47.820315, -15.8798424 ], [ -47.8202021, -15.8798365 ], [ -47.8200568, -15.8798282 ], [ -47.8156053, -15.8797172 ], [ -47.8152801, -15.8797095 ], [ -47.8147296, -15.8796927 ] ], [ [ -47.8226797, -15.8799162 ], [ -47.8219514, -15.8798856 ], [ -47.8215669, -15.8798749 ], [ -47.8211083, -15.8798621 ], [ -47.8209252, -15.879857 ], [ -47.8205465, -15.8798491 ], [ -47.8203864, -15.8798457 ], [ -47.820315, -15.8798424 ], [ -47.8202021, -15.8798365 ], [ -47.8200568, -15.8798282 ], [ -47.8156053, -15.8797172 ], [ -47.8152801, -15.8797095 ], [ -47.8147296, -15.8796927 ] ], [ [ -47.8206092, -15.8637096 ], [ -47.8207217, -15.8637719 ], [ -47.8208584, -15.8637888 ], [ -47.8210053, -15.8637402 ], [ -47.821944, -15.8633215 ] ], [ [ -47.821944, -15.8633215 ], [ -47.8238826, -15.8624173 ], [ -47.8240087, -15.8623583 ], [ -47.8303179, -15.8594076 ], [ -47.8311373, -15.8590251 ], [ -47.8319869, -15.8586342 ], [ -47.8321485, -15.8585594 ], [ -47.8323074, -15.8584768 ], [ -47.8324406, -15.8584004 ], [ -47.8324637, -15.8583872 ], [ -47.8324857, -15.8583734 ], [ -47.832579, -15.8583149 ], [ -47.8327581, -15.8581808 ], [ -47.832921, -15.8580563 ] ], [ [ -47.832921, -15.8580563 ], [ -47.8330337, -15.8579434 ], [ -47.8331081, -15.8578724 ], [ -47.8331624, -15.8578247 ], [ -47.8332261, -15.8577834 ], [ -47.8333166, -15.8577409 ], [ -47.8334185, -15.857706 ], [ -47.8335352, -15.857686 ], [ -47.8336579, -15.8576712 ], [ -47.8337679, -15.8576757 ] ], [ [ -47.8420445, -15.8539339 ], [ -47.8422551, -15.8538384 ], [ -47.8432729, -15.853358 ], [ -47.8433534, -15.8533207 ], [ -47.8447482, -15.8526831 ], [ -47.8470576, -15.8516097 ], [ -47.8474016, -15.8514466 ], [ -47.8475109, -15.8513859 ], [ -47.8475706, -15.8513452 ], [ -47.8476307, -15.8513074 ] ], [ [ -47.8337679, -15.8576757 ], [ -47.8340636, -15.857608 ], [ -47.8342896, -15.8575377 ], [ -47.8345203, -15.8574499 ], [ -47.835162, -15.8571565 ], [ -47.8361759, -15.8566843 ], [ -47.8368974, -15.8563502 ], [ -47.8371797, -15.8562141 ], [ -47.8375096, -15.8560598 ], [ -47.8376463, -15.8559986 ], [ -47.8389532, -15.8553972 ], [ -47.8402416, -15.8547749 ], [ -47.8410275, -15.8544072 ], [ -47.8418481, -15.8540267 ], [ -47.8420445, -15.8539339 ] ], [ [ -47.8337679, -15.8576757 ], [ -47.8338152, -15.8577099 ], [ -47.8338601, -15.8577431 ], [ -47.8339044, -15.8578025 ], [ -47.8339258, -15.8578776 ], [ -47.8339231, -15.857956 ], [ -47.8339013, -15.8580524 ] ], [ [ -47.8477326, -15.8515401 ], [ -47.8475414, -15.85159 ], [ -47.8471531, -15.8517263 ], [ -47.8468681, -15.8518523 ], [ -47.8466628, -15.8519511 ], [ -47.8461996, -15.8521576 ], [ -47.8459056, -15.8522942 ], [ -47.8455341, -15.8524643 ], [ -47.8454999, -15.8524805 ], [ -47.8448492, -15.8527883 ], [ -47.8444346, -15.8529862 ], [ -47.843525, -15.8534144 ], [ -47.8434258, -15.8534611 ], [ -47.8433409, -15.8535029 ], [ -47.8431647, -15.8535847 ], [ -47.8427745, -15.8537659 ], [ -47.8426445, -15.853827 ], [ -47.8422783, -15.8539992 ], [ -47.8420205, -15.8541204 ], [ -47.841259, -15.8544784 ], [ -47.8411097, -15.8545486 ], [ -47.8404452, -15.8548499 ], [ -47.8397261, -15.8551894 ], [ -47.8390316, -15.8555177 ], [ -47.8378624, -15.8560692 ], [ -47.8360225, -15.8569371 ], [ -47.8346846, -15.8575506 ], [ -47.8343895, -15.8577092 ], [ -47.8341454, -15.8578692 ], [ -47.8339013, -15.8580524 ] ], [ [ -47.8339013, -15.8580524 ], [ -47.8337156, -15.8582259 ], [ -47.8335641, -15.8583078 ], [ -47.8334192, -15.8583756 ], [ -47.8333126, -15.8584007 ], [ -47.833206, -15.8584168 ], [ -47.8330779, -15.8584272 ] ], [ [ -47.8330779, -15.8584272 ], [ -47.8325916, -15.8585481 ], [ -47.832577, -15.8585517 ], [ -47.8323557, -15.8586271 ], [ -47.8321311, -15.8587232 ], [ -47.8308755, -15.8592884 ], [ -47.8291847, -15.8600907 ], [ -47.8290526, -15.8601521 ], [ -47.8283758, -15.8604688 ], [ -47.8240707, -15.8624818 ], [ -47.823941, -15.8625424 ], [ -47.8235077, -15.8627466 ], [ -47.8217652, -15.8635498 ] ], [ [ -47.8217652, -15.8635498 ], [ -47.8210745, -15.8638669 ], [ -47.8209679, -15.8639449 ], [ -47.8208782, -15.8640552 ], [ -47.820835, -15.8641388 ], [ -47.8207859, -15.8642907 ] ], [ [ -47.8206092, -15.8637096 ], [ -47.8206821, -15.8638305 ], [ -47.8207377, -15.8639545 ], [ -47.8207733, -15.8641221 ], [ -47.8207859, -15.8642907 ] ], [ [ -47.8207859, -15.8642907 ], [ -47.8208083, -15.8644086 ], [ -47.8208349, -15.8645606 ], [ -47.8209013, -15.8648062 ], [ -47.8209785, -15.8650606 ], [ -47.8211376, -15.8655694 ], [ -47.821304, -15.8661018 ], [ -47.8214288, -15.8665368 ], [ -47.8214394, -15.866748 ], [ -47.8216181, -15.8674631 ], [ -47.8218443, -15.8682212 ], [ -47.8219688, -15.8686254 ], [ -47.8221166, -15.8691053 ], [ -47.8222746, -15.8696182 ], [ -47.8227429, -15.8714523 ], [ -47.822972, -15.8726956 ], [ -47.8230666, -15.8732093 ], [ -47.8230934, -15.8734552 ], [ -47.8231358, -15.873844 ], [ -47.8232584, -15.8752527 ], [ -47.8233051, -15.8757535 ], [ -47.8233169, -15.8766623 ] ], [ [ -47.8233169, -15.8766623 ], [ -47.8232826, -15.8767095 ], [ -47.8232313, -15.8767391 ], [ -47.823172, -15.8767463 ], [ -47.8231048, -15.8767239 ], [ -47.8230777, -15.8767061 ] ], [ [ -47.821708, -15.8849162 ], [ -47.8218529, -15.8847098 ], [ -47.8219588, -15.8845305 ], [ -47.8220312, -15.8843744 ], [ -47.8221305, -15.8840829 ], [ -47.822361, -15.8830712 ], [ -47.822441, -15.8827203 ], [ -47.8225307, -15.8822462 ], [ -47.8226535, -15.8816747 ], [ -47.8226896, -15.8813941 ], [ -47.82288, -15.8799135 ], [ -47.8230173, -15.878345 ], [ -47.8230799, -15.8769311 ], [ -47.8230777, -15.8767061 ], [ -47.8230105, -15.8753402 ], [ -47.8230052, -15.8752327 ] ], [ [ -47.8230052, -15.8752327 ], [ -47.8229348, -15.8751816 ], [ -47.8228984, -15.8751566 ], [ -47.8228579, -15.8751388 ] ], [ [ -47.8228579, -15.8751388 ], [ -47.8228122, -15.875158 ], [ -47.8227695, -15.8751534 ] ], [ [ -47.8227695, -15.8751534 ], [ -47.8227276, -15.8751462 ], [ -47.8226971, -15.8751096 ], [ -47.8226823, -15.8750647 ], [ -47.8226813, -15.8750073 ], [ -47.8226934, -15.8749396 ], [ -47.8227331, -15.8749023 ], [ -47.822767, -15.8748912 ] ], [ [ -47.822767, -15.8748912 ], [ -47.8228084, -15.8748867 ], [ -47.8228574, -15.8749119 ] ], [ [ -47.8228574, -15.8749119 ], [ -47.8229679, -15.8747728 ] ], [ [ -47.8229679, -15.8747728 ], [ -47.8229256, -15.8743644 ], [ -47.8228771, -15.8738966 ], [ -47.8227931, -15.873267 ], [ -47.8225726, -15.87215 ], [ -47.8225631, -15.8720976 ], [ -47.8225452, -15.8720133 ] ], [ [ -47.8225452, -15.8720133 ], [ -47.8222555, -15.870657 ], [ -47.822233, -15.8705468 ], [ -47.8222016, -15.8704305 ], [ -47.822137, -15.8702032 ], [ -47.8219964, -15.869708 ], [ -47.8214796, -15.8678827 ], [ -47.8210924, -15.8665997 ], [ -47.8206926, -15.8652516 ], [ -47.8206295, -15.8650463 ], [ -47.8205506, -15.8648682 ], [ -47.8204572, -15.8647374 ], [ -47.820403, -15.8646616 ], [ -47.8202714, -15.8645217 ], [ -47.8201412, -15.8643445 ] ], [ [ -47.8201412, -15.8643445 ], [ -47.8200253, -15.8641732 ] ], [ [ -47.8200253, -15.8641732 ], [ -47.8199024, -15.8638945 ], [ -47.8198572, -15.8637131 ], [ -47.8196778, -15.8630531 ] ], [ [ -47.8196778, -15.8630531 ], [ -47.8196756, -15.8630362 ], [ -47.8192292, -15.8614877 ], [ -47.8191902, -15.8613498 ], [ -47.8191305, -15.8611545 ], [ -47.8190894, -15.86102 ], [ -47.8188608, -15.8602643 ], [ -47.8188438, -15.8602081 ], [ -47.8185399, -15.8592017 ], [ -47.8184881, -15.8590316 ], [ -47.817255, -15.8549814 ], [ -47.816644, -15.8529746 ] ], [ [ -47.816644, -15.8529746 ], [ -47.8164376, -15.8523185 ], [ -47.8161631, -15.851685 ], [ -47.816123, -15.8515721 ], [ -47.8158619, -15.8510738 ], [ -47.8154822, -15.8503331 ], [ -47.8150956, -15.8498782 ], [ -47.8149628, -15.8497708 ], [ -47.8148276, -15.8496376 ] ], [ [ -47.8227903, -15.8752979 ], [ -47.8227983, -15.8754907 ], [ -47.8228011, -15.8755904 ], [ -47.8228399, -15.8769613 ], [ -47.8228382, -15.8772209 ], [ -47.8228366, -15.8774624 ], [ -47.8227822, -15.8786382 ], [ -47.8226797, -15.8799162 ] ] ] } },
{ "type": "Feature", "properties": { "id_osm": 10745501, "nome": "Recife - Cuiabá", "ref": "11-0010" }, "geometry": { "type": "MultiLineString", "coordinates": [ [ [ -47.3379065, -15.5503245 ], [ -47.3378967, -15.5500789 ], [ -47.3378877, -15.5497417 ], [ -47.3378701, -15.5494615 ], [ -47.3378275, -15.548942 ], [ -47.3378209, -15.5487884 ] ], [ [ -47.3379029, -15.5504162 ], [ -47.3379065, -15.5503245 ] ], [ [ -47.3379733, -15.5504137 ], [ -47.3379029, -15.5504162 ] ], [ [ -47.3379098, -15.5487814 ], [ -47.337969, -15.5497342 ], [ -47.3379745, -15.5503271 ], [ -47.3379733, -15.5504137 ] ], [ [ -47.3378068, -15.5476362 ], [ -47.3378644, -15.5482828 ], [ -47.3379038, -15.5487024 ], [ -47.3379098, -15.5487814 ] ], [ [ -47.3377929, -15.5474659 ], [ -47.3378068, -15.5476362 ] ], [ [ -47.3309351, -15.5498269 ], [ -47.3314942, -15.5495803 ], [ -47.3321291, -15.5492957 ], [ -47.3321786, -15.549273 ], [ -47.3326706, -15.5490523 ], [ -47.3331789, -15.5488228 ], [ -47.3341029, -15.5484247 ], [ -47.3350418, -15.5482157 ], [ -47.3352034, -15.5481631 ], [ -47.3355823, -15.5480825 ], [ -47.3356923, -15.5480481 ], [ -47.3375605, -15.547529 ], [ -47.3377929, -15.5474659 ] ], [ [ -47.3308462, -15.5498671 ], [ -47.3309351, -15.5498269 ] ], [ [ -47.3213412, -15.5554847 ], [ -47.3214007, -15.5554021 ], [ -47.321562, -15.5550927 ], [ -47.3216192, -15.5550049 ], [ -47.322147, -15.5543154 ], [ -47.322317, -15.5541312 ], [ -47.3226035, -15.5538581 ], [ -47.3229645, -15.5535511 ], [ -47.3230124, -15.5535172 ], [ -47.3232488, -15.5533542 ], [ -47.3235199, -15.553188 ], [ -47.3237771, -15.5530465 ], [ -47.3241916, -15.5528377 ], [ -47.3244602, -15.5527121 ], [ -47.3246106, -15.5526418 ], [ -47.3252027, -15.5523756 ], [ -47.3258195, -15.5520885 ], [ -47.3264439, -15.5518196 ], [ -47.3270447, -15.5515486 ], [ -47.3276715, -15.5512747 ], [ -47.3279745, -15.5511503 ], [ -47.3283233, -15.5510019 ], [ -47.3289386, -15.550726 ], [ -47.3295715, -15.5504331 ], [ -47.330157, -15.5501734 ], [ -47.3308462, -15.5498671 ] ], [ [ -47.3213214, -15.5555064 ], [ -47.3213412, -15.5554847 ] ], [ [ -47.3201568, -15.5580373 ], [ -47.3203633, -15.5575781 ], [ -47.3203946, -15.5575084 ], [ -47.3209083, -15.556363 ], [ -47.3211874, -15.5557203 ], [ -47.3213214, -15.5555064 ] ], [ [ -47.3156964, -15.5626825 ], [ -47.3158364, -15.5627565 ], [ -47.3159386, -15.5627928 ], [ -47.3160361, -15.5628084 ], [ -47.3161424, -15.5627998 ], [ -47.3163149, -15.5627199 ], [ -47.3164797, -15.5626314 ], [ -47.3168046, -15.5624473 ], [ -47.3180513, -15.5617084 ], [ -47.3181303, -15.5616548 ], [ -47.3183521, -15.5614989 ], [ -47.3187072, -15.5611114 ], [ -47.3188268, -15.5609229 ], [ -47.3189279, -15.5607679 ], [ -47.3190168, -15.5605963 ], [ -47.3191542, -15.5603065 ], [ -47.3198576, -15.5587134 ], [ -47.320099, -15.5581667 ], [ -47.3201568, -15.5580373 ] ], [ [ -47.3125606, -15.5603899 ], [ -47.3129648, -15.5606206 ], [ -47.3130796, -15.5606901 ], [ -47.3133546, -15.5608351 ], [ -47.3136416, -15.5609591 ], [ -47.3139206, -15.5611323 ], [ -47.3141031, -15.5612678 ], [ -47.3143581, -15.5614988 ], [ -47.3144894, -15.5616153 ], [ -47.3154276, -15.5624482 ], [ -47.3156485, -15.5626408 ], [ -47.3156964, -15.5626825 ] ], [ [ -47.3125606, -15.5603899 ], [ -47.3123086, -15.5601601 ], [ -47.3118309, -15.5596954 ] ], [ [ -47.3118309, -15.5596954 ], [ -47.3109389, -15.5588635 ], [ -47.310766, -15.5587047 ], [ -47.3106049, -15.5585569 ], [ -47.3105635, -15.5585018 ], [ -47.3102362, -15.5582015 ] ], [ [ -47.3102362, -15.5582015 ], [ -47.308863, -15.5569786 ], [ -47.307483, -15.5557564 ], [ -47.3071155, -15.555405 ], [ -47.306693, -15.5549734 ], [ -47.306229, -15.5545703 ], [ -47.3052527, -15.5537305 ], [ -47.3050586, -15.5535545 ], [ -47.3046204, -15.5531653 ], [ -47.3044732, -15.5529397 ], [ -47.3043839, -15.5528154 ], [ -47.3040804, -15.5525022 ], [ -47.3039109, -15.5523455 ], [ -47.3036649, -15.5521133 ], [ -47.3035228, -15.5519671 ], [ -47.30336, -15.5517969 ], [ -47.3029983, -15.5513633 ] ], [ [ -47.3029983, -15.5513633 ], [ -47.3028605, -15.5512298 ] ], [ [ -47.3028605, -15.5512298 ], [ -47.302747, -15.5511293 ], [ -47.3026457, -15.5510514 ] ], [ [ -47.3026457, -15.5510514 ], [ -47.3026228, -15.5510379 ], [ -47.3025783, -15.5509984 ] ], [ [ -47.3025783, -15.5509984 ], [ -47.3024946, -15.5509253 ] ], [ [ -47.3024946, -15.5509253 ], [ -47.302374, -15.5508163 ], [ -47.3022811, -15.5507313 ], [ -47.3022168, -15.5506773 ], [ -47.3021663, -15.5506353 ], [ -47.3021281, -15.5506064 ], [ -47.3020211, -15.5505218 ], [ -47.3014298, -15.5500779 ], [ -47.3010969, -15.5497987 ], [ -47.300955, -15.5496682 ], [ -47.3004049, -15.5493332 ], [ -47.2999729, -15.548903 ] ], [ [ -47.2999729, -15.548903 ], [ -47.2990779, -15.5481349 ], [ -47.298915, -15.5480284 ], [ -47.2985034, -15.5477592 ], [ -47.2979107, -15.5474152 ], [ -47.2971427, -15.5471009 ], [ -47.2967085, -15.5469615 ], [ -47.2962483, -15.5468346 ], [ -47.2957476, -15.5467725 ], [ -47.2950397, -15.5467228 ], [ -47.2948615, -15.5467307 ], [ -47.2945502, -15.5467445 ], [ -47.2940334, -15.5467914 ], [ -47.2935466, -15.5468745 ], [ -47.2930444, -15.547011 ], [ -47.2918968, -15.547492 ], [ -47.2901966, -15.5482047 ], [ -47.2899113, -15.5483243 ], [ -47.2894527, -15.5485165 ], [ -47.2891418, -15.5485919 ], [ -47.2886653, -15.5486505 ], [ -47.2882277, -15.5487026 ], [ -47.287927, -15.5487774 ], [ -47.2876346, -15.5489012 ], [ -47.2873947, -15.549046 ], [ -47.2871598, -15.5492723 ], [ -47.2870525, -15.5494009 ], [ -47.2869334, -15.5495067 ], [ -47.2866972, -15.5496517 ], [ -47.2861738, -15.5499133 ], [ -47.2848926, -15.5504664 ], [ -47.2844164, -15.550616 ], [ -47.2836398, -15.5506978 ], [ -47.2834452, -15.550761 ], [ -47.283292, -15.5508281 ], [ -47.2830319, -15.5509915 ], [ -47.2828907, -15.551125 ], [ -47.2826082, -15.5513946 ], [ -47.2811253, -15.5520565 ], [ -47.2798328, -15.5525952 ], [ -47.278611, -15.5531504 ], [ -47.2783515, -15.5532544 ] ], [ [ -47.2783515, -15.5532544 ], [ -47.2782388, -15.5533106 ] ], [ [ -47.2782388, -15.5533106 ], [ -47.2670849, -15.5580406 ] ], [ [ -47.2670849, -15.5580406 ], [ -47.2664097, -15.5583413 ], [ -47.2657096, -15.558653 ] ], [ [ -47.2657096, -15.558653 ], [ -47.2653444, -15.5588274 ] ], [ [ -47.2653444, -15.5588274 ], [ -47.2648134, -15.5590544 ] ], [ [ -47.2648134, -15.5590544 ], [ -47.2645311, -15.5591423 ] ], [ [ -47.2319264, -15.5676348 ], [ -47.2360304, -15.5689246 ], [ -47.2372809, -15.5692512 ], [ -47.2377181, -15.5693463 ], [ -47.2381395, -15.5693986 ], [ -47.2389357, -15.5694666 ], [ -47.239701, -15.5694126 ], [ -47.2401837, -15.5693424 ], [ -47.2406486, -15.5692215 ], [ -47.2416958, -15.568847 ], [ -47.2466287, -15.5667391 ], [ -47.2468717, -15.5666244 ], [ -47.2491915, -15.5656433 ], [ -47.2559068, -15.562826 ], [ -47.2576529, -15.562056 ], [ -47.2607085, -15.5607778 ], [ -47.2609916, -15.5606594 ], [ -47.2614301, -15.5604759 ], [ -47.2617204, -15.5603545 ], [ -47.2645311, -15.5591423 ] ], [ [ -47.2246331, -15.5653942 ], [ -47.2258394, -15.565761 ], [ -47.2265437, -15.5659911 ], [ -47.2277627, -15.5663312 ], [ -47.2284663, -15.5665464 ], [ -47.2303595, -15.5671335 ], [ -47.2306554, -15.5672272 ], [ -47.2319264, -15.5676348 ] ], [ [ -47.1678763, -15.5479079 ], [ -47.1682367, -15.5480219 ], [ -47.1697026, -15.5484857 ], [ -47.170272, -15.5486659 ], [ -47.1731712, -15.5495832 ], [ -47.1811496, -15.5520387 ], [ -47.1938705, -15.555905 ], [ -47.1940806, -15.5559695 ], [ -47.1978459, -15.557126 ], [ -47.19802, -15.5571795 ], [ -47.1982317, -15.5572433 ], [ -47.1985885, -15.5573541 ], [ -47.1988193, -15.557425 ], [ -47.2022238, -15.5584811 ], [ -47.2100354, -15.5609043 ], [ -47.2143603, -15.5622124 ], [ -47.2151335, -15.5624655 ], [ -47.2167958, -15.5629897 ], [ -47.2193693, -15.5637765 ], [ -47.2244205, -15.5653289 ], [ -47.2246331, -15.5653942 ] ], [ [ -47.3379024, -15.5506047 ], [ -47.3379029, -15.5504162 ] ], [ [ -47.3379029, -15.5504162 ], [ -47.3378333, -15.5504156 ] ], [ [ -47.3378333, -15.5504156 ], [ -47.3375666, -15.5504224 ], [ -47.3373093, -15.5504236 ], [ -47.3373199, -15.5510205 ], [ -47.337346, -15.551115 ] ], [ [ -47.337346, -15.551115 ], [ -47.3374233, -15.5511545 ], [ -47.3379028, -15.5511867 ] ], [ [ -47.3341289, -15.5498716 ], [ -47.3336495, -15.5500673 ], [ -47.3334401, -15.5501655 ], [ -47.3332836, -15.5502459 ], [ -47.3331429, -15.5502992 ], [ -47.3326589, -15.550517 ], [ -47.3323087, -15.5506688 ], [ -47.3318283, -15.5508836 ], [ -47.3315104, -15.551043 ] ], [ [ -47.3315104, -15.551043 ], [ -47.3314211, -15.5510809 ] ], [ [ -47.3314211, -15.5510809 ], [ -47.330744, -15.5513656 ], [ -47.330141, -15.5516431 ], [ -47.3298449, -15.5517747 ], [ -47.3295333, -15.5519131 ], [ -47.3290338, -15.5521383 ], [ -47.3289328, -15.5521838 ], [ -47.3286812, -15.5522974 ], [ -47.3282641, -15.5524858 ], [ -47.3276287, -15.5527783 ], [ -47.3273157, -15.5529175 ], [ -47.3270309, -15.5530408 ], [ -47.326425, -15.5533176 ], [ -47.3261197, -15.5534554 ], [ -47.3258069, -15.5535966 ], [ -47.3251858, -15.5538734 ], [ -47.324759, -15.5540687 ], [ -47.3243776, -15.5542432 ], [ -47.3235681, -15.5546157 ], [ -47.3234465, -15.5546685 ], [ -47.3227529, -15.5549876 ], [ -47.3224546, -15.5551097 ], [ -47.3221547, -15.5552451 ], [ -47.3214818, -15.5555758 ] ], [ [ -47.3214818, -15.5555758 ], [ -47.321471, -15.555598 ] ], [ [ -47.321471, -15.555598 ], [ -47.3214327, -15.5556292 ] ], [ [ -47.3214327, -15.5556292 ], [ -47.3212864, -15.5558349 ], [ -47.3206911, -15.5571498 ], [ -47.3206398, -15.5572631 ], [ -47.3205093, -15.5575513 ], [ -47.3204753, -15.5576265 ], [ -47.3202724, -15.5580944 ], [ -47.3202138, -15.5582153 ], [ -47.3201659, -15.5583133 ], [ -47.3194554, -15.5598844 ], [ -47.3191113, -15.5606419 ], [ -47.3190252, -15.5608189 ], [ -47.3188823, -15.5610643 ], [ -47.3187618, -15.5612483 ], [ -47.3186057, -15.5614487 ], [ -47.3182474, -15.5617287 ], [ -47.3181969, -15.5617618 ], [ -47.3177112, -15.5620481 ], [ -47.3168663, -15.5625399 ], [ -47.3166255, -15.562726 ], [ -47.3165063, -15.562898 ], [ -47.316467, -15.5629916 ], [ -47.3164609, -15.5631386 ], [ -47.3164884, -15.5632306 ], [ -47.3165797, -15.5633982 ], [ -47.3167581, -15.5636577 ] ], [ [ -47.3167581, -15.5636577 ], [ -47.3169643, -15.5638499 ], [ -47.3170023, -15.5638853 ], [ -47.3172392, -15.564106 ] ], [ [ -47.3172392, -15.564106 ], [ -47.3174545, -15.5642964 ] ], [ [ -47.3174545, -15.5642964 ], [ -47.3177722, -15.5646101 ], [ -47.3179734, -15.564884 ], [ -47.3182383, -15.5653035 ], [ -47.3183274, -15.5654447 ], [ -47.3187535, -15.5659782 ] ], [ [ -47.3206804, -15.5677141 ], [ -47.3201007, -15.5671895 ], [ -47.3200616, -15.5671541 ], [ -47.3190994, -15.5662856 ], [ -47.318921, -15.566132 ], [ -47.3187535, -15.5659782 ] ], [ [ -47.3206804, -15.5677141 ], [ -47.3207214, -15.5677307 ], [ -47.3210523, -15.5678644 ], [ -47.3213889, -15.5680779 ] ], [ [ -47.3213889, -15.5680779 ], [ -47.3224215, -15.5690234 ], [ -47.3237965, -15.5702607 ], [ -47.3250548, -15.5714018 ], [ -47.3251334, -15.5714814 ], [ -47.3264413, -15.5726912 ], [ -47.3270952, -15.573272 ], [ -47.3273635, -15.5737298 ] ], [ [ -47.3311261, -15.5771804 ], [ -47.3300862, -15.5761809 ], [ -47.3292509, -15.575427 ], [ -47.3291083, -15.5752949 ], [ -47.3281517, -15.5744343 ], [ -47.3276101, -15.5739816 ], [ -47.3273635, -15.5737298 ] ], [ [ -47.3399137, -15.5805426 ], [ -47.3397794, -15.5804524 ], [ -47.3396869, -15.5804007 ], [ -47.3395488, -15.5803568 ], [ -47.3392913, -15.5803141 ], [ -47.3388541, -15.5802715 ], [ -47.3382908, -15.5802224 ], [ -47.3376954, -15.5801707 ], [ -47.3372018, -15.5800803 ], [ -47.3348199, -15.5795338 ], [ -47.3344591, -15.5794272 ], [ -47.334165, -15.5793287 ], [ -47.3335618, -15.5790603 ], [ -47.3334548, -15.578997 ], [ -47.332998, -15.578727 ], [ -47.3326922, -15.5785083 ], [ -47.3324428, -15.57833 ], [ -47.3318403, -15.5777963 ], [ -47.3316674, -15.5776413 ], [ -47.3315883, -15.5775612 ], [ -47.3311261, -15.5771804 ] ], [ [ -47.3399137, -15.5805426 ], [ -47.3400687, -15.5806402 ], [ -47.3401634, -15.5806885 ] ], [ [ -47.3401634, -15.5806885 ], [ -47.3405929, -15.5807686 ], [ -47.3410345, -15.5808663 ], [ -47.343413, -15.5815021 ] ], [ [ -47.343413, -15.5815021 ], [ -47.3436467, -15.5815632 ] ], [ [ -47.3436467, -15.5815632 ], [ -47.3440119, -15.5816473 ], [ -47.3505064, -15.5831424 ], [ -47.3508697, -15.5832059 ], [ -47.3516419, -15.5832779 ] ], [ [ -47.3516419, -15.5832779 ], [ -47.3522835, -15.5833883 ], [ -47.3529095, -15.5835869 ] ], [ [ -47.3529095, -15.5835869 ], [ -47.3535951, -15.5838455 ], [ -47.353926, -15.5839354 ], [ -47.354236, -15.5840092 ], [ -47.3548026, -15.5841537 ], [ -47.3554103, -15.584331 ], [ -47.3561592, -15.5845887 ], [ -47.3569198, -15.5848989 ], [ -47.3575857, -15.5852019 ], [ -47.3583023, -15.5855615 ], [ -47.3585756, -15.5856883 ], [ -47.3588291, -15.5857934 ], [ -47.3591533, -15.5858802 ], [ -47.3594423, -15.5859233 ], [ -47.3597455, -15.5859355 ], [ -47.360117, -15.5859211 ], [ -47.3604305, -15.5858548 ], [ -47.3607696, -15.5857526 ], [ -47.3610831, -15.5856141 ], [ -47.361457, -15.5854348 ], [ -47.3621971, -15.5850745 ], [ -47.3635917, -15.5844162 ], [ -47.3645798, -15.5839941 ], [ -47.3785544, -15.5787023 ], [ -47.3792941, -15.5784475 ], [ -47.3802733, -15.578213 ], [ -47.3803486, -15.5781999 ], [ -47.3809044, -15.5781028 ], [ -47.3814846, -15.5780424 ], [ -47.3820003, -15.5780165 ], [ -47.3825118, -15.5780097 ], [ -47.3831943, -15.5780483 ], [ -47.3852013, -15.5782301 ], [ -47.385417, -15.5782529 ], [ -47.3855962, -15.5782719 ], [ -47.3859283, -15.5782975 ], [ -47.3861222, -15.5783154 ], [ -47.3867257, -15.5783637 ], [ -47.3881804, -15.5784647 ], [ -47.4011832, -15.5795408 ], [ -47.4037598, -15.5797485 ], [ -47.4082245, -15.580114 ], [ -47.4273226, -15.5816772 ], [ -47.4298397, -15.5818934 ], [ -47.4316531, -15.5820281 ], [ -47.447146, -15.5832724 ], [ -47.4479692, -15.583275 ], [ -47.4487382, -15.583239 ], [ -47.4494237, -15.5831506 ], [ -47.4500484, -15.5830418 ], [ -47.4505843, -15.5829151 ], [ -47.4510752, -15.5827623 ], [ -47.4555289, -15.5812208 ], [ -47.4590663, -15.5799759 ], [ -47.469281, -15.5763756 ], [ -47.4714575, -15.5756085 ], [ -47.4719741, -15.5754497 ], [ -47.4726699, -15.5752786 ], [ -47.4732715, -15.5751671 ], [ -47.4740103, -15.5750692 ], [ -47.4746195, -15.5750305 ], [ -47.4751919, -15.5750353 ], [ -47.4759267, -15.5750666 ], [ -47.4765151, -15.5751326 ], [ -47.4772598, -15.5752625 ], [ -47.4846362, -15.5768402 ], [ -47.4918383, -15.5783806 ], [ -47.4956292, -15.5791915 ], [ -47.4959324, -15.5792563 ] ], [ [ -47.4959324, -15.5792563 ], [ -47.4968125, -15.5794421 ], [ -47.4973292, -15.5795529 ], [ -47.4984714, -15.5797889 ] ], [ [ -47.4984714, -15.5797889 ], [ -47.5018392, -15.5804921 ], [ -47.505709, -15.5813001 ] ], [ [ -47.505709, -15.5813001 ], [ -47.5059462, -15.5813531 ] ], [ [ -47.5059462, -15.5813531 ], [ -47.5067395, -15.581493 ], [ -47.5072214, -15.5815546 ], [ -47.5077268, -15.5815614 ], [ -47.5207487, -15.5816117 ], [ -47.5252544, -15.5816291 ], [ -47.5290344, -15.5816333 ], [ -47.5317914, -15.5816311 ] ], [ [ -47.5317914, -15.5816311 ], [ -47.5328529, -15.5816376 ], [ -47.5345373, -15.581646 ] ], [ [ -47.5345373, -15.581646 ], [ -47.5348096, -15.5816435 ], [ -47.5366672, -15.5816457 ] ], [ [ -47.5366672, -15.5816457 ], [ -47.5392258, -15.5816534 ], [ -47.5410015, -15.5816587 ], [ -47.5425629, -15.5816634 ], [ -47.5431647, -15.5816708 ], [ -47.546907, -15.581677 ], [ -47.5534189, -15.5816992 ], [ -47.5541148, -15.5817092 ], [ -47.5565007, -15.5817101 ], [ -47.5574149, -15.5818246 ], [ -47.5580584, -15.5819236 ], [ -47.5586966, -15.5820568 ], [ -47.5697828, -15.5852366 ], [ -47.5715827, -15.5857744 ] ], [ [ -47.5715827, -15.5857744 ], [ -47.5719, -15.585861 ] ], [ [ -47.5719, -15.585861 ], [ -47.5734175, -15.5863189 ] ], [ [ -47.5734175, -15.5863189 ], [ -47.5771809, -15.587385 ], [ -47.6069668, -15.595983 ], [ -47.6109381, -15.5971748 ], [ -47.6133382, -15.5978313 ], [ -47.6139852, -15.5980291 ], [ -47.6145329, -15.5981535 ], [ -47.6152879, -15.5982568 ], [ -47.6158478, -15.5983024 ], [ -47.616498, -15.5983217 ], [ -47.6173597, -15.5982846 ], [ -47.620509, -15.5980017 ], [ -47.6218489, -15.5978814 ], [ -47.6367311, -15.5965448 ], [ -47.6371432, -15.5965078 ], [ -47.6431478, -15.5959685 ], [ -47.6434615, -15.5959403 ], [ -47.6488468, -15.5954566 ], [ -47.6497892, -15.5953698 ], [ -47.6504833, -15.5953096 ], [ -47.6507837, -15.5952898 ], [ -47.6510801, -15.595303 ], [ -47.651389, -15.5953493 ], [ -47.6518233, -15.5954687 ], [ -47.651953, -15.5955116 ], [ -47.6522619, -15.5956137 ], [ -47.6527085, -15.5956886 ], [ -47.6530479, -15.5956968 ], [ -47.6535563, -15.5956561 ] ], [ [ -47.6535563, -15.5956561 ], [ -47.6539371, -15.5956176 ] ], [ [ -47.6539371, -15.5956176 ], [ -47.6541537, -15.5955995 ], [ -47.6545593, -15.5955635 ], [ -47.6549981, -15.5954789 ], [ -47.6552909, -15.595378 ], [ -47.6561879, -15.594926 ], [ -47.6564554, -15.5948389 ], [ -47.6568556, -15.5947325 ], [ -47.6598394, -15.5944553 ], [ -47.660837, -15.594402 ], [ -47.663207, -15.594399 ], [ -47.664669, -15.594507 ], [ -47.6660246, -15.5946671 ], [ -47.6665154, -15.5947382 ], [ -47.6677412, -15.5949836 ], [ -47.669524, -15.595446 ], [ -47.671283, -15.595998 ], [ -47.6722983, -15.5963851 ], [ -47.6733207, -15.5968155 ] ], [ [ -47.6733207, -15.5968155 ], [ -47.6733824, -15.596842 ], [ -47.6734505, -15.5968704 ] ], [ [ -47.6734505, -15.5968704 ], [ -47.6737697, -15.5970186 ], [ -47.675075, -15.597688 ], [ -47.675967, -15.598215 ], [ -47.6763906, -15.5984471 ], [ -47.6772474, -15.5989409 ], [ -47.678951, -15.599842 ], [ -47.679902, -15.6003718 ], [ -47.6805676, -15.6007426 ], [ -47.6808369, -15.6008926 ], [ -47.6812968, -15.6011488 ], [ -47.682227, -15.601667 ], [ -47.6824344, -15.6017832 ], [ -47.6855335, -15.6035187 ], [ -47.6860143, -15.6037879 ], [ -47.6870577, -15.6043722 ], [ -47.6913433, -15.6067768 ] ], [ [ -47.6913433, -15.6067768 ], [ -47.6915485, -15.6068956 ] ], [ [ -47.6915485, -15.6068956 ], [ -47.6937532, -15.6081059 ], [ -47.6948104, -15.608696 ], [ -47.6953353, -15.6089887 ], [ -47.6979701, -15.6104583 ], [ -47.6994047, -15.6112536 ] ], [ [ -47.6994047, -15.6112536 ], [ -47.6999398, -15.6115568 ], [ -47.700963, -15.6121306 ] ], [ [ -47.700963, -15.6121306 ], [ -47.7020966, -15.6127597 ], [ -47.7023157, -15.6128838 ] ], [ [ -47.7023157, -15.6128838 ], [ -47.704414, -15.614053 ], [ -47.70514, -15.614462 ], [ -47.7081324, -15.6161234 ] ], [ [ -47.7081324, -15.6161234 ], [ -47.7083877, -15.6162747 ], [ -47.7149378, -15.6199315 ], [ -47.7155868, -15.6202938 ], [ -47.7175847, -15.621425 ] ], [ [ -47.7175847, -15.621425 ], [ -47.7188861, -15.6221356 ], [ -47.7194988, -15.6224747 ] ], [ [ -47.7194988, -15.6224747 ], [ -47.7207215, -15.6231514 ], [ -47.7211448, -15.6234148 ], [ -47.722794, -15.6243792 ], [ -47.7229019, -15.6244314 ] ], [ [ -47.7229019, -15.6244314 ], [ -47.7232546, -15.6246142 ], [ -47.7235553, -15.6247391 ], [ -47.7238779, -15.6249094 ], [ -47.7241836, -15.6250842 ], [ -47.72449, -15.6252595 ], [ -47.7250921, -15.6256038 ], [ -47.7268897, -15.6266129 ], [ -47.7284832, -15.6275038 ] ], [ [ -47.7284832, -15.6275038 ], [ -47.73073, -15.6287599 ] ], [ [ -47.73073, -15.6287599 ], [ -47.7350968, -15.6311941 ], [ -47.7418985, -15.6350235 ], [ -47.7433151, -15.635797 ], [ -47.7444007, -15.6363491 ], [ -47.7452141, -15.6367346 ] ], [ [ -47.7452141, -15.6367346 ], [ -47.7453015, -15.6367775 ], [ -47.7468605, -15.6374852 ] ], [ [ -47.7468605, -15.6374852 ], [ -47.7475369, -15.6377923 ], [ -47.7487218, -15.6383425 ], [ -47.7492477, -15.6385952 ], [ -47.7498143, -15.6388675 ] ], [ [ -47.7498143, -15.6388675 ], [ -47.7501922, -15.6390537 ], [ -47.7512428, -15.6395149 ], [ -47.7519669, -15.6398482 ], [ -47.7525538, -15.6401184 ], [ -47.7528802, -15.6402687 ], [ -47.7531913, -15.6404119 ], [ -47.7536908, -15.6406384 ], [ -47.7546789, -15.6411042 ], [ -47.7547064, -15.6411172 ], [ -47.7564951, -15.6419278 ], [ -47.7570745, -15.6421904 ], [ -47.7573127, -15.6423024 ], [ -47.7583375, -15.6427797 ], [ -47.759098, -15.6431339 ], [ -47.7599909, -15.6435459 ], [ -47.7609427, -15.6439851 ], [ -47.7627605, -15.644849 ], [ -47.7629847, -15.6449518 ], [ -47.7634661, -15.6451494 ], [ -47.7653341, -15.6460113 ], [ -47.7653679, -15.6460265 ], [ -47.7659009, -15.6462663 ], [ -47.7660133, -15.6463219 ], [ -47.7664876, -15.6465564 ] ], [ [ -47.7664876, -15.6465564 ], [ -47.7667402, -15.6466813 ], [ -47.7700457, -15.6481967 ], [ -47.7705824, -15.6484358 ], [ -47.7706031, -15.648446 ], [ -47.7713643, -15.6488289 ], [ -47.7716311, -15.648953 ] ], [ [ -47.7716311, -15.648953 ], [ -47.772765, -15.6494804 ], [ -47.7729405, -15.6495506 ], [ -47.7732717, -15.649683 ], [ -47.7741176, -15.6500783 ], [ -47.7759828, -15.6509605 ], [ -47.7777277, -15.6517522 ], [ -47.7780202, -15.6518552 ], [ -47.7780645, -15.6518688 ], [ -47.7787739, -15.652087 ] ], [ [ -47.7787739, -15.652087 ], [ -47.7799869, -15.6523718 ], [ -47.780343, -15.6524906 ], [ -47.7807806, -15.6526827 ] ], [ [ -47.7807806, -15.6526827 ], [ -47.7817175, -15.6530955 ], [ -47.781992, -15.6532344 ], [ -47.7822963, -15.6533758 ], [ -47.7826361, -15.65353 ], [ -47.7827842, -15.6535972 ], [ -47.7828992, -15.6536494 ], [ -47.7831351, -15.6537565 ], [ -47.7833976, -15.6538757 ], [ -47.7835333, -15.6539372 ], [ -47.7844405, -15.6543491 ], [ -47.7855954, -15.6548925 ], [ -47.7859488, -15.6550707 ], [ -47.7862164, -15.6552257 ], [ -47.7865709, -15.6554719 ], [ -47.7872637, -15.6559979 ] ], [ [ -47.7872637, -15.6559979 ], [ -47.7879277, -15.6564338 ], [ -47.788045, -15.6564932 ], [ -47.7882092, -15.6565848 ], [ -47.7886082, -15.6567747 ], [ -47.7896426, -15.6572451 ], [ -47.7923137, -15.6584934 ], [ -47.7934724, -15.6590258 ], [ -47.7945507, -15.6595239 ], [ -47.7956074, -15.6600075 ], [ -47.7961124, -15.6602477 ], [ -47.7970424, -15.6606758 ], [ -47.7977251, -15.6609805 ], [ -47.7985391, -15.6613615 ], [ -47.7986754, -15.6614227 ], [ -47.8011196, -15.6625201 ], [ -47.8016892, -15.66274 ], [ -47.8017301, -15.6627547 ], [ -47.8020048, -15.6628534 ], [ -47.802196, -15.6629221 ], [ -47.8032198, -15.6632697 ], [ -47.8035297, -15.6634133 ], [ -47.8036827, -15.6634809 ], [ -47.80469, -15.6639653 ] ], [ [ -47.80469, -15.6639653 ], [ -47.8050559, -15.664139 ] ], [ [ -47.8050559, -15.664139 ], [ -47.8062206, -15.664741 ], [ -47.806627, -15.6649678 ] ], [ [ -47.806627, -15.6649678 ], [ -47.8068674, -15.665125 ], [ -47.8070241, -15.6652223 ], [ -47.8075218, -15.6655014 ], [ -47.8080147, -15.6657452 ], [ -47.8089655, -15.6661784 ] ], [ [ -47.8089655, -15.6661784 ], [ -47.8092779, -15.6663266 ] ], [ [ -47.8092779, -15.6663266 ], [ -47.8106917, -15.6669789 ], [ -47.8115505, -15.6673786 ], [ -47.8124009, -15.6678156 ], [ -47.8135211, -15.6684823 ], [ -47.8140213, -15.668806 ], [ -47.8143601, -15.6690408 ], [ -47.8154464, -15.6697981 ], [ -47.8160325, -15.6702023 ], [ -47.8163957, -15.6704278 ] ], [ [ -47.8163957, -15.6704278 ], [ -47.8166792, -15.6706185 ] ], [ [ -47.8166792, -15.6706185 ], [ -47.8174963, -15.6711894 ], [ -47.8184102, -15.671826 ], [ -47.8189031, -15.6721818 ], [ -47.8193557, -15.6724813 ], [ -47.819463, -15.6725543 ], [ -47.8199646, -15.6728971 ], [ -47.8209845, -15.6735763 ], [ -47.8224651, -15.6746048 ], [ -47.8233381, -15.6752033 ], [ -47.8236969, -15.6754563 ], [ -47.8241252, -15.6757401 ], [ -47.8242474, -15.6758179 ], [ -47.8244851, -15.6759799 ], [ -47.8249656, -15.6762905 ], [ -47.8251352, -15.6764067 ], [ -47.8254175, -15.6766126 ], [ -47.8261397, -15.6771123 ], [ -47.8265628, -15.6774222 ], [ -47.827108, -15.6778328 ], [ -47.8272917, -15.6779548 ], [ -47.8274714, -15.6780614 ], [ -47.8279046, -15.6783009 ], [ -47.8282982, -15.6784842 ], [ -47.8287435, -15.6786605 ], [ -47.8292135, -15.6788535 ], [ -47.8314349, -15.67961 ], [ -47.8338772, -15.6803752 ], [ -47.8349018, -15.680729 ], [ -47.8372528, -15.681463 ] ], [ [ -47.8372528, -15.681463 ], [ -47.8375986, -15.6815691 ] ], [ [ -47.8375986, -15.6815691 ], [ -47.8386663, -15.681916 ], [ -47.8395273, -15.6822068 ], [ -47.8412063, -15.6827523 ], [ -47.8435553, -15.6834811 ], [ -47.8461047, -15.6843133 ], [ -47.848278, -15.6850041 ], [ -47.8497771, -15.685472 ], [ -47.8513859, -15.6859773 ], [ -47.8544952, -15.6869883 ], [ -47.8549656, -15.687136 ], [ -47.8551325, -15.6871972 ], [ -47.8554811, -15.6872894 ], [ -47.8556177, -15.6873235 ], [ -47.858111, -15.6877826 ], [ -47.8586313, -15.6878928 ], [ -47.8589921, -15.6879828 ] ], [ [ -47.8589921, -15.6879828 ], [ -47.8590134, -15.6879871 ], [ -47.8590578, -15.6879971 ], [ -47.8591062, -15.68801 ] ], [ [ -47.8596387, -15.6881703 ], [ -47.8596935, -15.6881874 ], [ -47.8600167, -15.6883185 ], [ -47.8604116, -15.6885121 ], [ -47.8606976, -15.6886825 ], [ -47.8614329, -15.6892136 ], [ -47.8617165, -15.6894004 ], [ -47.8619358, -15.6895289 ], [ -47.8621383, -15.6896303 ], [ -47.8626023, -15.6898407 ], [ -47.8631347, -15.6900809 ] ], [ [ -47.8591062, -15.68801 ], [ -47.8592938, -15.6880635 ], [ -47.8596387, -15.6881703 ] ], [ [ -47.8631347, -15.6900809 ], [ -47.8633869, -15.6902087 ], [ -47.864276, -15.6906696 ], [ -47.8650029, -15.6910015 ], [ -47.8660004, -15.691445 ], [ -47.8667946, -15.6918281 ], [ -47.8672383, -15.6920421 ], [ -47.8692305, -15.6930032 ], [ -47.8697948, -15.6932754 ], [ -47.870269, -15.693504 ], [ -47.8702976, -15.6935178 ], [ -47.8705823, -15.6936553 ] ], [ [ -47.8705823, -15.6936553 ], [ -47.8711022, -15.6939103 ] ], [ [ -47.8711022, -15.6939103 ], [ -47.8714366, -15.694071 ], [ -47.8726777, -15.694722 ], [ -47.873252, -15.6950233 ] ], [ [ -47.873252, -15.6950233 ], [ -47.8735859, -15.6952013 ] ], [ [ -47.8735859, -15.6952013 ], [ -47.8739182, -15.6953807 ], [ -47.8783337, -15.697706 ], [ -47.8785836, -15.6978376 ], [ -47.8826625, -15.6999764 ], [ -47.8827899, -15.7000518 ], [ -47.8834333, -15.7004327 ], [ -47.8835879, -15.700531 ], [ -47.8841118, -15.700864 ], [ -47.8864204, -15.7026108 ], [ -47.8879059, -15.7037348 ], [ -47.8919509, -15.7067954 ] ], [ [ -47.8919509, -15.7067954 ], [ -47.8920616, -15.7068824 ], [ -47.8922324, -15.7070165 ] ], [ [ -47.8922324, -15.7070165 ], [ -47.8926786, -15.7073901 ], [ -47.894867, -15.7090766 ], [ -47.8962278, -15.7101415 ] ], [ [ -47.8962278, -15.7101415 ], [ -47.8971873, -15.710899 ] ], [ [ -47.8971873, -15.710899 ], [ -47.897521, -15.7111625 ], [ -47.8982538, -15.7117117 ], [ -47.8989154, -15.7121786 ], [ -47.8995031, -15.712611 ], [ -47.8997016, -15.7127578 ], [ -47.8998961, -15.7129229 ], [ -47.9001667, -15.7131842 ], [ -47.9003402, -15.713391 ], [ -47.900496, -15.7136002 ], [ -47.9008357, -15.7141502 ], [ -47.9012248, -15.7148201 ], [ -47.9019264, -15.7158769 ], [ -47.902126, -15.7161355 ], [ -47.9028449, -15.7170825 ], [ -47.9031407, -15.7174568 ] ], [ [ -47.9031407, -15.7174568 ], [ -47.9037582, -15.718512 ] ], [ [ -47.9037582, -15.718512 ], [ -47.9057768, -15.721846 ] ], [ [ -47.9057768, -15.721846 ], [ -47.9066401, -15.7232157 ] ], [ [ -47.9066401, -15.7232157 ], [ -47.9073835, -15.7243952 ] ], [ [ -47.9073835, -15.7243952 ], [ -47.9079385, -15.7252688 ] ], [ [ -47.9079385, -15.7252688 ], [ -47.9082898, -15.725865 ] ], [ [ -47.9082898, -15.725865 ], [ -47.9090056, -15.7270007 ] ], [ [ -47.9090056, -15.7270007 ], [ -47.9097538, -15.7282587 ] ], [ [ -47.9097538, -15.7282587 ], [ -47.9099609, -15.7285894 ] ], [ [ -47.9099609, -15.7285894 ], [ -47.9108249, -15.7299693 ] ], [ [ -47.9108249, -15.7299693 ], [ -47.9130876, -15.7335588 ] ], [ [ -47.9130876, -15.7335588 ], [ -47.9134004, -15.7340782 ] ], [ [ -47.9134004, -15.7340782 ], [ -47.9142996, -15.7355185 ] ], [ [ -47.9142996, -15.7355185 ], [ -47.9159856, -15.738211 ] ], [ [ -47.9159856, -15.738211 ], [ -47.9168196, -15.7395429 ] ], [ [ -47.9168196, -15.7395429 ], [ -47.9171235, -15.7400283 ] ], [ [ -47.9171235, -15.7400283 ], [ -47.9173669, -15.740417 ] ], [ [ -47.9173669, -15.740417 ], [ -47.9178189, -15.741139 ] ], [ [ -47.9178189, -15.741139 ], [ -47.9178744, -15.7412359 ], [ -47.918479, -15.7421883 ] ], [ [ -47.918479, -15.7421883 ], [ -47.9187548, -15.7426336 ], [ -47.9204967, -15.7454167 ], [ -47.9205394, -15.7454933 ] ], [ [ -47.9205394, -15.7454933 ], [ -47.9210547, -15.7463048 ] ], [ [ -47.9210547, -15.7463048 ], [ -47.921685, -15.7473054 ] ], [ [ -47.921685, -15.7473054 ], [ -47.9220701, -15.7479167 ] ], [ [ -47.9220701, -15.7479167 ], [ -47.9223847, -15.7484614 ] ], [ [ -47.9223847, -15.7484614 ], [ -47.9226419, -15.7488861 ], [ -47.9228732, -15.7492677 ] ], [ [ -47.9228732, -15.7492677 ], [ -47.9230714, -15.7495947 ] ], [ [ -47.9230714, -15.7495947 ], [ -47.9242609, -15.7514366 ] ], [ [ -47.9242609, -15.7514366 ], [ -47.9249284, -15.7525005 ] ], [ [ -47.9249284, -15.7525005 ], [ -47.9249477, -15.7525311 ], [ -47.9258559, -15.754022 ], [ -47.9260835, -15.7543956 ], [ -47.9263336, -15.7547964 ], [ -47.926683, -15.7553204 ] ], [ [ -47.926683, -15.7553204 ], [ -47.9276828, -15.7569325 ], [ -47.9278646, -15.7572294 ] ], [ [ -47.9278646, -15.7572294 ], [ -47.9280611, -15.7575378 ] ], [ [ -47.9280611, -15.7575378 ], [ -47.9281367, -15.7576656 ] ], [ [ -47.9281367, -15.7576656 ], [ -47.92928, -15.7594933 ] ], [ [ -47.92928, -15.7594933 ], [ -47.9294271, -15.7597332 ], [ -47.9306245, -15.7616384 ], [ -47.9309898, -15.7622447 ] ], [ [ -47.9309898, -15.7622447 ], [ -47.9318315, -15.7635712 ], [ -47.9323869, -15.76449 ] ], [ [ -47.9323869, -15.76449 ], [ -47.9328264, -15.7651746 ], [ -47.932891, -15.7652639 ] ], [ [ -47.932891, -15.7652639 ], [ -47.9338805, -15.766805 ], [ -47.9340689, -15.7671425 ], [ -47.9342948, -15.767547 ] ], [ [ -47.9342948, -15.767547 ], [ -47.9345939, -15.767996 ] ], [ [ -47.9345939, -15.767996 ], [ -47.9348919, -15.7685016 ] ], [ [ -47.9348919, -15.7685016 ], [ -47.9357314, -15.7698263 ] ], [ [ -47.9357314, -15.7698263 ], [ -47.9362049, -15.770612 ] ], [ [ -47.9362049, -15.770612 ], [ -47.9364925, -15.7711724 ] ], [ [ -47.9364925, -15.7711724 ], [ -47.9368556, -15.7720306 ] ], [ [ -47.9368556, -15.7720306 ], [ -47.9370126, -15.7723852 ], [ -47.9370567, -15.7725114 ] ], [ [ -47.9370567, -15.7725114 ], [ -47.937318, -15.7731619 ] ], [ [ -47.937318, -15.7731619 ], [ -47.9377357, -15.7742041 ] ], [ [ -47.9377357, -15.7742041 ], [ -47.9379879, -15.7750108 ], [ -47.9381119, -15.775394 ], [ -47.9382473, -15.7758095 ], [ -47.9384272, -15.7763816 ] ], [ [ -47.9384272, -15.7763816 ], [ -47.9386067, -15.7768898 ], [ -47.9389025, -15.7777598 ] ], [ [ -47.9389025, -15.7777598 ], [ -47.9390071, -15.7780538 ] ], [ [ -47.9390071, -15.7780538 ], [ -47.9391232, -15.7783924 ], [ -47.9392449, -15.7787133 ], [ -47.9393351, -15.7789813 ], [ -47.940694, -15.7829645 ], [ -47.9408297, -15.7834241 ] ], [ [ -47.9408297, -15.7834241 ], [ -47.9410997, -15.7842266 ] ], [ [ -47.9410997, -15.7842266 ], [ -47.9416978, -15.7861868 ] ], [ [ -47.9416978, -15.7861868 ], [ -47.9420347, -15.7871224 ] ], [ [ -47.9420347, -15.7871224 ], [ -47.9420696, -15.7872279 ], [ -47.9421502, -15.7874718 ], [ -47.942204, -15.7876346 ] ], [ [ -47.942204, -15.7876346 ], [ -47.9424764, -15.7883915 ] ], [ [ -47.9424764, -15.7883915 ], [ -47.9428473, -15.7895732 ], [ -47.9431343, -15.7904372 ], [ -47.943542, -15.7916574 ] ], [ [ -47.943542, -15.7916574 ], [ -47.9438485, -15.7925294 ], [ -47.9439353, -15.7927922 ], [ -47.943946, -15.7928246 ], [ -47.9442074, -15.7936092 ], [ -47.944416, -15.7942983 ], [ -47.9444994, -15.7945738 ], [ -47.9448977, -15.7956769 ], [ -47.9451387, -15.7963923 ], [ -47.9453216, -15.7969354 ], [ -47.9458974, -15.7986159 ], [ -47.9464938, -15.8003977 ] ], [ [ -47.9464938, -15.8003977 ], [ -47.9469551, -15.8017707 ], [ -47.9470155, -15.8019165 ], [ -47.9472522, -15.8026797 ], [ -47.9472943, -15.8028411 ], [ -47.9476686, -15.8042779 ], [ -47.9477759, -15.8047425 ], [ -47.9478577, -15.8052096 ], [ -47.9479207, -15.8056045 ], [ -47.9479663, -15.8058651 ], [ -47.9479972, -15.8060381 ], [ -47.948378, -15.8083463 ], [ -47.9484531, -15.8087634 ], [ -47.948547, -15.8093337 ], [ -47.9487468, -15.8107602 ], [ -47.9489775, -15.8121106 ], [ -47.9491518, -15.8130383 ], [ -47.949176, -15.8132525 ] ], [ [ -47.949176, -15.8132525 ], [ -47.9492833, -15.8138667 ], [ -47.9494388, -15.8148977 ], [ -47.9495971, -15.8158332 ], [ -47.9496976, -15.8163705 ], [ -47.9497218, -15.8164997 ], [ -47.9497862, -15.8169284 ] ], [ [ -47.9497862, -15.8169284 ], [ -47.9498142, -15.8170915 ], [ -47.950175, -15.819362 ], [ -47.9502526, -15.819831 ], [ -47.9503467, -15.8204447 ] ], [ [ -47.9503467, -15.8204447 ], [ -47.9504394, -15.820945 ], [ -47.9504868, -15.8212818 ], [ -47.9506748, -15.8223604 ], [ -47.9507553, -15.8229325 ], [ -47.95087, -15.8236538 ], [ -47.9509252, -15.8240108 ], [ -47.9509576, -15.8242273 ] ], [ [ -47.9509576, -15.8242273 ], [ -47.9513811, -15.8268283 ], [ -47.9514956, -15.8276011 ], [ -47.9516436, -15.8286123 ], [ -47.951731, -15.8291053 ], [ -47.9521069, -15.8315313 ] ], [ [ -47.9521069, -15.8315313 ], [ -47.952527, -15.8341561 ], [ -47.952645, -15.8348595 ] ], [ [ -47.952645, -15.8348595 ], [ -47.9527853, -15.8358383 ] ], [ [ -47.9527853, -15.8358383 ], [ -47.9532241, -15.8386812 ] ], [ [ -47.9532241, -15.8386812 ], [ -47.953262, -15.8387586 ], [ -47.9532761, -15.8388053 ], [ -47.9532925, -15.8388711 ], [ -47.9533026, -15.8389527 ], [ -47.9533536, -15.839785 ], [ -47.9534004, -15.8401959 ], [ -47.9535268, -15.8411387 ] ], [ [ -47.9535268, -15.8411387 ], [ -47.9535875, -15.8412873 ], [ -47.9536499, -15.841406 ], [ -47.9537176, -15.8414931 ], [ -47.9538028, -15.8415647 ], [ -47.9538732, -15.8416028 ], [ -47.9539792, -15.8416273 ], [ -47.9540737, -15.8416312 ], [ -47.9542024, -15.8416112 ], [ -47.9543178, -15.8415679 ], [ -47.954421, -15.841497 ], [ -47.954523, -15.8413976 ], [ -47.954588, -15.8412931 ], [ -47.9546249, -15.8411886 ], [ -47.954641, -15.8410835 ], [ -47.954637, -15.8409732 ], [ -47.9546182, -15.8408712 ], [ -47.954586, -15.8408029 ], [ -47.9545397, -15.8407274 ], [ -47.954472, -15.8406545 ], [ -47.9543734, -15.8405855 ], [ -47.9542435, -15.8405358 ], [ -47.9541521, -15.8405243 ], [ -47.9538986, -15.8404889 ] ], [ [ -47.9538986, -15.8404889 ], [ -47.9535208, -15.8406226 ] ], [ [ -47.9535208, -15.8406226 ], [ -47.9530677, -15.840756 ] ], [ [ -47.9530677, -15.840756 ], [ -47.952508, -15.8409173 ] ], [ [ -47.952508, -15.8409173 ], [ -47.9523752, -15.8410286 ], [ -47.9522803, -15.8411161 ], [ -47.952233, -15.8411815 ], [ -47.9521814, -15.8412699 ], [ -47.9521512, -15.8413718 ], [ -47.9521405, -15.8414796 ], [ -47.9521545, -15.8415932 ], [ -47.9521744, -15.8416637 ], [ -47.9522112, -15.8417331 ], [ -47.9522578, -15.8418018 ], [ -47.9523386, -15.8418876 ], [ -47.9524228, -15.8419505 ], [ -47.9525495, -15.8420111 ], [ -47.9526535, -15.8420343 ], [ -47.9527641, -15.8420401 ], [ -47.9528654, -15.8420208 ], [ -47.9529773, -15.8419743 ], [ -47.953086, -15.8418918 ], [ -47.9531678, -15.8417821 ], [ -47.9532073, -15.8416882 ], [ -47.9532234, -15.841582 ], [ -47.9532193, -15.8414419 ], [ -47.9532081, -15.8412076 ] ], [ [ -47.9532081, -15.8412076 ], [ -47.9530443, -15.8402179 ], [ -47.9529784, -15.8399367 ], [ -47.952966, -15.8398849 ], [ -47.952885, -15.839568 ], [ -47.9524981, -15.8385785 ] ], [ [ -47.9524981, -15.8385785 ], [ -47.9523416, -15.8377392 ], [ -47.9523337, -15.8376144 ] ], [ [ -47.9523337, -15.8376144 ], [ -47.952071, -15.8359144 ], [ -47.9520496, -15.8357522 ], [ -47.9518601, -15.8345134 ] ], [ [ -47.9518601, -15.8345134 ], [ -47.9517081, -15.8336975 ] ], [ [ -47.9517081, -15.8336975 ], [ -47.9516436, -15.8332955 ], [ -47.9515623, -15.8329158 ], [ -47.951541, -15.8327929 ], [ -47.9514717, -15.8323927 ], [ -47.9513953, -15.8319263 ], [ -47.9513456, -15.8316795 ] ], [ [ -47.9513456, -15.8316795 ], [ -47.9511999, -15.8306393 ], [ -47.9510564, -15.8296476 ] ], [ [ -47.9510564, -15.8296476 ], [ -47.9508136, -15.829483 ], [ -47.9496195, -15.8286737 ], [ -47.9493505, -15.8286032 ], [ -47.9478342, -15.8288273 ] ], [ [ -47.9478342, -15.8288273 ], [ -47.9477257, -15.8290265 ] ], [ [ -47.9477257, -15.8290265 ], [ -47.9478153, -15.8294943 ], [ -47.9478499, -15.8297375 ], [ -47.9479251, -15.8302686 ], [ -47.948097, -15.831287 ] ], [ [ -47.948097, -15.831287 ], [ -47.9482388, -15.8312683 ], [ -47.9483011, -15.8312601 ], [ -47.9483494, -15.8312491 ], [ -47.9483759, -15.8312391 ], [ -47.9483981, -15.8312259 ], [ -47.9484272, -15.8312031 ], [ -47.9484609, -15.8311646 ], [ -47.9482871, -15.8299816 ], [ -47.9482914, -15.8299395 ], [ -47.9483057, -15.8298975 ], [ -47.9483232, -15.8298606 ], [ -47.9483482, -15.8298285 ], [ -47.9486758, -15.8296065 ], [ -47.9487417, -15.8295618 ], [ -47.9487605, -15.8295586 ], [ -47.9487788, -15.8295568 ], [ -47.9487964, -15.8295557 ], [ -47.9488135, -15.8295555 ], [ -47.9488294, -15.8295554 ], [ -47.9488454, -15.8295563 ], [ -47.9488596, -15.8295583 ], [ -47.9488739, -15.8295607 ], [ -47.9488836, -15.8295642 ], [ -47.9488932, -15.8295686 ], [ -47.9489107, -15.8295801 ], [ -47.9489168, -15.8295854 ], [ -47.948922, -15.8295907 ], [ -47.9489305, -15.8296014 ], [ -47.9489339, -15.8296191 ], [ -47.9489292, -15.829641 ], [ -47.9489021, -15.8296796 ], [ -47.9488714, -15.8297246 ], [ -47.9487988, -15.8298204 ], [ -47.9487442, -15.8299035 ], [ -47.9486972, -15.8299915 ], [ -47.9486609, -15.8300764 ], [ -47.9486271, -15.8301805 ], [ -47.9486062, -15.830286 ], [ -47.9485953, -15.830394 ], [ -47.9485996, -15.8304668 ], [ -47.9486052, -15.8305396 ], [ -47.9486141, -15.8305953 ], [ -47.9486408, -15.8306946 ], [ -47.9486825, -15.8307938 ], [ -47.9487223, -15.8308705 ], [ -47.948772, -15.8309447 ], [ -47.9488346, -15.831019 ], [ -47.9489071, -15.831086 ], [ -47.9489897, -15.8311554 ], [ -47.9490822, -15.8312165 ], [ -47.9491066, -15.8312536 ], [ -47.9491186, -15.8312931 ], [ -47.9491222, -15.8313267 ], [ -47.9491159, -15.8313627 ], [ -47.9490867, -15.831398 ], [ -47.9490411, -15.8314139 ], [ -47.9489941, -15.8314153 ], [ -47.9489375, -15.8314007 ], [ -47.9488959, -15.8313885 ], [ -47.9487877, -15.8313581 ], [ -47.9486808, -15.8313349 ], [ -47.9486248, -15.8313239 ], [ -47.9485613, -15.8313153 ], [ -47.9484546, -15.8313233 ], [ -47.9483098, -15.8313479 ], [ -47.9481105, -15.8313799 ] ], [ [ -47.948097, -15.831287 ], [ -47.9481105, -15.8313799 ] ], [ [ -47.9477257, -15.8290265 ], [ -47.9478153, -15.8294943 ], [ -47.9478499, -15.8297375 ], [ -47.9479251, -15.8302686 ], [ -47.948097, -15.831287 ] ], [ [ -47.9477257, -15.8290265 ], [ -47.9475604, -15.8288709 ] ], [ [ -47.9475604, -15.8288709 ], [ -47.9472623, -15.8289142 ] ], [ [ -47.9472623, -15.8289142 ], [ -47.9467767, -15.8289709 ], [ -47.9467083, -15.828957 ] ], [ [ -47.9467083, -15.828957 ], [ -47.9466534, -15.8289233 ], [ -47.946622, -15.828857 ], [ -47.9466259, -15.8288 ], [ -47.9466527, -15.8287445 ], [ -47.9467197, -15.8287019 ], [ -47.9472439, -15.8286345 ] ], [ [ -47.9472439, -15.8286345 ], [ -47.9477352, -15.8285554 ] ], [ [ -47.9477352, -15.8285554 ], [ -47.9492383, -15.828322 ], [ -47.9493468, -15.8282873 ], [ -47.9494507, -15.8282404 ], [ -47.9496036, -15.828109 ], [ -47.9504596, -15.8270173 ], [ -47.9506493, -15.8267753 ] ], [ [ -47.9506493, -15.8267753 ], [ -47.9506821, -15.8267221 ], [ -47.9507019, -15.8266635 ], [ -47.9507157, -15.826487 ], [ -47.9507359, -15.8262431 ] ], [ [ -47.9507359, -15.8262431 ], [ -47.9506588, -15.8255299 ] ], [ [ -47.9506588, -15.8255299 ], [ -47.950369, -15.8236831 ] ], [ [ -47.950369, -15.8236831 ], [ -47.950274, -15.8230373 ] ], [ [ -47.950274, -15.8230373 ], [ -47.9501711, -15.8224538 ] ], [ [ -47.9501711, -15.8224538 ], [ -47.9501443, -15.8222867 ], [ -47.9499568, -15.8211366 ], [ -47.9498456, -15.8205108 ] ], [ [ -47.9498456, -15.8205108 ], [ -47.9499307, -15.8203644 ], [ -47.949985, -15.8203073 ], [ -47.9500566, -15.8202844 ], [ -47.9501444, -15.8202925 ], [ -47.9501839, -15.8203137 ], [ -47.9503467, -15.8204447 ] ], [ [ -47.9503467, -15.8204447 ], [ -47.9504394, -15.820945 ], [ -47.9504868, -15.8212818 ], [ -47.9506748, -15.8223604 ], [ -47.9507553, -15.8229325 ], [ -47.95087, -15.8236538 ], [ -47.9509252, -15.8240108 ], [ -47.9509576, -15.8242273 ] ], [ [ -47.9509576, -15.8242273 ], [ -47.9513811, -15.8268283 ], [ -47.9514956, -15.8276011 ], [ -47.9516436, -15.8286123 ], [ -47.951731, -15.8291053 ], [ -47.9521069, -15.8315313 ] ], [ [ -47.9521069, -15.8315313 ], [ -47.952527, -15.8341561 ], [ -47.952645, -15.8348595 ] ], [ [ -47.952645, -15.8348595 ], [ -47.9527853, -15.8358383 ] ], [ [ -47.9527853, -15.8358383 ], [ -47.9532241, -15.8386812 ] ], [ [ -47.9532241, -15.8386812 ], [ -47.9532576, -15.8397501 ], [ -47.9532999, -15.8402184 ], [ -47.9535527, -15.8419311 ], [ -47.9536083, -15.8422201 ], [ -47.9537116, -15.8426252 ], [ -47.9537485, -15.84284 ] ], [ [ -47.9537485, -15.84284 ], [ -47.9541634, -15.845495 ] ], [ [ -47.9541634, -15.845495 ], [ -47.9542129, -15.8458479 ] ], [ [ -47.9542129, -15.8458479 ], [ -47.954328, -15.8466001 ] ], [ [ -47.954328, -15.8466001 ], [ -47.9548648, -15.8498726 ], [ -47.9552714, -15.8524356 ], [ -47.9556498, -15.8545592 ], [ -47.9557776, -15.8555192 ] ], [ [ -47.9557776, -15.8555192 ], [ -47.956113, -15.856282 ] ], [ [ -47.956113, -15.856282 ], [ -47.9561656, -15.8565377 ], [ -47.9561957, -15.8566967 ], [ -47.9562514, -15.8569007 ], [ -47.9563469, -15.8572448 ] ], [ [ -47.9563469, -15.8572448 ], [ -47.9564414, -15.8577619 ], [ -47.9565348, -15.8583527 ], [ -47.9566567, -15.8591366 ] ], [ [ -47.9566567, -15.8591366 ], [ -47.9567733, -15.8597707 ], [ -47.9568223, -15.8599469 ] ], [ [ -47.9568223, -15.8599469 ], [ -47.9571552, -15.860649 ], [ -47.9572812, -15.8608757 ], [ -47.9575103, -15.8613266 ] ], [ [ -47.9575103, -15.8613266 ], [ -47.9579737, -15.8621877 ], [ -47.9583022, -15.8625921 ], [ -47.9585416, -15.8628056 ], [ -47.9586744, -15.8629062 ], [ -47.9587914, -15.863008 ] ], [ [ -47.9587914, -15.863008 ], [ -47.9594111, -15.8633251 ], [ -47.9601537, -15.863723 ] ], [ [ -47.9601537, -15.863723 ], [ -47.9604087, -15.863851 ] ], [ [ -47.9604087, -15.863851 ], [ -47.9612567, -15.8642766 ], [ -47.9623282, -15.864651 ], [ -47.9630646, -15.8649939 ] ], [ [ -47.9630646, -15.8649939 ], [ -47.9639952, -15.8654908 ] ], [ [ -47.9639952, -15.8654908 ], [ -47.9651242, -15.8662023 ], [ -47.9653477, -15.8663261 ], [ -47.9656028, -15.8664543 ] ], [ [ -47.9656028, -15.8664543 ], [ -47.9658942, -15.866599 ], [ -47.966701, -15.8669851 ], [ -47.9671853, -15.8672169 ], [ -47.9674186, -15.8673285 ] ], [ [ -47.9674186, -15.8673285 ], [ -47.9675532, -15.8673915 ], [ -47.9679981, -15.8675999 ], [ -47.9684592, -15.8678159 ], [ -47.9685361, -15.8678638 ], [ -47.9686213, -15.8679078 ], [ -47.9688888, -15.8680686 ], [ -47.9699921, -15.8686352 ], [ -47.9703322, -15.8688099 ], [ -47.9707454, -15.8690221 ], [ -47.9711701, -15.8692402 ], [ -47.9713424, -15.8693292 ], [ -47.9718787, -15.8695957 ], [ -47.9724386, -15.8698937 ], [ -47.9726989, -15.8700333 ], [ -47.9727969, -15.8700762 ], [ -47.9731175, -15.8702402 ] ], [ [ -47.9731175, -15.8702402 ], [ -47.9733427, -15.8703552 ], [ -47.9736392, -15.8704964 ], [ -47.9743003, -15.8708481 ], [ -47.9743652, -15.8708815 ], [ -47.9747304, -15.8710695 ] ], [ [ -47.9747304, -15.8710695 ], [ -47.9749262, -15.8711826 ], [ -47.9761209, -15.8717644 ] ], [ [ -47.9761209, -15.8717644 ], [ -47.9770419, -15.8722341 ], [ -47.978514, -15.8729849 ], [ -47.9785344, -15.8729953 ] ], [ [ -47.9785344, -15.8729953 ], [ -47.9791423, -15.8733175 ] ], [ [ -47.9791423, -15.8733175 ], [ -47.9798441, -15.8736621 ] ], [ [ -47.9798441, -15.8736621 ], [ -47.9806283, -15.8740837 ] ], [ [ -47.9806283, -15.8740837 ], [ -47.9812746, -15.8743974 ], [ -47.9828243, -15.8751611 ], [ -47.9837551, -15.8754963 ], [ -47.9842246, -15.8755966 ], [ -47.9845615, -15.8756686 ] ], [ [ -47.9845615, -15.8756686 ], [ -47.9854275, -15.8757788 ] ], [ [ -47.9854275, -15.8757788 ], [ -47.9873219, -15.8759441 ], [ -47.9891251, -15.8761119 ], [ -47.9895161, -15.8761341 ] ], [ [ -48.0042424, -15.8774605 ], [ -48.00479, -15.8775044 ], [ -48.005695, -15.8775779 ], [ -48.0073023, -15.8777486 ], [ -48.0081693, -15.8778093 ], [ -48.0083069, -15.87782 ] ], [ [ -48.0083069, -15.87782 ], [ -48.0093087, -15.8778982 ], [ -48.0093708, -15.877903 ], [ -48.0096658, -15.8779377 ] ], [ [ -48.0096658, -15.8779377 ], [ -48.0104517, -15.8780173 ], [ -48.0106938, -15.8780422 ], [ -48.0109578, -15.8780589 ], [ -48.0111676, -15.8780662 ], [ -48.0117981, -15.8780934 ] ], [ [ -48.0117981, -15.8780934 ], [ -48.0120483, -15.8780926 ], [ -48.0124781, -15.8780822 ], [ -48.0129386, -15.8780404 ], [ -48.0132093, -15.8780159 ], [ -48.0144234, -15.8778329 ], [ -48.0144858, -15.877826 ], [ -48.014824, -15.8777836 ], [ -48.0158411, -15.8776323 ], [ -48.0165073, -15.8775332 ], [ -48.017174, -15.8774318 ] ], [ [ -48.017174, -15.8774318 ], [ -48.018682, -15.8772139 ] ], [ [ -48.018682, -15.8772139 ], [ -48.0193913, -15.877116 ], [ -48.0198729, -15.8770524 ], [ -48.0205209, -15.8769668 ], [ -48.0210041, -15.8769054 ], [ -48.0229921, -15.8766305 ], [ -48.0233173, -15.8765852 ], [ -48.0238791, -15.8765081 ], [ -48.0241935, -15.8764574 ], [ -48.02426, -15.8764455 ], [ -48.0244656, -15.8763847 ], [ -48.0246457, -15.8763234 ], [ -48.0248566, -15.8762317 ] ], [ [ -48.0248566, -15.8762317 ], [ -48.0251322, -15.8761143 ], [ -48.0252356, -15.8760829 ], [ -48.0253328, -15.8760533 ], [ -48.0254401, -15.8760206 ], [ -48.0255561, -15.8759853 ], [ -48.0257096, -15.8759472 ], [ -48.0258273, -15.875918 ], [ -48.0266269, -15.8757819 ] ], [ [ -48.0266269, -15.8757819 ], [ -48.0292811, -15.8754148 ] ], [ [ -48.0292811, -15.8754148 ], [ -48.0293479, -15.8754035 ] ], [ [ -48.0293479, -15.8754035 ], [ -48.0302621, -15.8752779 ], [ -48.0305518, -15.8752363 ] ], [ [ -48.0305518, -15.8752363 ], [ -48.0310386, -15.8751665 ], [ -48.0312927, -15.8751266 ] ], [ [ -48.0312927, -15.8751266 ], [ -48.0318546, -15.8750437 ], [ -48.0325629, -15.8749364 ] ], [ [ -48.0325629, -15.8749364 ], [ -48.0328932, -15.8748894 ], [ -48.0338781, -15.8747397 ], [ -48.034193, -15.8747012 ], [ -48.0345779, -15.8746571 ], [ -48.0355251, -15.8745229 ] ], [ [ -48.0355251, -15.8745229 ], [ -48.0356391, -15.8745094 ], [ -48.0361278, -15.8744459 ], [ -48.036314, -15.8744214 ] ], [ [ -48.036314, -15.8744214 ], [ -48.0371159, -15.8742892 ] ], [ [ -48.0371159, -15.8742892 ], [ -48.0376218, -15.8742163 ] ], [ [ -48.0376218, -15.8742163 ], [ -48.0381833, -15.8741354 ], [ -48.0384141, -15.8741021 ], [ -48.0385957, -15.8740759 ], [ -48.0389809, -15.8740203 ], [ -48.0397055, -15.8739156 ] ], [ [ -48.0397055, -15.8739156 ], [ -48.0404887, -15.8738066 ] ], [ [ -48.0404887, -15.8738066 ], [ -48.042825, -15.8734916 ], [ -48.0430986, -15.8734787 ], [ -48.0440597, -15.8735336 ], [ -48.0449599, -15.8737412 ], [ -48.0460333, -15.8741728 ], [ -48.0469791, -15.8747554 ], [ -48.0475093, -15.8751105 ], [ -48.0480816, -15.8754937 ], [ -48.0482358, -15.875597 ], [ -48.0484103, -15.8757139 ], [ -48.0489796, -15.8760899 ], [ -48.0496576, -15.8765337 ], [ -48.051281, -15.877632 ], [ -48.0515511, -15.8778129 ], [ -48.052036, -15.8781377 ] ], [ [ -48.052036, -15.8781377 ], [ -48.0523061, -15.8783143 ] ], [ [ -48.0523061, -15.8783143 ], [ -48.0530139, -15.8787854 ] ], [ [ -48.0530139, -15.8787854 ], [ -48.0544998, -15.8797821 ], [ -48.0547913, -15.8799858 ], [ -48.0550366, -15.8801502 ], [ -48.0552788, -15.8802922 ], [ -48.0556208, -15.8804467 ], [ -48.0559976, -15.8806118 ], [ -48.0565542, -15.8808401 ] ], [ [ -48.0565542, -15.8808401 ], [ -48.0583821, -15.881725 ], [ -48.0589092, -15.8819327 ], [ -48.0618744, -15.8828175 ], [ -48.0623961, -15.8829323 ], [ -48.063194, -15.8830587 ], [ -48.0639303, -15.8831723 ], [ -48.0649361, -15.8833516 ], [ -48.0653195, -15.8834679 ] ], [ [ -48.0653195, -15.8834679 ], [ -48.0654846, -15.883518 ], [ -48.0659614, -15.8836966 ], [ -48.0665776, -15.8839062 ], [ -48.0667137, -15.8839535 ], [ -48.066964, -15.8840405 ] ], [ [ -48.066964, -15.8840405 ], [ -48.0671731, -15.8841132 ], [ -48.0673404, -15.8841806 ] ], [ [ -48.0673404, -15.8841806 ], [ -48.0677316, -15.8843074 ], [ -48.0682728, -15.8844802 ], [ -48.0683018, -15.8844893 ], [ -48.068832, -15.8846563 ], [ -48.0694108, -15.8848338 ], [ -48.0695301, -15.8848704 ], [ -48.0700141, -15.8850126 ], [ -48.0700766, -15.885031 ], [ -48.0707458, -15.8852335 ], [ -48.0709387, -15.8852918 ], [ -48.0714304, -15.8854405 ], [ -48.0719823, -15.8856069 ], [ -48.0726548, -15.8858075 ], [ -48.0729582, -15.8859028 ], [ -48.0732449, -15.8859855 ], [ -48.0737598, -15.8861386 ], [ -48.0740476, -15.8862241 ], [ -48.0746685, -15.8864138 ], [ -48.0755545, -15.8866801 ], [ -48.0762403, -15.8868869 ], [ -48.0769426, -15.8870966 ], [ -48.0778623, -15.8873771 ], [ -48.0783902, -15.8875367 ], [ -48.0807149, -15.8882502 ] ], [ [ -48.0807149, -15.8882502 ], [ -48.0818205, -15.8885719 ], [ -48.0826255, -15.8888045 ] ], [ [ -48.0826255, -15.8888045 ], [ -48.0834858, -15.8890619 ], [ -48.0841394, -15.8892631 ], [ -48.0848341, -15.889463 ], [ -48.0859626, -15.8898077 ] ], [ [ -48.0859626, -15.8898077 ], [ -48.0862, -15.8898785 ] ], [ [ -48.0862, -15.8898785 ], [ -48.0865558, -15.889985 ], [ -48.087124, -15.890155 ] ], [ [ -48.087124, -15.890155 ], [ -48.0876517, -15.8903221 ], [ -48.0878493, -15.8903815 ], [ -48.0930408, -15.8919422 ], [ -48.0932294, -15.8919989 ], [ -48.0932912, -15.8920173 ], [ -48.0946092, -15.8924105 ], [ -48.0952673, -15.8926069 ], [ -48.0961168, -15.8928604 ], [ -48.0983886, -15.8935383 ], [ -48.0987192, -15.8936363 ] ], [ [ -48.0987192, -15.8936363 ], [ -48.0992467, -15.8937926 ], [ -48.0999403, -15.8939981 ] ], [ [ -48.0999403, -15.8939981 ], [ -48.1003359, -15.8941203 ] ], [ [ -48.1003359, -15.8941203 ], [ -48.1007632, -15.894251 ] ], [ [ -48.1007632, -15.894251 ], [ -48.1010029, -15.8943243 ], [ -48.1011078, -15.8943564 ], [ -48.1014532, -15.8944621 ], [ -48.1017327, -15.8945476 ] ], [ [ -48.1017327, -15.8945476 ], [ -48.1026169, -15.894817 ] ], [ [ -48.1026169, -15.894817 ], [ -48.1060898, -15.8958778 ], [ -48.1067692, -15.8960818 ], [ -48.1094544, -15.8968824 ], [ -48.1097416, -15.896968 ] ], [ [ -48.1097416, -15.896968 ], [ -48.110253, -15.8971205 ], [ -48.1109104, -15.8973204 ], [ -48.1112978, -15.8974322 ] ], [ [ -48.1112978, -15.8974322 ], [ -48.1122446, -15.8977054 ], [ -48.1155373, -15.8987079 ] ], [ [ -48.1155373, -15.8987079 ], [ -48.1165665, -15.8990162 ] ], [ [ -48.1165665, -15.8990162 ], [ -48.1199433, -15.9000276 ] ], [ [ -48.1199433, -15.9000276 ], [ -48.1209909, -15.9003414 ], [ -48.1221649, -15.9006962 ] ], [ [ -48.1221649, -15.9006962 ], [ -48.125678, -15.9017579 ] ], [ [ -48.125678, -15.9017579 ], [ -48.1265028, -15.9020072 ] ], [ [ -48.1265028, -15.9020072 ], [ -48.1267221, -15.9020733 ], [ -48.1276894, -15.9023647 ], [ -48.1302251, -15.9031287 ], [ -48.1308787, -15.9033113 ], [ -48.1330189, -15.9039069 ], [ -48.1330642, -15.9039219 ], [ -48.1339557, -15.9041926 ], [ -48.135644, -15.9047053 ], [ -48.1358671, -15.9047731 ], [ -48.13625, -15.904886 ], [ -48.1378396, -15.9053757 ], [ -48.1393768, -15.9060887 ], [ -48.1396221, -15.9061892 ] ], [ [ -48.1396221, -15.9061892 ], [ -48.1398489, -15.9062821 ], [ -48.1404805, -15.9064975 ], [ -48.1414045, -15.9067877 ], [ -48.1427022, -15.907187 ] ], [ [ -48.1427022, -15.907187 ], [ -48.1444307, -15.9077189 ] ], [ [ -48.1444307, -15.9077189 ], [ -48.1445219, -15.9077428 ], [ -48.1446527, -15.9077808 ] ], [ [ -48.1446527, -15.9077808 ], [ -48.1451234, -15.9079266 ] ], [ [ -48.1451234, -15.9079266 ], [ -48.1452911, -15.9079782 ], [ -48.1454688, -15.9080297 ] ], [ [ -48.1454688, -15.9080297 ], [ -48.149246, -15.9091673 ], [ -48.1506407, -15.9095607 ], [ -48.1514414, -15.909798 ], [ -48.1537132, -15.9104777 ], [ -48.1564299, -15.9112971 ], [ -48.1588615, -15.9120415 ] ], [ [ -48.1588615, -15.9120415 ], [ -48.159833, -15.9123389 ] ], [ [ -48.159833, -15.9123389 ], [ -48.1604469, -15.9125391 ], [ -48.1611345, -15.9127633 ], [ -48.1618486, -15.9131364 ], [ -48.1623451, -15.9134693 ], [ -48.1628712, -15.913938 ], [ -48.1633609, -15.9144921 ], [ -48.1637662, -15.9151294 ], [ -48.1640919, -15.9157974 ], [ -48.1648363, -15.9183321 ], [ -48.1649631, -15.918764 ], [ -48.1652668, -15.919798 ], [ -48.1653537, -15.9200936 ], [ -48.1653779, -15.9201761 ], [ -48.1663906, -15.923429 ] ], [ [ -48.1663906, -15.923429 ], [ -48.166478, -15.9236977 ] ], [ [ -48.166478, -15.9236977 ], [ -48.1668155, -15.9248808 ], [ -48.1668392, -15.9249751 ], [ -48.1670485, -15.9258185 ], [ -48.1672469, -15.9271222 ], [ -48.1674448, -15.9279579 ] ], [ [ -48.1674448, -15.9279579 ], [ -48.1675964, -15.9284855 ], [ -48.1677565, -15.9290424 ], [ -48.1680035, -15.9299017 ] ], [ [ -48.1680035, -15.9299017 ], [ -48.1685993, -15.931589 ], [ -48.168967, -15.9326301 ], [ -48.1691146, -15.9331532 ], [ -48.1708152, -15.939123 ], [ -48.1730909, -15.9470354 ], [ -48.1740376, -15.9503538 ], [ -48.1743555, -15.9511286 ] ], [ [ -48.1743555, -15.9511286 ], [ -48.1750505, -15.9528225 ] ], [ [ -48.1750505, -15.9528225 ], [ -48.1752137, -15.9533818 ] ], [ [ -48.1752137, -15.9533818 ], [ -48.1757247, -15.9559317 ] ], [ [ -48.1757247, -15.9559317 ], [ -48.1758637, -15.9566255 ], [ -48.1760691, -15.9573913 ], [ -48.1763024, -15.9579566 ], [ -48.1766571, -15.9586027 ], [ -48.1811804, -15.9647183 ], [ -48.1830785, -15.9672845 ], [ -48.1833367, -15.9675418 ] ], [ [ -48.1833367, -15.9675418 ], [ -48.1842365, -15.9684385 ], [ -48.1846804, -15.9689387 ] ], [ [ -48.1846804, -15.9689387 ], [ -48.1850616, -15.9694309 ] ], [ [ -48.1850616, -15.9694309 ], [ -48.1856524, -15.9704297 ], [ -48.1862041, -15.9712763 ] ], [ [ -48.1862041, -15.9712763 ], [ -48.1871559, -15.9727367 ], [ -48.1876093, -15.9732773 ], [ -48.1881164, -15.9737597 ], [ -48.1887163, -15.9741906 ], [ -48.1892834, -15.9744971 ], [ -48.1898891, -15.9747552 ], [ -48.1910721, -15.9750256 ], [ -48.1990019, -15.9762684 ], [ -48.1995558, -15.9763742 ], [ -48.2005963, -15.9767214 ], [ -48.217208, -15.9850101 ], [ -48.2181455, -15.9853499 ] ], [ [ -48.2181455, -15.9853499 ], [ -48.2194164, -15.9858106 ] ], [ [ -48.2194164, -15.9858106 ], [ -48.2199662, -15.9861059 ] ], [ [ -48.2199662, -15.9861059 ], [ -48.220076, -15.9861643 ], [ -48.221308, -15.9868817 ] ], [ [ -48.221308, -15.9868817 ], [ -48.2229177, -15.9878191 ], [ -48.2236298, -15.9881209 ], [ -48.2241344, -15.9882853 ], [ -48.2247094, -15.9884089 ], [ -48.2280772, -15.9890756 ], [ -48.2285872, -15.9892337 ], [ -48.2292096, -15.9894999 ], [ -48.2301366, -15.9900784 ], [ -48.2312889, -15.9911218 ], [ -48.2317545, -15.9915434 ], [ -48.2329389, -15.9926159 ], [ -48.2335041, -15.993024 ], [ -48.2338032, -15.99324 ], [ -48.2409883, -15.9968607 ], [ -48.2416069, -15.9972655 ], [ -48.2422296, -15.9977791 ], [ -48.2426868, -15.9982894 ], [ -48.2430214, -15.9987364 ], [ -48.24337, -15.9993691 ], [ -48.2434371, -15.999491 ], [ -48.2453978, -16.0038671 ], [ -48.2457063, -16.0046045 ], [ -48.2460094, -16.0054785 ], [ -48.2466102, -16.0071616 ] ], [ [ -48.2466102, -16.0071616 ], [ -48.2470206, -16.0083113 ] ], [ [ -48.2470206, -16.0083113 ], [ -48.2471949, -16.0090855 ] ], [ [ -48.2471949, -16.0090855 ], [ -48.247345, -16.0104579 ] ], [ [ -48.247345, -16.0104579 ], [ -48.2474252, -16.0111912 ], [ -48.2475242, -16.0115869 ], [ -48.2487659, -16.0165506 ], [ -48.2491089, -16.017453 ], [ -48.2495961, -16.0184864 ], [ -48.250255, -16.019726 ], [ -48.2523851, -16.0233391 ], [ -48.2525764, -16.0236635 ], [ -48.2528208, -16.0241962 ], [ -48.2530595, -16.0248117 ], [ -48.2532057, -16.0253808 ], [ -48.2533116, -16.0261856 ], [ -48.2536301, -16.0305715 ], [ -48.253781, -16.0333867 ] ], [ [ -48.253781, -16.0333867 ], [ -48.2538581, -16.0339013 ], [ -48.2540303, -16.0345656 ], [ -48.2542534, -16.0351751 ], [ -48.2544742, -16.0356422 ], [ -48.2552342, -16.0368916 ], [ -48.2555698, -16.0375626 ], [ -48.2557772, -16.0380425 ] ], [ [ -48.2557772, -16.0380425 ], [ -48.2558804, -16.0383405 ] ], [ [ -48.2558804, -16.0383405 ], [ -48.2563515, -16.0396788 ], [ -48.2564914, -16.0402404 ], [ -48.256596, -16.0408874 ] ], [ [ -48.256596, -16.0408874 ], [ -48.2566202, -16.0410958 ], [ -48.2566309, -16.041724 ], [ -48.256632, -16.0422268 ], [ -48.2566363, -16.0426686 ], [ -48.256635, -16.043542 ] ], [ [ -48.256635, -16.043542 ], [ -48.2566678, -16.0440211 ], [ -48.2568246, -16.0447487 ] ], [ [ -48.2568246, -16.0447487 ], [ -48.2569484, -16.0451874 ], [ -48.258081, -16.0479816 ] ], [ [ -48.258081, -16.0479816 ], [ -48.2602492, -16.0532655 ], [ -48.2612008, -16.0553681 ], [ -48.2619102, -16.0571138 ], [ -48.262116, -16.0575386 ] ], [ [ -48.262116, -16.0575386 ], [ -48.262981, -16.0593443 ] ], [ [ -48.262981, -16.0593443 ], [ -48.2631788, -16.0598291 ], [ -48.2635399, -16.0612669 ], [ -48.2643421, -16.0633424 ], [ -48.2644301, -16.0635967 ], [ -48.2645403, -16.0640944 ], [ -48.264583, -16.0645468 ], [ -48.2645704, -16.0650278 ], [ -48.2644967, -16.0655197 ], [ -48.2643183, -16.066114 ], [ -48.2641094, -16.0667672 ], [ -48.2640127, -16.0671997 ], [ -48.2639811, -16.0676081 ], [ -48.2640031, -16.068089 ], [ -48.2640956, -16.0685211 ], [ -48.2642375, -16.0689205 ], [ -48.2644788, -16.0693755 ], [ -48.2646498, -16.0696219 ], [ -48.2650813, -16.0700961 ], [ -48.2654956, -16.0705106 ], [ -48.2657789, -16.0708399 ], [ -48.2660196, -16.0712324 ], [ -48.266248, -16.0716997 ], [ -48.2664318, -16.0722232 ], [ -48.2665406, -16.0726914 ], [ -48.2665809, -16.0730222 ], [ -48.266697, -16.0749135 ], [ -48.2667533, -16.0754004 ], [ -48.2668573, -16.0757892 ], [ -48.2670394, -16.0762094 ], [ -48.267228, -16.07653 ], [ -48.2675484, -16.0769327 ], [ -48.2681939, -16.0775808 ], [ -48.2688647, -16.0783279 ], [ -48.2696769, -16.0791107 ], [ -48.2698882, -16.0793626 ], [ -48.2704225, -16.0802429 ], [ -48.2708066, -16.0809272 ], [ -48.2710523, -16.0814359 ], [ -48.2712477, -16.0819485 ], [ -48.2713982, -16.0824478 ], [ -48.2726513, -16.0872933 ], [ -48.2727552, -16.0876781 ], [ -48.2729152, -16.0880962 ], [ -48.2731245, -16.0884834 ], [ -48.2733453, -16.0887919 ], [ -48.2736567, -16.0891187 ], [ -48.2740509, -16.0894385 ], [ -48.2747381, -16.0898367 ] ], [ [ -47.8163957, -15.6704278 ], [ -47.8166792, -15.6706185 ] ] ] } },
{ "type": "Feature", "properties": { "id_osm": 15615032, "nome": "0.110 - Universidade de Brasília", "ref": "0.110" }, "geometry": { "type": "MultiLineString", "coordinates": [ [ [ -47.8821419, -15.7937184 ], [ -47.8823008, -15.7936714 ], [ -47.8824686, -15.7941887 ], [ -47.8825293, -15.7943758 ], [ -47.8826215, -15.7946597 ], [ -47.8824588, -15.7947086 ], [ -47.8821419, -15.7937184 ] ], [ [ -47.8736136, -15.7851916 ], [ -47.8736081, -15.7851177 ], [ -47.8736101, -15.7846383 ], [ -47.8735873, -15.784424 ] ], [ [ -47.8735873, -15.784424 ], [ -47.8735162, -15.7841388 ], [ -47.8734492, -15.783944 ], [ -47.8733868, -15.7837917 ], [ -47.8732561, -15.7835581 ], [ -47.8731367, -15.7833865 ], [ -47.873018, -15.7832406 ], [ -47.8728289, -15.7830193 ] ], [ [ -47.8728289, -15.7830193 ], [ -47.8722113, -15.7824908 ], [ -47.8714255, -15.7818352 ] ], [ [ -47.8714255, -15.7818352 ], [ -47.8713658, -15.7816946 ], [ -47.8712813, -15.7814842 ], [ -47.871231, -15.7813442 ], [ -47.8712035, -15.7812054 ], [ -47.8711928, -15.7810448 ], [ -47.8711934, -15.7808757 ], [ -47.871203, -15.7807375 ] ], [ [ -47.871203, -15.7807375 ], [ -47.8712424, -15.7803582 ] ], [ [ -47.8712424, -15.7803582 ], [ -47.8712994, -15.7797626 ], [ -47.8713664, -15.7788302 ] ], [ [ -47.8713664, -15.7788302 ], [ -47.8713772, -15.7786675 ], [ -47.8714348, -15.7778538 ], [ -47.8714878, -15.7774802 ], [ -47.8715213, -15.7767188 ], [ -47.8715905, -15.7760174 ], [ -47.8716132, -15.7757334 ] ], [ [ -47.8716132, -15.7757334 ], [ -47.8714965, -15.7756238 ], [ -47.8714589, -15.7755908 ], [ -47.8714189, -15.7755664 ], [ -47.8713275, -15.7755192 ] ], [ [ -47.8707062, -15.7754749 ], [ -47.8713275, -15.7755192 ] ], [ [ -47.8707062, -15.7754749 ], [ -47.8705386, -15.7755033 ], [ -47.8704179, -15.7755507 ] ], [ [ -47.8704179, -15.7755507 ], [ -47.8703843, -15.7755679 ], [ -47.8703467, -15.7755742 ], [ -47.870309, -15.7755689 ], [ -47.8702749, -15.7755524 ], [ -47.8702479, -15.7755266 ] ], [ [ -47.8702479, -15.7755266 ], [ -47.8702307, -15.7754939 ] ], [ [ -47.8702307, -15.7754939 ], [ -47.8699583, -15.7753663 ] ], [ [ -47.8699583, -15.7753663 ], [ -47.8691055, -15.7751102 ], [ -47.8689498, -15.7750733 ], [ -47.868773, -15.7750405 ], [ -47.868695, -15.7750275 ], [ -47.8686093, -15.7750237 ], [ -47.8668833, -15.77504 ], [ -47.8667825, -15.7750339 ], [ -47.8666875, -15.7750126 ], [ -47.8666095, -15.7749771 ], [ -47.8665399, -15.7749256 ], [ -47.8664835, -15.77487 ], [ -47.8664377, -15.7748114 ], [ -47.8664111, -15.7747577 ], [ -47.8663988, -15.7747062 ], [ -47.8663919, -15.7746291 ], [ -47.8663785, -15.7744792 ], [ -47.866378, -15.7740644 ], [ -47.8663661, -15.7729399 ], [ -47.8663602, -15.7723833 ], [ -47.8663572, -15.7720931 ], [ -47.8663544, -15.7720045 ], [ -47.8663531, -15.7719178 ], [ -47.8663523, -15.7718131 ], [ -47.8663514, -15.7715451 ], [ -47.8663408, -15.7711549 ] ], [ [ -47.8663408, -15.7711549 ], [ -47.8663218, -15.7710912 ], [ -47.8662898, -15.770984 ], [ -47.8662662, -15.7709391 ] ], [ [ -47.8662662, -15.7709391 ], [ -47.8662405, -15.7709175 ], [ -47.8662206, -15.7708846 ], [ -47.8662136, -15.7708471 ], [ -47.8662203, -15.7708096 ], [ -47.8662303, -15.7707894 ] ], [ [ -47.8662303, -15.7707894 ], [ -47.8662538, -15.770763 ], [ -47.8662846, -15.7707449 ], [ -47.8663314, -15.7707368 ] ], [ [ -47.8663314, -15.7707368 ], [ -47.8664008, -15.7706849 ], [ -47.8664984, -15.7706085 ] ], [ [ -47.8664984, -15.7706085 ], [ -47.866724, -15.7703215 ], [ -47.8668093, -15.770213 ], [ -47.8669736, -15.7699795 ], [ -47.8671259, -15.7697631 ], [ -47.8672029, -15.7696615 ], [ -47.8673669, -15.7694449 ], [ -47.8674741, -15.7693034 ], [ -47.8676526, -15.7690698 ], [ -47.8679764, -15.7686455 ], [ -47.868217, -15.7682697 ] ], [ [ -47.868217, -15.7682697 ], [ -47.8681939, -15.7682508 ], [ -47.8681778, -15.7682261 ], [ -47.8681703, -15.7681978 ], [ -47.868172, -15.7681687 ], [ -47.8681828, -15.7681414 ] ], [ [ -47.8681828, -15.7681414 ], [ -47.8682131, -15.7681098 ], [ -47.8682548, -15.7680942 ], [ -47.8682841, -15.7680943 ], [ -47.868312, -15.7681027 ] ], [ [ -47.868312, -15.7681027 ], [ -47.8684783, -15.767948 ] ], [ [ -47.8689464, -15.7672644 ], [ -47.8686241, -15.7677184 ], [ -47.8684783, -15.767948 ] ], [ [ -47.8689464, -15.7672644 ], [ -47.8690089, -15.7671372 ] ], [ [ -47.8690089, -15.7671372 ], [ -47.8689949, -15.7671106 ], [ -47.8689903, -15.7670811 ], [ -47.8689911, -15.7670578 ], [ -47.8690099, -15.7670253 ], [ -47.8690504, -15.7669965 ], [ -47.8690708, -15.7669893 ] ], [ [ -47.8690708, -15.7669893 ], [ -47.869211, -15.7668704 ] ], [ [ -47.869211, -15.7668704 ], [ -47.8697427, -15.7661736 ], [ -47.8699037, -15.7659653 ] ], [ [ -47.8699037, -15.7659653 ], [ -47.8703573, -15.7653481 ], [ -47.8706954, -15.7648881 ], [ -47.8708236, -15.7646989 ], [ -47.8708439, -15.7646741 ], [ -47.8708761, -15.76463 ], [ -47.8713036, -15.7640198 ], [ -47.8714489, -15.7638124 ], [ -47.8717134, -15.7634509 ], [ -47.871735, -15.7634223 ], [ -47.8719833, -15.7630626 ], [ -47.8720437, -15.7629482 ], [ -47.8725231, -15.7619884 ] ], [ [ -47.8725231, -15.7619884 ], [ -47.8725462, -15.7618742 ] ], [ [ -47.8725462, -15.7618742 ], [ -47.8725358, -15.7618569 ], [ -47.8725299, -15.7618377 ], [ -47.8725287, -15.7618178 ], [ -47.8725323, -15.7617981 ], [ -47.8725433, -15.7617755 ], [ -47.8725606, -15.761757 ], [ -47.8725827, -15.761744 ] ], [ [ -47.8725827, -15.761744 ], [ -47.8726587, -15.7616172 ] ], [ [ -47.8726587, -15.7616172 ], [ -47.8728498, -15.760972 ], [ -47.8728727, -15.760869 ] ], [ [ -47.8728727, -15.760869 ], [ -47.8728551, -15.7607663 ], [ -47.8728506, -15.7607403 ] ], [ [ -47.8728506, -15.7607403 ], [ -47.8728385, -15.7607154 ], [ -47.8728357, -15.7606881 ], [ -47.8728428, -15.7606608 ], [ -47.8728591, -15.7606374 ] ], [ [ -47.8728591, -15.7606374 ], [ -47.8728833, -15.7606204 ], [ -47.8729113, -15.7606127 ], [ -47.8729403, -15.7606145 ], [ -47.872967, -15.7606257 ] ], [ [ -47.872967, -15.7606257 ], [ -47.872987, -15.7606434 ] ], [ [ -47.872987, -15.7606434 ], [ -47.8732179, -15.7607487 ] ], [ [ -47.874495, -15.7610981 ], [ -47.8744519, -15.7610896 ], [ -47.874051, -15.7609934 ], [ -47.8739674, -15.7609706 ], [ -47.8735521, -15.7608576 ], [ -47.8732179, -15.7607487 ] ], [ [ -47.874495, -15.7610981 ], [ -47.8745747, -15.7610932 ], [ -47.8746233, -15.7610828 ], [ -47.8747018, -15.7610505 ] ], [ [ -47.875207, -15.7595327 ], [ -47.8753006, -15.7592416 ] ], [ [ -47.8753006, -15.7592416 ], [ -47.8753618, -15.7591126 ], [ -47.8753866, -15.759093 ], [ -47.8754114, -15.7590861 ], [ -47.875438, -15.7590864 ], [ -47.8754669, -15.7590944 ], [ -47.8755135, -15.7591254 ], [ -47.875552, -15.7591687 ] ], [ [ -47.875552, -15.7591687 ], [ -47.8755209, -15.7592646 ], [ -47.8754935, -15.7593495 ], [ -47.8754367, -15.7595197 ], [ -47.8752784, -15.760016 ], [ -47.875143, -15.7604187 ], [ -47.8749231, -15.7611428 ], [ -47.8748333, -15.7614193 ], [ -47.8747816, -15.7615842 ], [ -47.8747024, -15.7618688 ] ], [ [ -47.8747024, -15.7618688 ], [ -47.8746676, -15.7619991 ] ], [ [ -47.8746676, -15.7619991 ], [ -47.8745223, -15.762432 ], [ -47.8743457, -15.7630097 ], [ -47.8742317, -15.763386 ], [ -47.8741372, -15.7637038 ] ], [ [ -47.8741372, -15.7637038 ], [ -47.8740232, -15.7640584 ] ], [ [ -47.8740232, -15.7640584 ], [ -47.8739615, -15.7643062 ], [ -47.8738549, -15.7647057 ], [ -47.8737724, -15.7650038 ], [ -47.8736329, -15.7655556 ], [ -47.8734539, -15.7663016 ] ], [ [ -47.8734539, -15.7663016 ], [ -47.8734371, -15.7663725 ], [ -47.8733935, -15.76655 ], [ -47.8733633, -15.7666578 ], [ -47.8732634, -15.7670734 ], [ -47.8731112, -15.7677684 ], [ -47.8730006, -15.7681769 ] ], [ [ -47.8730006, -15.7681769 ], [ -47.8729308, -15.7684889 ] ], [ [ -47.8729308, -15.7684889 ], [ -47.8729171, -15.76856 ], [ -47.8728012, -15.7691603 ], [ -47.872788, -15.7692287 ], [ -47.8726865, -15.7697455 ], [ -47.8725567, -15.7704064 ], [ -47.8724092, -15.7709491 ] ], [ [ -47.8724092, -15.7709491 ], [ -47.8723776, -15.7710859 ], [ -47.8723461, -15.7712524 ], [ -47.8722469, -15.7718764 ], [ -47.8721778, -15.7723998 ], [ -47.8721543, -15.7727031 ], [ -47.8721282, -15.7730916 ], [ -47.8721045, -15.7733119 ] ], [ [ -47.8721045, -15.7733119 ], [ -47.8720759, -15.7735768 ] ], [ [ -47.8720759, -15.7735768 ], [ -47.8720304, -15.774086 ], [ -47.8719961, -15.7744138 ], [ -47.8719514, -15.7748941 ], [ -47.8719203, -15.7752286 ] ], [ [ -47.8719203, -15.7752286 ], [ -47.8718855, -15.7756031 ] ], [ [ -47.8718855, -15.7756031 ], [ -47.8718291, -15.7760509 ], [ -47.8717922, -15.7764652 ], [ -47.8717399, -15.7770866 ], [ -47.8716843, -15.7778757 ], [ -47.8716678, -15.7780249 ], [ -47.8716414, -15.7782533 ] ], [ [ -47.8716414, -15.7782533 ], [ -47.8716247, -15.7784985 ] ], [ [ -47.8716247, -15.7784985 ], [ -47.8715408, -15.7796761 ], [ -47.871514, -15.780051 ] ], [ [ -47.871514, -15.780051 ], [ -47.8715314, -15.7802904 ], [ -47.8716494, -15.7807318 ], [ -47.8717044, -15.7809118 ] ], [ [ -47.8717044, -15.7809118 ], [ -47.8717493, -15.7810164 ], [ -47.8718258, -15.7811603 ], [ -47.8720209, -15.7815074 ] ], [ [ -47.8720209, -15.7815074 ], [ -47.8724729, -15.782144 ] ], [ [ -47.8724729, -15.782144 ], [ -47.8726957, -15.7824506 ] ], [ [ -47.8726957, -15.7824506 ], [ -47.8730321, -15.7829135 ] ], [ [ -47.8730321, -15.7829135 ], [ -47.8731957, -15.7831154 ], [ -47.8733687, -15.783309 ], [ -47.8735283, -15.7834729 ], [ -47.8740875, -15.7839711 ], [ -47.8743812, -15.7842318 ], [ -47.8745261, -15.7844086 ], [ -47.8746468, -15.7845944 ], [ -47.8747165, -15.7847648 ], [ -47.87475, -15.7849454 ], [ -47.8747541, -15.7851622 ], [ -47.8747232, -15.7853416 ], [ -47.8746575, -15.7855249 ], [ -47.8745791, -15.785683 ], [ -47.8744523, -15.785854 ], [ -47.874231, -15.7860914 ], [ -47.8739325, -15.7863748 ], [ -47.8738274, -15.7865205 ], [ -47.8737241, -15.786678 ], [ -47.8736249, -15.7868812 ] ], [ [ -47.8736249, -15.7868812 ], [ -47.8736112, -15.7871597 ], [ -47.8735506, -15.78764 ] ], [ [ -47.8735506, -15.78764 ], [ -47.8734861, -15.7881511 ] ], [ [ -47.8734861, -15.7881511 ], [ -47.8734183, -15.788715 ], [ -47.8733962, -15.7890293 ], [ -47.8734123, -15.789217 ], [ -47.8734485, -15.7893487 ], [ -47.8735042, -15.7894726 ] ], [ [ -47.8735042, -15.7894726 ], [ -47.8736423, -15.7896552 ], [ -47.8737375, -15.7897507 ], [ -47.8738663, -15.7898416 ] ], [ [ -47.8738663, -15.7898416 ], [ -47.8739682, -15.7899081 ], [ -47.874172, -15.790061 ], [ -47.874286, -15.7901539 ], [ -47.8743973, -15.7902701 ] ], [ [ -47.8743973, -15.7902701 ], [ -47.8746217, -15.7909627 ], [ -47.8747601, -15.7913896 ], [ -47.8748305, -15.7915993 ], [ -47.874919, -15.7918671 ], [ -47.8749351, -15.7919026 ], [ -47.8749472, -15.7919522 ], [ -47.8750586, -15.7922596 ], [ -47.8753008, -15.7929598 ] ], [ [ -47.8753008, -15.7929598 ], [ -47.8754172, -15.7932989 ] ], [ [ -47.8754172, -15.7932989 ], [ -47.8755118, -15.7935957 ], [ -47.8756537, -15.7940318 ], [ -47.8757297, -15.7942551 ], [ -47.8759121, -15.794681 ], [ -47.8759713, -15.7948091 ], [ -47.8760099, -15.7949212 ] ], [ [ -47.8760099, -15.7949212 ], [ -47.876637, -15.7947158 ] ], [ [ -47.876637, -15.7947158 ], [ -47.876754, -15.7946793 ] ], [ [ -47.876754, -15.7946793 ], [ -47.8773289, -15.7944978 ], [ -47.8778682, -15.7943275 ], [ -47.8783759, -15.7941671 ], [ -47.8790401, -15.7939574 ], [ -47.8793811, -15.7938497 ], [ -47.8797853, -15.7937221 ], [ -47.8799647, -15.7936655 ], [ -47.880455, -15.7935106 ], [ -47.8805069, -15.7934943 ], [ -47.8807614, -15.7934139 ], [ -47.8809536, -15.7933532 ] ], [ [ -47.8809536, -15.7933532 ], [ -47.8810244, -15.7933911 ], [ -47.8810901, -15.7934092 ], [ -47.8811572, -15.7934176 ], [ -47.8814613, -15.7933447 ] ], [ [ -47.8814613, -15.7933447 ], [ -47.8817801, -15.7932724 ], [ -47.8819565, -15.7932285 ], [ -47.8822294, -15.7931376 ], [ -47.8826572, -15.7929892 ], [ -47.8828248, -15.7929375 ], [ -47.883034, -15.7928664 ], [ -47.8833911, -15.7927354 ] ], [ [ -47.8833911, -15.7927354 ], [ -47.8835833, -15.7925351 ], [ -47.883629, -15.7925021 ], [ -47.8836934, -15.7924691 ], [ -47.883821, -15.7924251 ], [ -47.8839245, -15.7923916 ], [ -47.8840278, -15.7923645 ], [ -47.8840835, -15.7923561 ], [ -47.8841364, -15.7923555 ], [ -47.8842021, -15.7923581 ], [ -47.8842585, -15.7923698 ], [ -47.8843202, -15.7923865 ], [ -47.8843778, -15.7924045 ], [ -47.8844198, -15.7924218 ], [ -47.8844774, -15.7924454 ], [ -47.8845388, -15.7924691 ], [ -47.8846537, -15.792484 ] ], [ [ -47.8846537, -15.792484 ], [ -47.8847885, -15.7925863 ], [ -47.8848661, -15.7926639 ], [ -47.8849889, -15.7928444 ], [ -47.885075, -15.7930031 ], [ -47.8851489, -15.7932075 ], [ -47.885171, -15.7933234 ], [ -47.8851818, -15.7934401 ], [ -47.8851733, -15.7936219 ], [ -47.8851657, -15.7937326 ], [ -47.8851535, -15.793802 ], [ -47.8850983, -15.7939891 ], [ -47.8849989, -15.7941707 ], [ -47.8849517, -15.7942235 ], [ -47.8849209, -15.794258 ], [ -47.884871, -15.7943146 ], [ -47.8846675, -15.7944498 ] ], [ [ -47.8846675, -15.7944498 ], [ -47.8841833, -15.7946119 ], [ -47.8833993, -15.7947697 ], [ -47.8832808, -15.7947945 ], [ -47.8829953, -15.794876 ], [ -47.882936, -15.7948932 ] ], [ [ -47.882936, -15.7948932 ], [ -47.8828152, -15.7949245 ] ], [ [ -47.8828152, -15.7949245 ], [ -47.8826429, -15.7949707 ], [ -47.8825668, -15.7949885 ], [ -47.8823043, -15.7950736 ], [ -47.8822498, -15.7950913 ] ], [ [ -47.8822498, -15.7950913 ], [ -47.8819277, -15.795174 ] ], [ [ -47.8819277, -15.795174 ], [ -47.8817804, -15.795211 ] ], [ [ -47.8765856, -15.7968337 ], [ -47.876132, -15.7969962 ] ], [ [ -47.876132, -15.7969962 ], [ -47.8760851, -15.7970125 ], [ -47.8760142, -15.797038 ] ], [ [ -47.8760142, -15.797038 ], [ -47.8757373, -15.7971188 ], [ -47.8753573, -15.7972496 ] ], [ [ -47.8753573, -15.7972496 ], [ -47.8752818, -15.797007 ], [ -47.8750696, -15.7963669 ], [ -47.8749105, -15.7958868 ], [ -47.874784, -15.7955098 ], [ -47.8747147, -15.7953242 ] ], [ [ -47.8747147, -15.7953242 ], [ -47.8748073, -15.7952943 ], [ -47.8751782, -15.7951716 ] ], [ [ -47.8751782, -15.7951716 ], [ -47.8752255, -15.7950591 ], [ -47.8752449, -15.7949894 ], [ -47.875261, -15.7949029 ], [ -47.8752539, -15.7948125 ], [ -47.8752523, -15.7947919 ], [ -47.8751866, -15.794528 ], [ -47.8750832, -15.794187 ], [ -47.8748876, -15.7935418 ], [ -47.8748707, -15.7934898 ] ], [ [ -47.8748707, -15.7934898 ], [ -47.8747616, -15.7931452 ] ], [ [ -47.8747616, -15.7931452 ], [ -47.8745335, -15.7924355 ] ], [ [ -47.8745335, -15.7924355 ], [ -47.8744219, -15.7921259 ], [ -47.8744, -15.7920742 ], [ -47.874385, -15.7920242 ] ], [ [ -47.874385, -15.7920242 ], [ -47.8742768, -15.7917876 ] ], [ [ -47.8742768, -15.7917876 ], [ -47.8736141, -15.7907263 ], [ -47.8734498, -15.7904662 ] ], [ [ -47.8734498, -15.7904662 ], [ -47.8733585, -15.7899815 ], [ -47.8733061, -15.7895387 ], [ -47.8733003, -15.7891473 ], [ -47.8733164, -15.7886853 ], [ -47.8734685, -15.7872225 ], [ -47.8734894, -15.7870219 ], [ -47.8735197, -15.7865201 ], [ -47.8735377, -15.7862224 ], [ -47.8735424, -15.7861624 ], [ -47.8736136, -15.7851916 ] ], [ [ -47.8817804, -15.795211 ], [ -47.8813736, -15.7953201 ], [ -47.8808905, -15.795473 ], [ -47.8808379, -15.7954901 ], [ -47.8806056, -15.7955625 ], [ -47.8794873, -15.7959163 ], [ -47.8791634, -15.7960242 ], [ -47.8787399, -15.796155 ], [ -47.8773893, -15.7965722 ] ], [ [ -47.8773893, -15.7965722 ], [ -47.8772364, -15.7966181 ] ], [ [ -47.8772364, -15.7966181 ], [ -47.8769728, -15.796709 ] ], [ [ -47.8769728, -15.796709 ], [ -47.8765856, -15.7968337 ] ], [ [ -47.8747018, -15.7610505 ], [ -47.8748345, -15.7606704 ], [ -47.8750397, -15.7600534 ], [ -47.8751326, -15.7597643 ], [ -47.875207, -15.7595327 ] ], [ [ -47.8820516, -15.7950056 ], [ -47.8822443, -15.794963 ], [ -47.8828397, -15.7947316 ] ], [ [ -47.8828397, -15.7947316 ], [ -47.8827877, -15.7946655 ], [ -47.8827462, -15.7946011 ], [ -47.8827086, -15.7945383 ], [ -47.8826802, -15.7944645 ], [ -47.8824507, -15.7938009 ], [ -47.8824413, -15.7937441 ], [ -47.882452, -15.7936963 ] ], [ [ -47.882452, -15.7936963 ], [ -47.8824762, -15.7936628 ], [ -47.8825201, -15.7936358 ], [ -47.8827988, -15.7935438 ], [ -47.8828409, -15.7935544 ], [ -47.8828865, -15.7935789 ], [ -47.8829214, -15.7936176 ], [ -47.882963, -15.7936912 ] ], [ [ -47.882963, -15.7936912 ], [ -47.8831747, -15.7944014 ], [ -47.8832164, -15.7945413 ], [ -47.8832348, -15.7946172 ] ], [ [ -47.8832348, -15.7946172 ], [ -47.8832808, -15.7947945 ] ], [ [ -47.8736136, -15.7851916 ], [ -47.8736081, -15.7851177 ], [ -47.8736101, -15.7846383 ], [ -47.8735873, -15.784424 ] ], [ [ -47.8736136, -15.7851916 ], [ -47.8736081, -15.7851177 ], [ -47.8736101, -15.7846383 ], [ -47.8735873, -15.784424 ] ], [ [ -47.8716132, -15.7757334 ], [ -47.8714965, -15.7756238 ], [ -47.8714589, -15.7755908 ], [ -47.8714189, -15.7755664 ], [ -47.8713275, -15.7755192 ] ], [ [ -47.8702307, -15.7754939 ], [ -47.8699583, -15.7753663 ] ], [ [ -47.8702479, -15.7755266 ], [ -47.8702307, -15.7754939 ] ], [ [ -47.871996, -15.7629743 ], [ -47.8719784, -15.7629601 ], [ -47.8718354, -15.7631244 ], [ -47.8718456, -15.7631326 ], [ -47.8718531, -15.7631386 ], [ -47.871996, -15.7629743 ] ], [ [ -47.8698145, -15.7659795 ], [ -47.8698028, -15.7659721 ], [ -47.8697859, -15.7659613 ], [ -47.8695236, -15.7663423 ], [ -47.8695375, -15.7663512 ], [ -47.8695521, -15.7663605 ], [ -47.8698145, -15.7659795 ] ], [ [ -47.8672982, -15.7694751 ], [ -47.8672838, -15.7694657 ], [ -47.8672712, -15.7694575 ], [ -47.8671493, -15.7696308 ], [ -47.8671619, -15.769639 ], [ -47.8671763, -15.7696484 ], [ -47.8672982, -15.7694751 ] ], [ [ -47.882936, -15.7948932 ], [ -47.8828397, -15.7947316 ] ], [ [ -47.876637, -15.7947158 ], [ -47.876754, -15.7946793 ] ], [ [ -47.876754, -15.7946793 ], [ -47.8773289, -15.7944978 ], [ -47.8778682, -15.7943275 ], [ -47.8783759, -15.7941671 ], [ -47.8790401, -15.7939574 ], [ -47.8793811, -15.7938497 ], [ -47.8797853, -15.7937221 ], [ -47.8799647, -15.7936655 ], [ -47.880455, -15.7935106 ], [ -47.8805069, -15.7934943 ], [ -47.8807614, -15.7934139 ], [ -47.8809536, -15.7933532 ] ], [ [ -47.8820516, -15.7950056 ], [ -47.8819277, -15.795174 ] ] ] } },
{ "type": "Feature", "properties": { "id_osm": 15616953, "nome": "110.2 - Universidade de Brasília / Caesb", "ref": "110.2" }, "geometry": { "type": "MultiLineString", "coordinates": [ [ [ -47.881934, -15.7937729 ], [ -47.8821419, -15.7937184 ], [ -47.8824588, -15.7947086 ], [ -47.8822637, -15.7947672 ], [ -47.8820895, -15.794242 ], [ -47.881934, -15.7937729 ] ], [ [ -47.8628444, -15.7633072 ], [ -47.8628766, -15.7633647 ], [ -47.8629068, -15.7633995 ], [ -47.8629477, -15.7634363 ], [ -47.8630536, -15.7634782 ] ], [ [ -47.8643845, -15.7634069 ], [ -47.8641266, -15.7634277 ], [ -47.8640748, -15.7634322 ], [ -47.8630856, -15.7634768 ], [ -47.8630536, -15.7634782 ] ], [ [ -47.8643845, -15.7634069 ], [ -47.8645546, -15.7633381 ], [ -47.8645953, -15.7633212 ] ], [ [ -47.8645953, -15.7633212 ], [ -47.8646243, -15.7632748 ], [ -47.8646671, -15.7632399 ], [ -47.8647194, -15.76322 ], [ -47.8647755, -15.7632173 ] ], [ [ -47.8647755, -15.7632173 ], [ -47.8649769, -15.7630793 ] ], [ [ -47.8661744, -15.761435 ], [ -47.8657192, -15.7620632 ], [ -47.865183, -15.7627998 ], [ -47.8649769, -15.7630793 ] ], [ [ -47.8661744, -15.761435 ], [ -47.8657192, -15.7620632 ], [ -47.865183, -15.7627998 ], [ -47.8649769, -15.7630793 ] ], [ [ -47.8661744, -15.761435 ], [ -47.8662443, -15.7612848 ], [ -47.8662555, -15.761219 ] ], [ [ -47.8662555, -15.761219 ], [ -47.8662511, -15.7611885 ], [ -47.866258, -15.761155 ], [ -47.8662661, -15.761139 ], [ -47.8662771, -15.7611247 ], [ -47.866291, -15.7611121 ], [ -47.8663072, -15.7611022 ], [ -47.8663303, -15.761094 ], [ -47.8663548, -15.7610913 ] ], [ [ -47.8663548, -15.7610913 ], [ -47.8664128, -15.7610482 ], [ -47.8665316, -15.7609406 ] ], [ [ -47.8676432, -15.7594036 ], [ -47.8672966, -15.7598926 ], [ -47.8666546, -15.7607779 ], [ -47.8665316, -15.7609406 ] ], [ [ -47.8676432, -15.7594036 ], [ -47.8676683, -15.7593484 ], [ -47.8676972, -15.759305 ], [ -47.8677173, -15.7592793 ], [ -47.8677914, -15.7592035 ] ], [ [ -47.8677914, -15.7592035 ], [ -47.8678013, -15.7591835 ], [ -47.8678191, -15.7591578 ], [ -47.8678442, -15.7591386 ], [ -47.8678742, -15.7591277 ] ], [ [ -47.8678742, -15.7591277 ], [ -47.8679096, -15.7591266 ], [ -47.8679433, -15.759137 ], [ -47.8679714, -15.7591578 ], [ -47.8679905, -15.7591865 ] ], [ [ -47.8679985, -15.7592197 ], [ -47.8680443, -15.7592704 ], [ -47.86809, -15.7593115 ], [ -47.8681554, -15.7593617 ], [ -47.8682537, -15.7594095 ] ], [ [ -47.8692761, -15.7597003 ], [ -47.8686901, -15.7595398 ], [ -47.8682537, -15.7594095 ] ], [ [ -47.8726465, -15.7605988 ], [ -47.8723975, -15.7605378 ], [ -47.8713221, -15.7602315 ], [ -47.8709124, -15.760127 ], [ -47.8704191, -15.7600047 ], [ -47.8703078, -15.7599724 ], [ -47.8696671, -15.7598052 ], [ -47.8693321, -15.7597136 ], [ -47.8692761, -15.7597003 ] ], [ [ -47.8726465, -15.7605988 ], [ -47.8728257, -15.7606313 ], [ -47.8728591, -15.7606374 ] ], [ [ -47.8728591, -15.7606374 ], [ -47.8728833, -15.7606204 ], [ -47.8729113, -15.7606127 ], [ -47.8729403, -15.7606145 ], [ -47.872967, -15.7606257 ] ], [ [ -47.872967, -15.7606257 ], [ -47.872987, -15.7606434 ] ], [ [ -47.872987, -15.7606434 ], [ -47.8732179, -15.7607487 ] ], [ [ -47.874495, -15.7610981 ], [ -47.8744519, -15.7610896 ], [ -47.874051, -15.7609934 ], [ -47.8739674, -15.7609706 ], [ -47.8735521, -15.7608576 ], [ -47.8732179, -15.7607487 ] ], [ [ -47.874495, -15.7610981 ], [ -47.8745747, -15.7610932 ], [ -47.8746233, -15.7610828 ], [ -47.8747018, -15.7610505 ] ], [ [ -47.8747018, -15.7610505 ], [ -47.8748345, -15.7606704 ], [ -47.8750397, -15.7600534 ], [ -47.8751326, -15.7597643 ], [ -47.875207, -15.7595327 ] ], [ [ -47.875207, -15.7595327 ], [ -47.8753006, -15.7592416 ] ], [ [ -47.8753006, -15.7592416 ], [ -47.8753618, -15.7591126 ], [ -47.8753866, -15.759093 ], [ -47.8754114, -15.7590861 ], [ -47.875438, -15.7590864 ], [ -47.8754669, -15.7590944 ], [ -47.8755135, -15.7591254 ], [ -47.875552, -15.7591687 ] ], [ [ -47.875552, -15.7591687 ], [ -47.8755209, -15.7592646 ], [ -47.8754935, -15.7593495 ], [ -47.8754367, -15.7595197 ], [ -47.8752784, -15.760016 ], [ -47.875143, -15.7604187 ], [ -47.8749231, -15.7611428 ], [ -47.8748333, -15.7614193 ], [ -47.8747816, -15.7615842 ], [ -47.8747024, -15.7618688 ] ], [ [ -47.8747024, -15.7618688 ], [ -47.8770105, -15.7625774 ] ], [ [ -47.8770105, -15.7625774 ], [ -47.8770799, -15.762352 ], [ -47.8771282, -15.7621952 ], [ -47.8771646, -15.762077 ], [ -47.8771868, -15.7620049 ], [ -47.8772798, -15.7617297 ], [ -47.8773836, -15.7613995 ], [ -47.8774453, -15.7612032 ], [ -47.8775033, -15.7610137 ], [ -47.8775992, -15.760713 ], [ -47.8777341, -15.7602872 ], [ -47.8777423, -15.7602613 ], [ -47.8777857, -15.7601244 ], [ -47.8778624, -15.7598978 ], [ -47.877964, -15.7595979 ], [ -47.8780847, -15.7592416 ] ], [ [ -47.8780847, -15.7592416 ], [ -47.878091, -15.7592212 ], [ -47.8782613, -15.7586721 ] ], [ [ -47.8782613, -15.7586721 ], [ -47.8783043, -15.7586745 ], [ -47.8783318, -15.7586759 ], [ -47.8783591, -15.7586813 ], [ -47.8783839, -15.7586929 ], [ -47.8784314, -15.7587363 ] ], [ [ -47.8784314, -15.7587363 ], [ -47.8783281, -15.7590977 ], [ -47.8782536, -15.7593009 ], [ -47.8781068, -15.7597179 ], [ -47.8779687, -15.7601748 ], [ -47.8777823, -15.7606407 ], [ -47.8776777, -15.7609085 ], [ -47.8775646, -15.7612407 ], [ -47.8775355, -15.761326 ], [ -47.8773954, -15.7617604 ], [ -47.8771225, -15.762607 ], [ -47.8770447, -15.7628923 ], [ -47.8768408, -15.7635189 ], [ -47.8766782, -15.7640683 ], [ -47.8765746, -15.7644185 ], [ -47.8763963, -15.7653078 ], [ -47.8763426, -15.7655452 ], [ -47.8761428, -15.7662248 ], [ -47.8761207, -15.7663222 ], [ -47.8761012, -15.7663938 ], [ -47.8760389, -15.766712 ], [ -47.8760121, -15.7668192 ], [ -47.8759966, -15.7668811 ], [ -47.8758406, -15.7674389 ], [ -47.8757988, -15.7675883 ], [ -47.8755634, -15.7684666 ], [ -47.8755245, -15.7686712 ], [ -47.875438, -15.7691552 ], [ -47.8752691, -15.7699825 ], [ -47.875084, -15.7709672 ], [ -47.8750638, -15.7711002 ], [ -47.8749933, -15.7715652 ], [ -47.8749264, -15.7723843 ], [ -47.8748842, -15.7726902 ], [ -47.8747514, -15.7734465 ], [ -47.8747313, -15.7736078 ], [ -47.8746994, -15.7737911 ], [ -47.8745805, -15.7746184 ], [ -47.8745677, -15.7747074 ], [ -47.8745127, -15.7749745 ], [ -47.8744282, -15.7758599 ], [ -47.8743933, -15.7762767 ], [ -47.8742766, -15.7776215 ], [ -47.8742541, -15.7779596 ], [ -47.8742324, -15.7782868 ], [ -47.8742217, -15.7785882 ], [ -47.8742257, -15.7791121 ], [ -47.874223, -15.7791909 ], [ -47.8741995, -15.7795658 ], [ -47.8741513, -15.7801143 ], [ -47.8741439, -15.7801985 ] ], [ [ -47.8741439, -15.7801985 ], [ -47.8741298, -15.7803904 ], [ -47.8741197, -15.7806198 ] ], [ [ -47.8741197, -15.7806198 ], [ -47.8740731, -15.7811908 ], [ -47.8740124, -15.7819333 ], [ -47.8738931, -15.78362 ] ], [ [ -47.8738931, -15.78362 ], [ -47.8738529, -15.784055 ] ], [ [ -47.8738529, -15.784055 ], [ -47.8737657, -15.7850409 ], [ -47.8736838, -15.7860469 ], [ -47.8736691, -15.7862269 ], [ -47.8736635, -15.7863274 ], [ -47.8736249, -15.7868812 ] ], [ [ -47.8736249, -15.7868812 ], [ -47.8736112, -15.7871597 ], [ -47.8735506, -15.78764 ] ], [ [ -47.8735506, -15.78764 ], [ -47.8734861, -15.7881511 ] ], [ [ -47.8734861, -15.7881511 ], [ -47.8734183, -15.788715 ], [ -47.8733962, -15.7890293 ], [ -47.8734123, -15.789217 ], [ -47.8734485, -15.7893487 ], [ -47.8735042, -15.7894726 ] ], [ [ -47.8735042, -15.7894726 ], [ -47.8736423, -15.7896552 ], [ -47.8737375, -15.7897507 ], [ -47.8738663, -15.7898416 ] ], [ [ -47.8738663, -15.7898416 ], [ -47.8739682, -15.7899081 ], [ -47.874172, -15.790061 ], [ -47.874286, -15.7901539 ], [ -47.8743973, -15.7902701 ] ], [ [ -47.8743973, -15.7902701 ], [ -47.8746217, -15.7909627 ], [ -47.8747601, -15.7913896 ], [ -47.8748305, -15.7915993 ], [ -47.874919, -15.7918671 ], [ -47.8749351, -15.7919026 ], [ -47.8749472, -15.7919522 ], [ -47.8750586, -15.7922596 ], [ -47.8753008, -15.7929598 ] ], [ [ -47.8753008, -15.7929598 ], [ -47.8754172, -15.7932989 ] ], [ [ -47.8754172, -15.7932989 ], [ -47.8755118, -15.7935957 ], [ -47.8756537, -15.7940318 ], [ -47.8757297, -15.7942551 ], [ -47.8759121, -15.794681 ], [ -47.8759713, -15.7948091 ], [ -47.8760099, -15.7949212 ] ], [ [ -47.8760099, -15.7949212 ], [ -47.876637, -15.7947158 ] ], [ [ -47.876637, -15.7947158 ], [ -47.876754, -15.7946793 ] ], [ [ -47.876754, -15.7946793 ], [ -47.8773289, -15.7944978 ], [ -47.8778682, -15.7943275 ], [ -47.8783759, -15.7941671 ], [ -47.8790401, -15.7939574 ], [ -47.8793811, -15.7938497 ], [ -47.8797853, -15.7937221 ], [ -47.8799647, -15.7936655 ], [ -47.880455, -15.7935106 ], [ -47.8805069, -15.7934943 ], [ -47.8807614, -15.7934139 ], [ -47.8809536, -15.7933532 ] ], [ [ -47.8809536, -15.7933532 ], [ -47.8810244, -15.7933911 ], [ -47.8810901, -15.7934092 ], [ -47.8811572, -15.7934176 ], [ -47.8814613, -15.7933447 ] ], [ [ -47.8814613, -15.7933447 ], [ -47.881522, -15.7933776 ], [ -47.881582, -15.793415 ], [ -47.8816306, -15.7934673 ], [ -47.8816728, -15.7935376 ], [ -47.8820135, -15.7946758 ], [ -47.8820376, -15.7947777 ], [ -47.8820483, -15.79485 ], [ -47.8820516, -15.7950056 ] ], [ [ -47.8820516, -15.7950056 ], [ -47.8819277, -15.795174 ] ], [ [ -47.8819277, -15.795174 ], [ -47.8817804, -15.795211 ] ], [ [ -47.8817804, -15.795211 ], [ -47.8813736, -15.7953201 ], [ -47.8808905, -15.795473 ], [ -47.8808379, -15.7954901 ], [ -47.8806056, -15.7955625 ], [ -47.8794873, -15.7959163 ], [ -47.8791634, -15.7960242 ], [ -47.8787399, -15.796155 ], [ -47.8773893, -15.7965722 ] ], [ [ -47.8773893, -15.7965722 ], [ -47.8772364, -15.7966181 ] ], [ [ -47.8772364, -15.7966181 ], [ -47.8769728, -15.796709 ] ], [ [ -47.8769728, -15.796709 ], [ -47.8765856, -15.7968337 ] ], [ [ -47.8765856, -15.7968337 ], [ -47.876132, -15.7969962 ] ], [ [ -47.876132, -15.7969962 ], [ -47.8760851, -15.7970125 ], [ -47.8760142, -15.797038 ] ], [ [ -47.8760142, -15.797038 ], [ -47.8757373, -15.7971188 ], [ -47.8753573, -15.7972496 ] ], [ [ -47.8753573, -15.7972496 ], [ -47.8752818, -15.797007 ], [ -47.8750696, -15.7963669 ], [ -47.8749105, -15.7958868 ], [ -47.874784, -15.7955098 ], [ -47.8747147, -15.7953242 ] ], [ [ -47.8747147, -15.7953242 ], [ -47.8748073, -15.7952943 ], [ -47.8751782, -15.7951716 ] ], [ [ -47.8751782, -15.7951716 ], [ -47.8752255, -15.7950591 ], [ -47.8752449, -15.7949894 ], [ -47.875261, -15.7949029 ], [ -47.8752539, -15.7948125 ], [ -47.8752523, -15.7947919 ], [ -47.8751866, -15.794528 ], [ -47.8750832, -15.794187 ], [ -47.8748876, -15.7935418 ], [ -47.8748707, -15.7934898 ] ], [ [ -47.8748707, -15.7934898 ], [ -47.8747616, -15.7931452 ] ], [ [ -47.8747616, -15.7931452 ], [ -47.8745335, -15.7924355 ] ], [ [ -47.8745335, -15.7924355 ], [ -47.8744219, -15.7921259 ], [ -47.8744, -15.7920742 ], [ -47.874385, -15.7920242 ] ], [ [ -47.874385, -15.7920242 ], [ -47.8742768, -15.7917876 ] ], [ [ -47.8742768, -15.7917876 ], [ -47.8736141, -15.7907263 ], [ -47.8734498, -15.7904662 ] ], [ [ -47.8734498, -15.7904662 ], [ -47.8733585, -15.7899815 ], [ -47.8733061, -15.7895387 ], [ -47.8733003, -15.7891473 ], [ -47.8733164, -15.7886853 ], [ -47.8734685, -15.7872225 ], [ -47.8734894, -15.7870219 ], [ -47.8735197, -15.7865201 ], [ -47.8735377, -15.7862224 ], [ -47.8735424, -15.7861624 ], [ -47.8736136, -15.7851916 ] ], [ [ -47.8736136, -15.7851916 ], [ -47.8736081, -15.7851177 ], [ -47.8736101, -15.7846383 ], [ -47.8735873, -15.784424 ] ], [ [ -47.8735873, -15.784424 ], [ -47.8735162, -15.7841388 ], [ -47.8734492, -15.783944 ], [ -47.8733868, -15.7837917 ], [ -47.8732561, -15.7835581 ], [ -47.8731367, -15.7833865 ], [ -47.873018, -15.7832406 ], [ -47.8728289, -15.7830193 ] ], [ [ -47.8728289, -15.7830193 ], [ -47.8722113, -15.7824908 ], [ -47.8714255, -15.7818352 ] ], [ [ -47.8714255, -15.7818352 ], [ -47.8713658, -15.7816946 ], [ -47.8712813, -15.7814842 ], [ -47.871231, -15.7813442 ], [ -47.8712035, -15.7812054 ], [ -47.8711928, -15.7810448 ], [ -47.8711934, -15.7808757 ], [ -47.871203, -15.7807375 ] ], [ [ -47.871203, -15.7807375 ], [ -47.8712424, -15.7803582 ] ], [ [ -47.8712424, -15.7803582 ], [ -47.8712994, -15.7797626 ], [ -47.8713664, -15.7788302 ] ], [ [ -47.8713664, -15.7788302 ], [ -47.8713772, -15.7786675 ], [ -47.8714348, -15.7778538 ], [ -47.8714878, -15.7774802 ], [ -47.8715213, -15.7767188 ], [ -47.8715905, -15.7760174 ], [ -47.8716132, -15.7757334 ] ], [ [ -47.8716132, -15.7757334 ], [ -47.8716608, -15.7752092 ], [ -47.8717377, -15.7746516 ] ], [ [ -47.8717377, -15.7746516 ], [ -47.8717715, -15.7744022 ] ], [ [ -47.8717715, -15.7744022 ], [ -47.8718117, -15.7740521 ], [ -47.8718513, -15.7737065 ], [ -47.8719243, -15.7730864 ] ], [ [ -47.8719243, -15.7730864 ], [ -47.8717992, -15.7729929 ], [ -47.8712719, -15.7722682 ], [ -47.8712267, -15.7722061 ], [ -47.8711645, -15.7721198 ], [ -47.8710353, -15.7719408 ] ], [ [ -47.8631777, -15.7692855 ], [ -47.8630068, -15.7680233 ], [ -47.8629638, -15.7677058 ], [ -47.8629468, -15.7675691 ], [ -47.8629322, -15.7674767 ], [ -47.8627633, -15.7661415 ], [ -47.862605, -15.7650393 ], [ -47.8625567, -15.7647179 ], [ -47.8625058, -15.764243 ], [ -47.8625002, -15.7640918 ], [ -47.8624877, -15.7637557 ], [ -47.8624888, -15.7637154 ], [ -47.862492, -15.7636009 ] ], [ [ -47.862492, -15.7636009 ], [ -47.8624615, -15.7635157 ], [ -47.8624219, -15.7634395 ], [ -47.86238, -15.7633914 ], [ -47.8622925, -15.7633104 ] ], [ [ -47.8589069, -15.765584 ], [ -47.8593998, -15.7650987 ], [ -47.8599811, -15.7644953 ], [ -47.8605511, -15.7639429 ], [ -47.8607587, -15.7637302 ], [ -47.8608474, -15.7636395 ], [ -47.8609083, -15.7635778 ], [ -47.8610679, -15.763417 ], [ -47.8611231, -15.7633614 ], [ -47.8612878, -15.7632483 ], [ -47.8613687, -15.7632059 ], [ -47.8614657, -15.7631701 ], [ -47.861653, -15.7631287 ], [ -47.8618198, -15.7631332 ], [ -47.8619365, -15.7631645 ], [ -47.8620264, -15.7631967 ], [ -47.8622925, -15.7633104 ] ], [ [ -47.868217, -15.7682697 ], [ -47.8681939, -15.7682508 ], [ -47.8681778, -15.7682261 ], [ -47.8681703, -15.7681978 ], [ -47.868172, -15.7681687 ], [ -47.8681828, -15.7681414 ] ], [ [ -47.8681828, -15.7681414 ], [ -47.8680567, -15.7678928 ] ], [ [ -47.8680567, -15.7678928 ], [ -47.8678654, -15.7676212 ], [ -47.8676017, -15.7672711 ], [ -47.8673019, -15.7668595 ], [ -47.8672053, -15.7667269 ], [ -47.8670803, -15.7665526 ] ], [ [ -47.8670803, -15.7665526 ], [ -47.8669299, -15.7664241 ] ], [ [ -47.8669299, -15.7664241 ], [ -47.8668784, -15.7664179 ], [ -47.8668377, -15.7663869 ], [ -47.8668199, -15.7663399 ], [ -47.86683, -15.7662909 ] ], [ [ -47.86683, -15.7662909 ], [ -47.8667519, -15.7661035 ] ], [ [ -47.8667519, -15.7661035 ], [ -47.8666699, -15.7659943 ], [ -47.8663915, -15.7655994 ], [ -47.8663637, -15.76556 ], [ -47.8663447, -15.765533 ] ], [ [ -47.8663447, -15.765533 ], [ -47.8662856, -15.7654471 ], [ -47.8662022, -15.7653373 ], [ -47.8658156, -15.7648282 ], [ -47.865105, -15.7638925 ], [ -47.8650851, -15.7638654 ], [ -47.8649645, -15.7637015 ] ], [ [ -47.8649645, -15.7637015 ], [ -47.8648076, -15.7635832 ], [ -47.8647618, -15.7635487 ] ], [ [ -47.8647618, -15.7635487 ], [ -47.8646757, -15.7635298 ], [ -47.8646271, -15.7634934 ] ], [ [ -47.8646271, -15.7634934 ], [ -47.8645385, -15.763442 ], [ -47.8644811, -15.7634254 ], [ -47.8643845, -15.7634069 ] ], [ [ -47.8643845, -15.7634069 ], [ -47.8641266, -15.7634277 ], [ -47.8640748, -15.7634322 ], [ -47.8630856, -15.7634768 ], [ -47.8630536, -15.7634782 ] ], [ [ -47.8630536, -15.7634782 ], [ -47.8629631, -15.7635086 ], [ -47.862922, -15.763532 ], [ -47.8628963, -15.7635617 ], [ -47.8628763, -15.7635947 ], [ -47.8628387, -15.7637307 ] ], [ [ -47.8628444, -15.7633072 ], [ -47.8628387, -15.7637307 ] ], [ [ -47.8697177, -15.7552921 ], [ -47.8686081, -15.7564202 ], [ -47.8681375, -15.7569114 ], [ -47.8680809, -15.7569678 ], [ -47.8677362, -15.7573137 ], [ -47.8671977, -15.7578542 ], [ -47.867131, -15.757923 ], [ -47.8660919, -15.7589454 ], [ -47.8658357, -15.7591996 ], [ -47.8655165, -15.7595152 ], [ -47.8653616, -15.7596707 ], [ -47.8651437, -15.7598856 ], [ -47.8645121, -15.7605452 ], [ -47.8641526, -15.7609272 ], [ -47.8638402, -15.7612951 ], [ -47.8634942, -15.7617533 ], [ -47.8632313, -15.7622256 ], [ -47.8631213, -15.7624528 ], [ -47.8629899, -15.7627819 ], [ -47.8629202, -15.7629846 ], [ -47.8628685, -15.7631562 ], [ -47.8628444, -15.7633072 ] ], [ [ -47.8777218, -15.7472105 ], [ -47.8763385, -15.748605 ], [ -47.8761884, -15.7487564 ], [ -47.8759912, -15.7489474 ], [ -47.8722556, -15.7527273 ], [ -47.8721885, -15.7527983 ], [ -47.870773, -15.7542291 ], [ -47.8706494, -15.7543464 ], [ -47.8697177, -15.7552921 ] ], [ [ -47.8773558, -15.746906 ], [ -47.8776669, -15.7471648 ], [ -47.8777218, -15.7472105 ] ], [ [ -47.8725143, -15.751782 ], [ -47.8733949, -15.7509151 ], [ -47.8738777, -15.7504266 ], [ -47.8744885, -15.7498193 ], [ -47.8746379, -15.7496675 ], [ -47.8751461, -15.7491511 ], [ -47.8763961, -15.7478811 ], [ -47.8773558, -15.746906 ] ], [ [ -47.8718486, -15.7524802 ], [ -47.8719217, -15.7524053 ], [ -47.8722462, -15.752064 ], [ -47.8725143, -15.751782 ] ], [ [ -47.8711948, -15.7531365 ], [ -47.8718486, -15.7524802 ] ], [ [ -47.8709074, -15.753425 ], [ -47.871039, -15.7532918 ], [ -47.8711948, -15.7531365 ] ], [ [ -47.8704805, -15.7538518 ], [ -47.8709074, -15.753425 ] ], [ [ -47.869478, -15.7548697 ], [ -47.8695079, -15.7548387 ], [ -47.8703552, -15.7539777 ], [ -47.8704805, -15.7538518 ] ], [ [ -47.8694373, -15.7549119 ], [ -47.869478, -15.7548697 ] ], [ [ -47.8689954, -15.7553687 ], [ -47.8694373, -15.7549119 ] ], [ [ -47.8654897, -15.7589112 ], [ -47.8667994, -15.7576091 ], [ -47.8668653, -15.7575434 ], [ -47.8673881, -15.7570062 ], [ -47.8677267, -15.7566582 ], [ -47.8677958, -15.7565866 ], [ -47.8682604, -15.7561265 ], [ -47.868367, -15.7560218 ], [ -47.8684603, -15.755925 ], [ -47.8689954, -15.7553687 ] ], [ [ -47.8648842, -15.759532 ], [ -47.8650297, -15.7593849 ], [ -47.865211, -15.7591935 ], [ -47.8654897, -15.7589112 ] ], [ [ -47.8710353, -15.7719408 ], [ -47.8708919, -15.771745 ], [ -47.8708176, -15.7716437 ], [ -47.8707635, -15.7715713 ], [ -47.8706555, -15.7714264 ] ], [ [ -47.8706555, -15.7714264 ], [ -47.8705816, -15.7713278 ], [ -47.8705348, -15.7712655 ], [ -47.8702722, -15.7709178 ], [ -47.8700627, -15.7706145 ], [ -47.8694076, -15.7697095 ], [ -47.8684357, -15.7684106 ], [ -47.8683212, -15.7682695 ] ], [ [ -47.8683212, -15.7682695 ], [ -47.8682962, -15.7682802 ], [ -47.8682691, -15.7682839 ], [ -47.868242, -15.7682803 ], [ -47.868217, -15.7682697 ] ], [ [ -47.8628387, -15.7637307 ], [ -47.8628418, -15.7637892 ], [ -47.862848, -15.7638552 ], [ -47.8628927, -15.7642868 ] ], [ [ -47.8628927, -15.7642868 ], [ -47.8631267, -15.7659828 ], [ -47.8632112, -15.76657 ], [ -47.863334, -15.7675291 ], [ -47.8633654, -15.7677819 ], [ -47.8635103, -15.7688325 ], [ -47.8635726, -15.7693017 ] ], [ [ -47.8635726, -15.7693017 ], [ -47.8635626, -15.7694623 ], [ -47.8635619, -15.7695359 ], [ -47.8635934, -15.7698018 ], [ -47.8635981, -15.7698986 ], [ -47.8635719, -15.7699554 ], [ -47.8635009, -15.7699973 ], [ -47.8634305, -15.7699979 ], [ -47.8633701, -15.7699644 ], [ -47.8633258, -15.7698979 ], [ -47.8633104, -15.7698063 ], [ -47.8632702, -15.7695643 ], [ -47.8632507, -15.7694669 ], [ -47.8632253, -15.7693907 ], [ -47.8631777, -15.7692855 ] ], [ [ -47.8645375, -15.7598882 ], [ -47.8648842, -15.759532 ] ], [ [ -47.8636746, -15.7607572 ], [ -47.8639193, -15.7605065 ], [ -47.8645375, -15.7598882 ] ], [ [ -47.8611231, -15.7633614 ], [ -47.8613141, -15.7631646 ], [ -47.8618593, -15.7626028 ], [ -47.8624588, -15.7620037 ], [ -47.8629825, -15.7614377 ], [ -47.863301, -15.7611002 ], [ -47.8633946, -15.7610031 ], [ -47.8635072, -15.7608885 ], [ -47.8636746, -15.7607572 ] ], [ [ -47.8589069, -15.765584 ], [ -47.8588157, -15.7654265 ] ], [ [ -47.8588157, -15.7654265 ], [ -47.8587867, -15.7653518 ], [ -47.858775, -15.7653215 ], [ -47.8586364, -15.7651767 ], [ -47.8585562, -15.7650929 ] ], [ [ -47.8585562, -15.7650929 ], [ -47.8586208, -15.7650195 ], [ -47.8587418, -15.7648938 ], [ -47.8588725, -15.7647585 ], [ -47.8589982, -15.7646284 ], [ -47.8591284, -15.7644991 ], [ -47.8592561, -15.7643724 ] ], [ [ -47.8599811, -15.7644953 ], [ -47.8599134, -15.7644125 ], [ -47.8597872, -15.7643022 ], [ -47.8597061, -15.7642123 ], [ -47.859696, -15.7642011 ], [ -47.8595017, -15.7642113 ], [ -47.8594259, -15.7642268 ], [ -47.8593515, -15.7642746 ], [ -47.8593086, -15.7643201 ], [ -47.8592561, -15.7643724 ] ] ] } },
{ "type": "Feature", "properties": { "id_osm": 15772236, "nome": "TR21 - Terminal de Integração do Gama / Rodoviária do Plano Piloto Paradora", "ref": "2202" }, "geometry": { "type": "MultiLineString", "coordinates": [ [ [ -47.8821419, -15.7937184 ], [ -47.8823008, -15.7936714 ], [ -47.8824686, -15.7941887 ], [ -47.8825293, -15.7943758 ], [ -47.8826215, -15.7946597 ], [ -47.8824588, -15.7947086 ], [ -47.8821419, -15.7937184 ] ], [ [ -47.9598502, -15.8806182 ], [ -47.959784, -15.880208 ], [ -47.9597103, -15.8797512 ], [ -47.9598021, -15.8797354 ], [ -47.9598182, -15.8798342 ], [ -47.9598383, -15.8799595 ], [ -47.9598584, -15.8800848 ], [ -47.9598784, -15.88021 ], [ -47.9598964, -15.8803223 ], [ -47.9599143, -15.8804346 ], [ -47.9599321, -15.8805469 ], [ -47.9599414, -15.8806052 ], [ -47.9598502, -15.8806182 ] ], [ [ -47.9615266, -15.8915166 ], [ -47.9614345, -15.8915297 ], [ -47.9613078, -15.8907035 ], [ -47.9614001, -15.8906904 ], [ -47.9615266, -15.8915166 ] ], [ [ -47.9682668, -15.9120256 ], [ -47.9681849, -15.9120782 ], [ -47.9677125, -15.911398 ], [ -47.9677946, -15.9113453 ], [ -47.9682668, -15.9120256 ] ], [ [ -47.9757322, -15.9232972 ], [ -47.9756583, -15.9233429 ], [ -47.9751927, -15.9226461 ], [ -47.9752668, -15.9226004 ], [ -47.9757322, -15.9232972 ] ], [ [ -47.9885897, -15.9425317 ], [ -47.9885162, -15.9425749 ], [ -47.9880628, -15.9418928 ], [ -47.9881349, -15.9418509 ], [ -47.9885897, -15.9425317 ] ], [ [ -48.0078984, -15.9546857 ], [ -48.007292, -15.9541223 ], [ -48.0073599, -15.9540547 ], [ -48.0079662, -15.9546183 ], [ -48.0078984, -15.9546857 ] ], [ [ -48.02266, -15.9678951 ], [ -48.0220326, -15.9673019 ], [ -48.0220946, -15.9672413 ], [ -48.0227221, -15.9678343 ], [ -48.02266, -15.9678951 ] ], [ [ -48.0504961, -15.9925658 ], [ -48.0504168, -15.9926505 ], [ -48.0489912, -15.9913814 ], [ -48.0490723, -15.9912972 ], [ -48.0504961, -15.9925658 ] ], [ [ -48.05034, -15.9927294 ], [ -48.0502601, -15.9928145 ], [ -48.0488357, -15.9915453 ], [ -48.0489157, -15.9914616 ], [ -48.05034, -15.9927294 ] ], [ [ -48.04904, -15.9911879 ], [ -48.0506145, -15.9925853 ], [ -48.050314, -15.9929231 ], [ -48.048723, -15.9914879 ], [ -48.04904, -15.9911879 ] ], [ [ -47.9275346, -15.8360492 ], [ -47.928063, -15.8364659 ], [ -47.9289052, -15.8370581 ], [ -47.9294068, -15.83748 ], [ -47.9295541, -15.8376235 ], [ -47.92973, -15.8377948 ], [ -47.9298627, -15.8379716 ], [ -47.9301564, -15.8383302 ], [ -47.9305547, -15.8391353 ] ], [ [ -47.9305547, -15.8391353 ], [ -47.9307702, -15.8395368 ], [ -47.9310644, -15.8402642 ], [ -47.9312092, -15.8407932 ], [ -47.9313071, -15.8414718 ], [ -47.9313762, -15.842322 ] ], [ [ -47.9313762, -15.842322 ], [ -47.9314546, -15.8438212 ], [ -47.9315219, -15.8447638 ] ], [ [ -47.9315219, -15.8447638 ], [ -47.9314834, -15.8448171 ], [ -47.9315287, -15.845345 ], [ -47.9315936, -15.846206 ], [ -47.9317647, -15.8484463 ], [ -47.931804, -15.8488493 ], [ -47.9319948, -15.849873 ], [ -47.9320755, -15.8502836 ], [ -47.9322446, -15.8509156 ], [ -47.9323037, -15.8511275 ] ], [ [ -47.9323037, -15.8511275 ], [ -47.932404, -15.8514983 ] ], [ [ -47.932404, -15.8514983 ], [ -47.9326544, -15.8523633 ], [ -47.933399, -15.8551468 ], [ -47.9334623, -15.8553265 ], [ -47.9336058, -15.8558683 ], [ -47.9336473, -15.8560257 ], [ -47.9336765, -15.8561299 ], [ -47.9336893, -15.8562124 ] ], [ [ -47.9337479, -15.8564153 ], [ -47.9336893, -15.8562124 ] ], [ [ -47.9344372, -15.8579621 ], [ -47.9343031, -15.8578202 ], [ -47.9341905, -15.8576899 ], [ -47.9340751, -15.857508 ], [ -47.9340027, -15.8573377 ], [ -47.9339263, -15.8570552 ], [ -47.9338324, -15.8567081 ], [ -47.9337479, -15.8564153 ] ], [ [ -47.9423256, -15.8654476 ], [ -47.9422914, -15.8653985 ], [ -47.942223, -15.8652973 ], [ -47.9420936, -15.8651373 ], [ -47.9419367, -15.8649703 ], [ -47.9417845, -15.8648374 ], [ -47.9415599, -15.8646871 ], [ -47.9411696, -15.8644884 ], [ -47.9407297, -15.8642614 ], [ -47.9402818, -15.864006 ], [ -47.9399041, -15.8637299 ], [ -47.9397045, -15.863558 ], [ -47.9392746, -15.8632036 ], [ -47.9389139, -15.8628127 ], [ -47.9386738, -15.8625315 ], [ -47.9385077, -15.8623338 ], [ -47.936855, -15.8603673 ], [ -47.9356939, -15.8590277 ], [ -47.9353465, -15.8586871 ], [ -47.9348785, -15.8583182 ], [ -47.9344372, -15.8579621 ] ], [ [ -47.94274, -15.8663383 ], [ -47.9423256, -15.8654476 ] ], [ [ -47.9477605, -15.8700392 ], [ -47.9471543, -15.86978 ], [ -47.9465219, -15.8694904 ], [ -47.9458655, -15.8691737 ], [ -47.9450957, -15.8687893 ], [ -47.9446598, -15.8685874 ], [ -47.944344, -15.8684288 ], [ -47.9441294, -15.8683191 ], [ -47.9439336, -15.8681856 ], [ -47.9437485, -15.8680373 ], [ -47.9435554, -15.8678418 ], [ -47.9433817, -15.8676322 ], [ -47.9432067, -15.8673432 ], [ -47.9429908, -15.866875 ], [ -47.94274, -15.8663383 ] ], [ [ -47.9478899, -15.8700954 ], [ -47.9477605, -15.8700392 ] ], [ [ -47.9578477, -15.8757142 ], [ -47.9541608, -15.8735587 ], [ -47.9500651, -15.8711642 ], [ -47.9492685, -15.8707333 ], [ -47.9485658, -15.8703947 ], [ -47.9478899, -15.8700954 ] ], [ [ -47.9594907, -15.8782885 ], [ -47.9592879, -15.8770571 ], [ -47.9592166, -15.876814 ], [ -47.9591096, -15.8766149 ], [ -47.9588153, -15.8763358 ], [ -47.9583129, -15.8759758 ], [ -47.9578477, -15.8757142 ] ], [ [ -47.9595684, -15.8787073 ], [ -47.9594907, -15.8782885 ] ], [ [ -47.9595558, -15.8790463 ], [ -47.9595684, -15.8787073 ] ], [ [ -47.9599595, -15.8818135 ], [ -47.9598976, -15.8812359 ], [ -47.9598244, -15.8806801 ], [ -47.95967, -15.8796708 ], [ -47.9595539, -15.8792285 ], [ -47.9595558, -15.8790463 ] ], [ [ -47.9601911, -15.8837708 ], [ -47.9599595, -15.8818135 ] ], [ [ -47.9602267, -15.8839792 ], [ -47.9601911, -15.8837708 ] ], [ [ -47.9761142, -15.924084 ], [ -47.9758438, -15.9236776 ], [ -47.9756199, -15.9233462 ], [ -47.9754268, -15.9230611 ], [ -47.9751813, -15.9226691 ], [ -47.9748715, -15.9221984 ], [ -47.9747401, -15.9219804 ], [ -47.9681573, -15.9121187 ], [ -47.967659, -15.9113858 ], [ -47.9674108, -15.9109758 ], [ -47.9656511, -15.9083287 ], [ -47.9648811, -15.9071261 ], [ -47.9647252, -15.9068996 ], [ -47.9641651, -15.9059602 ], [ -47.9636942, -15.9048493 ], [ -47.9634492, -15.9039741 ], [ -47.9614222, -15.8916073 ], [ -47.9612727, -15.89068 ], [ -47.9611995, -15.8902852 ], [ -47.9607376, -15.8872507 ], [ -47.9602267, -15.8839792 ] ], [ [ -47.960317, -15.883964 ], [ -47.9613719, -15.8904581 ], [ -47.9614177, -15.8906942 ], [ -47.9615518, -15.8915079 ], [ -47.9616494, -15.8922072 ], [ -47.961868, -15.8935872 ], [ -47.962313, -15.8963863 ], [ -47.9626861, -15.898699 ], [ -47.9629085, -15.9000218 ], [ -47.9631602, -15.9015672 ], [ -47.9633948, -15.9030838 ], [ -47.9635444, -15.9039376 ], [ -47.9636791, -15.9043995 ], [ -47.9638918, -15.9050156 ], [ -47.9640148, -15.9053601 ], [ -47.9642997, -15.9060009 ], [ -47.9648121, -15.9068804 ], [ -47.9649311, -15.9070732 ], [ -47.9651154, -15.9073445 ], [ -47.9656646, -15.9081533 ], [ -47.9663378, -15.9091742 ], [ -47.9669169, -15.9100514 ], [ -47.9675304, -15.9109376 ], [ -47.9676682, -15.9111254 ], [ -47.9678199, -15.9113287 ], [ -47.9682932, -15.9120336 ], [ -47.9684977, -15.9123628 ], [ -47.9722866, -15.9181112 ], [ -47.9732037, -15.9195077 ], [ -47.9739397, -15.9206179 ], [ -47.9747824, -15.9218692 ], [ -47.9752788, -15.9225847 ], [ -47.9757422, -15.9232713 ], [ -47.9760511, -15.9237449 ], [ -47.9765896, -15.9245867 ], [ -47.9770181, -15.925246 ], [ -47.9774895, -15.9259628 ], [ -47.9785231, -15.9275136 ], [ -47.9786415, -15.9276991 ], [ -47.9792224, -15.9285717 ], [ -47.9800378, -15.9297837 ], [ -47.9829268, -15.9341493 ], [ -47.9845524, -15.9366037 ], [ -47.9847884, -15.9369546 ], [ -47.986411, -15.9394008 ], [ -47.9870702, -15.9404203 ], [ -47.9877917, -15.9413378 ], [ -47.9879469, -15.9415353 ], [ -47.9880459, -15.9416789 ], [ -47.9880668, -15.9417067 ], [ -47.9881243, -15.9418004 ], [ -47.989041, -15.9432062 ], [ -47.9899583, -15.9445845 ] ], [ [ -47.9602858, -15.8837554 ], [ -47.960317, -15.883964 ] ], [ [ -47.9602209, -15.881766 ], [ -47.9601871, -15.8826119 ], [ -47.9601839, -15.8829148 ], [ -47.9602858, -15.8837554 ] ], [ [ -47.9597456, -15.8790198 ], [ -47.9598151, -15.8791842 ], [ -47.9598351, -15.8796547 ], [ -47.9601417, -15.8813818 ], [ -47.9602209, -15.881766 ] ], [ [ -47.9595684, -15.8787073 ], [ -47.9597456, -15.8790198 ] ], [ [ -47.9899583, -15.9445845 ], [ -47.9901749, -15.9449195 ], [ -47.9902728, -15.9450949 ], [ -47.9903999, -15.9453048 ] ], [ [ -47.9903999, -15.9453048 ], [ -47.9908528, -15.9457912 ] ], [ [ -47.9908528, -15.9457912 ], [ -47.9912738, -15.9462744 ], [ -47.9915062, -15.9465467 ], [ -47.9916246, -15.946668 ], [ -47.9917881, -15.9468011 ], [ -47.9919599, -15.946904 ], [ -47.9921555, -15.9469955 ], [ -47.9923743, -15.9470613 ], [ -47.9924923, -15.9470897 ], [ -47.9926312, -15.9471091 ], [ -47.9927927, -15.9471258 ], [ -47.992942, -15.9471308 ], [ -47.9930998, -15.9471168 ], [ -47.9932297, -15.9470985 ] ], [ [ -47.9932297, -15.9470985 ], [ -47.9945617, -15.9466818 ] ], [ [ -47.9945617, -15.9466818 ], [ -47.9947201, -15.9465725 ], [ -47.995326, -15.9463166 ], [ -47.995601, -15.9462348 ], [ -47.9959006, -15.9461603 ], [ -47.9961965, -15.9461226 ], [ -47.9964615, -15.9461019 ], [ -47.9967101, -15.9461007 ], [ -47.9969284, -15.9461107 ], [ -47.9973538, -15.9461793 ], [ -47.9974732, -15.9462064 ], [ -47.9975805, -15.9462296 ], [ -47.9980675, -15.9463699 ], [ -47.9986386, -15.9465938 ], [ -47.9992535, -15.946937 ], [ -47.9999006, -15.9473599 ], [ -48.0013675, -15.948653 ], [ -48.0030232, -15.9501255 ], [ -48.0046513, -15.9515869 ], [ -48.0062242, -15.9530061 ], [ -48.0067792, -15.9535132 ], [ -48.0073664, -15.9540224 ], [ -48.0079813, -15.9545826 ], [ -48.0084799, -15.9550486 ], [ -48.009364, -15.9558307 ], [ -48.0099143, -15.9563113 ], [ -48.0112192, -15.9574812 ], [ -48.0122454, -15.9583883 ], [ -48.0137636, -15.9597501 ], [ -48.0144676, -15.9603787 ], [ -48.0156054, -15.9614367 ], [ -48.0161219, -15.9618981 ], [ -48.0172656, -15.9629145 ], [ -48.018107, -15.9636663 ], [ -48.0184818, -15.9640491 ], [ -48.0192061, -15.9648009 ], [ -48.0195376, -15.9651249 ] ], [ [ -48.0195376, -15.9651249 ], [ -48.0197971, -15.9653345 ] ], [ [ -48.0197971, -15.9653345 ], [ -48.0205926, -15.9659431 ] ], [ [ -48.0205926, -15.9659431 ], [ -48.0209269, -15.9662246 ] ], [ [ -48.0209269, -15.9662246 ], [ -48.0218573, -15.9670039 ], [ -48.0220969, -15.9672177 ], [ -48.0227649, -15.9678318 ], [ -48.023862, -15.9687631 ], [ -48.0241498, -15.9690085 ], [ -48.0261757, -15.9708337 ], [ -48.0275431, -15.9720702 ], [ -48.0283923, -15.9728189 ], [ -48.0301359, -15.9743797 ], [ -48.0313768, -15.975502 ], [ -48.0342232, -15.9780639 ], [ -48.0358692, -15.9795324 ], [ -48.0362759, -15.9799161 ], [ -48.0364199, -15.9800401 ], [ -48.0386886, -15.9820668 ], [ -48.0421997, -15.9851999 ], [ -48.0435247, -15.9864057 ], [ -48.044698, -15.9874991 ], [ -48.0457199, -15.9884006 ], [ -48.0458984, -15.9885608 ], [ -48.0459809, -15.9886239 ] ], [ [ -48.0459809, -15.9886239 ], [ -48.0460225, -15.9886651 ], [ -48.0460808, -15.9887212 ], [ -48.04616, -15.9887973 ], [ -48.0463605, -15.9889868 ], [ -48.0466676, -15.9892685 ], [ -48.0470002, -15.9895714 ], [ -48.0473153, -15.9898518 ], [ -48.0475688, -15.9900729 ], [ -48.0485034, -15.9909094 ] ], [ [ -48.0485034, -15.9909094 ], [ -48.048587, -15.9908827 ], [ -48.048675, -15.990884 ], [ -48.0487576, -15.9909132 ], [ -48.0488256, -15.9909669 ] ], [ [ -48.0488256, -15.9909669 ], [ -48.0488713, -15.9910392 ], [ -48.0488895, -15.991122 ], [ -48.0488817, -15.9912029 ] ], [ [ -47.9603342, -15.8837318 ], [ -47.9603676, -15.8839535 ] ], [ [ -48.0488256, -15.9909669 ], [ -48.0491559, -15.9912474 ], [ -48.0498782, -15.991897 ], [ -48.0508484, -15.9927696 ] ], [ [ -48.0508484, -15.9927696 ], [ -48.0509077, -15.9928341 ], [ -48.0509406, -15.9929142 ], [ -48.050943, -15.9930002 ], [ -48.0509147, -15.9930819 ], [ -48.0508728, -15.9931367 ], [ -48.050817, -15.9931786 ] ], [ [ -48.050817, -15.9931786 ], [ -48.0507427, -15.9932052 ], [ -48.0506635, -15.9932094 ], [ -48.0505865, -15.9931909 ], [ -48.0505188, -15.9931513 ], [ -48.0504662, -15.9930941 ], [ -48.0504336, -15.9930246 ] ], [ [ -48.0504336, -15.9930246 ], [ -48.0503397, -15.9929412 ], [ -48.0495444, -15.9922388 ], [ -48.0485659, -15.9913746 ] ], [ [ -48.0485659, -15.9913746 ], [ -48.0485338, -15.9913685 ], [ -48.0484583, -15.991326 ], [ -48.0484016, -15.9912621 ], [ -48.0483698, -15.9911838 ], [ -48.0483665, -15.9910998 ], [ -48.048392, -15.9910194 ] ], [ [ -48.048392, -15.9910194 ], [ -48.0483426, -15.9909425 ], [ -48.048295, -15.9908909 ], [ -48.0482186, -15.9908245 ], [ -48.0472121, -15.9899466 ], [ -48.0470377, -15.9897906 ], [ -48.0468553, -15.9896282 ], [ -48.0466609, -15.9894644 ], [ -48.0464517, -15.9892891 ] ], [ [ -48.0464517, -15.9892891 ], [ -48.0457848, -15.9886625 ], [ -48.0456161, -15.9884988 ], [ -48.0437314, -15.9868443 ], [ -48.0368027, -15.9806356 ], [ -48.0362776, -15.9801428 ], [ -48.0271041, -15.9720007 ], [ -48.0229752, -15.96828 ], [ -48.0226567, -15.9679498 ], [ -48.0220108, -15.9673186 ], [ -48.0220023, -15.9673103 ], [ -48.0217805, -15.9670924 ], [ -48.0208867, -15.9662835 ] ], [ [ -48.0208867, -15.9662835 ], [ -48.020543, -15.966 ] ], [ [ -48.020543, -15.966 ], [ -48.0197596, -15.965379 ] ], [ [ -48.0197596, -15.965379 ], [ -48.0195064, -15.9651814 ] ], [ [ -48.0195064, -15.9651814 ], [ -48.0189576, -15.9647316 ] ], [ [ -48.0189576, -15.9647316 ], [ -48.0185726, -15.9643666 ], [ -48.0181821, -15.9639826 ], [ -48.0089896, -15.9556876 ], [ -48.0086711, -15.9553554 ], [ -48.007928, -15.9547154 ], [ -48.0071939, -15.9540459 ], [ -47.9999199, -15.9475374 ], [ -47.9996334, -15.9473369 ], [ -47.9991075, -15.9470261 ], [ -47.9988681, -15.9469208 ], [ -47.998558, -15.9467993 ], [ -47.9982582, -15.946702 ], [ -47.9979897, -15.946638 ], [ -47.997721, -15.9465873 ], [ -47.9968052, -15.9464819 ], [ -47.9965118, -15.9464486 ], [ -47.9960986, -15.9464436 ], [ -47.9956289, -15.9464573 ], [ -47.9953603, -15.9464933 ], [ -47.9945617, -15.9466818 ] ], [ [ -47.9903999, -15.9453048 ], [ -47.990077, -15.9449633 ], [ -47.9892189, -15.9436926 ], [ -47.9891673, -15.9436163 ] ], [ [ -47.9891673, -15.9436163 ], [ -47.9889586, -15.9432847 ], [ -47.9885226, -15.9426263 ], [ -47.9877044, -15.9413908 ], [ -47.9866867, -15.9399909 ], [ -47.9857023, -15.9384976 ], [ -47.9837416, -15.9355471 ], [ -47.9798242, -15.9296475 ], [ -47.9792271, -15.9287384 ], [ -47.9785853, -15.9277424 ], [ -47.978453, -15.9275464 ], [ -47.9772244, -15.9257159 ], [ -47.9761142, -15.924084 ] ], [ [ -47.9323607, -15.8515116 ], [ -47.9322604, -15.8511388 ] ], [ [ -47.9336893, -15.8562124 ], [ -47.9336453, -15.8560805 ], [ -47.9335957, -15.8559173 ], [ -47.933467, -15.8554864 ], [ -47.93341, -15.8552949 ], [ -47.9333744, -15.8551897 ], [ -47.9333489, -15.8551388 ], [ -47.9326099, -15.8523714 ], [ -47.9323607, -15.8515116 ] ], [ [ -47.8866361, -15.8038645 ], [ -47.8864552, -15.8036121 ] ], [ [ -47.8884494, -15.8061542 ], [ -47.8869541, -15.804305 ], [ -47.8866361, -15.8038645 ] ], [ [ -47.8892501, -15.8070794 ], [ -47.8889895, -15.8067875 ], [ -47.8888826, -15.8066678 ], [ -47.8884494, -15.8061542 ] ], [ [ -47.8907065, -15.8087369 ], [ -47.8904021, -15.8083672 ], [ -47.8898978, -15.807793 ], [ -47.8892501, -15.8070794 ] ], [ [ -47.8909687, -15.8090357 ], [ -47.8907065, -15.8087369 ] ], [ [ -47.8954312, -15.813548 ], [ -47.8950007, -15.8131377 ], [ -47.8946681, -15.8128357 ], [ -47.893889, -15.812068 ], [ -47.8933652, -15.8115576 ], [ -47.8931205, -15.811326 ], [ -47.8927477, -15.8109531 ], [ -47.8918813, -15.8100111 ], [ -47.8912899, -15.8093634 ], [ -47.8909687, -15.8090357 ] ], [ [ -47.8956445, -15.8137403 ], [ -47.8954312, -15.813548 ] ], [ [ -47.8996005, -15.8169985 ], [ -47.8994626, -15.8168964 ], [ -47.8987491, -15.8163674 ], [ -47.89841, -15.8161002 ], [ -47.898342, -15.8160467 ], [ -47.8981848, -15.8159229 ], [ -47.8981343, -15.8158831 ], [ -47.8980721, -15.8158351 ], [ -47.8979409, -15.8157222 ], [ -47.897804, -15.815614 ], [ -47.8973678, -15.8152526 ], [ -47.8961286, -15.8141635 ], [ -47.8956445, -15.8137403 ] ], [ [ -47.9000567, -15.8173416 ], [ -47.8998032, -15.8171481 ], [ -47.8996005, -15.8169985 ] ], [ [ -47.922178, -15.8333482 ], [ -47.9217463, -15.8330378 ], [ -47.9214244, -15.8328169 ], [ -47.9199819, -15.8317672 ], [ -47.9192245, -15.8312231 ], [ -47.9184741, -15.8306741 ], [ -47.9174681, -15.8299376 ], [ -47.9170465, -15.8296335 ], [ -47.9167776, -15.829438 ], [ -47.9163578, -15.8291406 ], [ -47.9159647, -15.8288593 ], [ -47.915116, -15.8282252 ], [ -47.9146542, -15.8279027 ], [ -47.9145091, -15.8278014 ], [ -47.9139258, -15.8273898 ], [ -47.9138225, -15.8273175 ], [ -47.9131393, -15.8268199 ], [ -47.9120884, -15.826064 ], [ -47.9116611, -15.8257548 ], [ -47.9113796, -15.8255437 ], [ -47.910986, -15.8252473 ], [ -47.9108895, -15.825175 ], [ -47.9105633, -15.8249469 ], [ -47.9095168, -15.8241802 ], [ -47.9090513, -15.8238644 ], [ -47.9088183, -15.8237063 ], [ -47.9084963, -15.8234692 ], [ -47.9076903, -15.8228757 ], [ -47.9067843, -15.8222287 ], [ -47.9062787, -15.8218732 ], [ -47.9060628, -15.821728 ], [ -47.9059468, -15.8216403 ], [ -47.9055606, -15.8213461 ], [ -47.9051892, -15.8210932 ], [ -47.9051167, -15.8210375 ], [ -47.9044744, -15.8205434 ], [ -47.9037233, -15.8200294 ], [ -47.9031184, -15.8195816 ], [ -47.903044, -15.8195271 ], [ -47.9019423, -15.818721 ], [ -47.9014516, -15.8183302 ], [ -47.9008748, -15.8179584 ], [ -47.9006448, -15.8177913 ], [ -47.9002076, -15.8174603 ], [ -47.9000567, -15.8173416 ] ], [ [ -47.9224286, -15.8335255 ], [ -47.922178, -15.8333482 ] ], [ [ -47.9241528, -15.8346275 ], [ -47.9239035, -15.8344932 ], [ -47.9237647, -15.8344248 ], [ -47.9233959, -15.834208 ], [ -47.922947, -15.8338913 ], [ -47.9224286, -15.8335255 ] ], [ [ -47.9249858, -15.8349256 ], [ -47.9241528, -15.8346275 ] ], [ [ -47.9261672, -15.8356208 ], [ -47.9254009, -15.8350776 ], [ -47.9249858, -15.8349256 ] ], [ [ -47.9265149, -15.8358666 ], [ -47.9261672, -15.8356208 ] ], [ [ -47.9272171, -15.836365 ], [ -47.9265149, -15.8358666 ] ], [ [ -47.9274026, -15.8364948 ], [ -47.9272171, -15.836365 ] ], [ [ -47.9303147, -15.8390398 ], [ -47.9295172, -15.8382337 ], [ -47.9284688, -15.8372917 ], [ -47.9279976, -15.83691 ], [ -47.9274026, -15.8364948 ] ], [ [ -47.9312384, -15.8423085 ], [ -47.9311849, -15.8415908 ], [ -47.931051, -15.8408667 ], [ -47.9309021, -15.8403016 ], [ -47.9307425, -15.8398694 ], [ -47.9305695, -15.8395159 ], [ -47.9303147, -15.8390398 ] ], [ [ -47.9312825, -15.842698 ], [ -47.9312384, -15.8423085 ] ], [ [ -47.9313476, -15.8440944 ], [ -47.9313192, -15.8436303 ], [ -47.9312825, -15.842698 ] ], [ [ -47.9313917, -15.8447757 ], [ -47.9313476, -15.8440944 ] ], [ [ -47.9322604, -15.8511388 ], [ -47.9322073, -15.8509269 ], [ -47.9320283, -15.850293 ], [ -47.9319398, -15.8498635 ], [ -47.9317608, -15.8488493 ], [ -47.9317214, -15.8484425 ], [ -47.9314952, -15.8453753 ], [ -47.9314441, -15.8448209 ], [ -47.9313917, -15.8447757 ] ], [ [ -47.8847943, -15.8008899 ], [ -47.8847209, -15.8007359 ] ], [ [ -47.8847209, -15.8007359 ], [ -47.8844637, -15.8002751 ] ], [ [ -47.8844637, -15.8002751 ], [ -47.884398, -15.8001241 ], [ -47.8842196, -15.7997183 ], [ -47.8840838, -15.7994172 ] ], [ [ -47.8840838, -15.7994172 ], [ -47.8840227, -15.7992901 ], [ -47.8838873, -15.7989676 ], [ -47.883763, -15.7986639 ] ], [ [ -47.883763, -15.7986639 ], [ -47.88371, -15.7985302 ], [ -47.8835668, -15.7981535 ] ], [ [ -47.8835668, -15.7981535 ], [ -47.8835896, -15.7979894 ], [ -47.8836132, -15.7978957 ], [ -47.8836416, -15.797809 ], [ -47.8836858, -15.7977277 ], [ -47.8837448, -15.7976322 ], [ -47.883816, -15.7975098 ], [ -47.8838494, -15.7974206 ], [ -47.883878, -15.797317 ] ], [ [ -47.883878, -15.797317 ], [ -47.8838561, -15.7972554 ] ], [ [ -47.8838561, -15.7972554 ], [ -47.8837384, -15.7969628 ] ], [ [ -47.8837384, -15.7969628 ], [ -47.8835772, -15.7965683 ] ], [ [ -47.8835772, -15.7965683 ], [ -47.8835155, -15.7964179 ] ], [ [ -47.8835155, -15.7964179 ], [ -47.8834859, -15.7963599 ] ], [ [ -47.8834859, -15.7963599 ], [ -47.8832023, -15.7957257 ] ], [ [ -47.8832023, -15.7957257 ], [ -47.8831093, -15.795458 ] ], [ [ -47.8831093, -15.795458 ], [ -47.8829818, -15.7950424 ], [ -47.882936, -15.7948932 ] ], [ [ -47.882936, -15.7948932 ], [ -47.8828397, -15.7947316 ] ], [ [ -47.8828397, -15.7947316 ], [ -47.8827877, -15.7946655 ], [ -47.8827462, -15.7946011 ], [ -47.8827086, -15.7945383 ], [ -47.8826802, -15.7944645 ], [ -47.8824507, -15.7938009 ], [ -47.8824413, -15.7937441 ], [ -47.882452, -15.7936963 ] ], [ [ -47.882452, -15.7936963 ], [ -47.8824762, -15.7936628 ], [ -47.8825201, -15.7936358 ], [ -47.8827988, -15.7935438 ], [ -47.8828409, -15.7935544 ], [ -47.8828865, -15.7935789 ], [ -47.8829214, -15.7936176 ], [ -47.882963, -15.7936912 ] ], [ [ -47.882963, -15.7936912 ], [ -47.8831747, -15.7944014 ], [ -47.8832164, -15.7945413 ], [ -47.8832348, -15.7946172 ] ], [ [ -47.8832348, -15.7946172 ], [ -47.8832808, -15.7947945 ] ], [ [ -47.8832808, -15.7947945 ], [ -47.8833921, -15.7951223 ], [ -47.8835169, -15.7956236 ] ], [ [ -47.8835169, -15.7956236 ], [ -47.8836453, -15.7962781 ] ], [ [ -47.8836453, -15.7962781 ], [ -47.8836568, -15.796354 ] ], [ [ -47.8836568, -15.796354 ], [ -47.8837153, -15.7965036 ] ], [ [ -47.8837153, -15.7965036 ], [ -47.8838694, -15.7969256 ] ], [ [ -47.8838694, -15.7969256 ], [ -47.8839768, -15.7972206 ] ], [ [ -47.8839768, -15.7972206 ], [ -47.8839898, -15.7972453 ] ], [ [ -47.8839898, -15.7972453 ], [ -47.8840829, -15.7973203 ], [ -47.8841364, -15.7973548 ], [ -47.8841884, -15.7973763 ], [ -47.8842698, -15.7973999 ], [ -47.8845089, -15.7974691 ], [ -47.8845952, -15.797519 ], [ -47.8846547, -15.7975689 ], [ -47.8847359, -15.7976426 ], [ -47.8848485, -15.797791 ] ], [ [ -47.8848485, -15.797791 ], [ -47.8849536, -15.7980559 ] ], [ [ -47.8849536, -15.7980559 ], [ -47.8851614, -15.7984722 ] ], [ [ -47.8851614, -15.7984722 ], [ -47.8852221, -15.7985859 ] ], [ [ -47.8852221, -15.7985859 ], [ -47.8852905, -15.7987194 ], [ -47.8853066, -15.7987556 ], [ -47.885328, -15.798802 ], [ -47.8853555, -15.7988556 ] ], [ [ -47.8853555, -15.7988556 ], [ -47.8855822, -15.799324 ] ], [ [ -47.8855822, -15.799324 ], [ -47.8859677, -15.8001189 ] ], [ [ -47.8859677, -15.8001189 ], [ -47.8860596, -15.8003028 ] ], [ [ -47.8860596, -15.8003028 ], [ -47.8863439, -15.8007855 ] ], [ [ -47.8863439, -15.8007855 ], [ -47.8863995, -15.80087 ] ], [ [ -47.8863995, -15.80087 ], [ -47.8867154, -15.8013745 ] ], [ [ -47.8867154, -15.8013745 ], [ -47.8870285, -15.8018616 ], [ -47.8872102, -15.8021678 ] ], [ [ -47.8872102, -15.8021678 ], [ -47.8873276, -15.8023746 ], [ -47.8873551, -15.8024236 ] ], [ [ -47.8873551, -15.8024236 ], [ -47.8876472, -15.8028507 ] ], [ [ -47.8876472, -15.8028507 ], [ -47.8878419, -15.8031179 ] ], [ [ -47.8878419, -15.8031179 ], [ -47.8880927, -15.8034598 ], [ -47.8887109, -15.8042302 ], [ -47.8894726, -15.8051513 ], [ -47.8895612, -15.8052677 ] ], [ [ -47.8895612, -15.8052677 ], [ -47.8897746, -15.8055199 ], [ -47.8899783, -15.8057606 ] ], [ [ -47.8899783, -15.8057606 ], [ -47.890626, -15.8065013 ], [ -47.8909644, -15.8068766 ] ], [ [ -47.8909644, -15.8068766 ], [ -47.8911437, -15.8070717 ], [ -47.8913431, -15.8073031 ] ], [ [ -47.8913431, -15.8073031 ], [ -47.8914629, -15.8074575 ], [ -47.8918196, -15.8078388 ] ], [ [ -47.8918196, -15.8078388 ], [ -47.8920597, -15.8081117 ] ], [ [ -47.8920597, -15.8081117 ], [ -47.8923829, -15.8084769 ], [ -47.893492, -15.8096756 ] ], [ [ -47.893492, -15.8096756 ], [ -47.8940432, -15.8102279 ], [ -47.8943127, -15.8105079 ], [ -47.894711, -15.8109054 ] ], [ [ -47.894711, -15.8109054 ], [ -47.8953132, -15.811477 ], [ -47.8956874, -15.8118435 ], [ -47.8959998, -15.8121448 ], [ -47.8964361, -15.8125641 ] ], [ [ -47.8964361, -15.8125641 ], [ -47.8966343, -15.8127499 ] ], [ [ -47.8966343, -15.8127499 ], [ -47.8970246, -15.8130908 ], [ -47.8973423, -15.8133618 ], [ -47.8975553, -15.8135435 ], [ -47.897845, -15.8137905 ], [ -47.8981409, -15.814043 ], [ -47.8984345, -15.8142934 ], [ -47.8985439, -15.8143867 ], [ -47.8987054, -15.8145214 ], [ -47.8989533, -15.8147245 ], [ -47.8989691, -15.8147377 ], [ -47.8991276, -15.8148588 ], [ -47.8991582, -15.8148822 ], [ -47.8992909, -15.814988 ], [ -47.8995529, -15.8151966 ] ], [ [ -47.8995529, -15.8151966 ], [ -47.8999677, -15.8155148 ], [ -47.9004411, -15.815878 ], [ -47.9005241, -15.8159539 ] ], [ [ -47.9005241, -15.8159539 ], [ -47.9010337, -15.8163397 ], [ -47.9015203, -15.8166853 ] ], [ [ -47.9015203, -15.8166853 ], [ -47.901692, -15.8168129 ] ], [ [ -47.901692, -15.8168129 ], [ -47.9022587, -15.8172264 ], [ -47.9024411, -15.8173559 ], [ -47.9038732, -15.8183733 ] ], [ [ -47.9038732, -15.8183733 ], [ -47.904685, -15.8189818 ] ], [ [ -47.904685, -15.8189818 ], [ -47.9060161, -15.8199377 ], [ -47.9064559, -15.8202517 ], [ -47.9068676, -15.8205531 ] ], [ [ -47.9068676, -15.8205531 ], [ -47.9071368, -15.820744 ] ], [ [ -47.9071368, -15.820744 ], [ -47.9075625, -15.8210616 ], [ -47.9088382, -15.8219509 ], [ -47.9088691, -15.8219724 ] ], [ [ -47.9088691, -15.8219724 ], [ -47.9094337, -15.82239 ], [ -47.9096213, -15.8225218 ], [ -47.9099351, -15.8227538 ], [ -47.9103667, -15.8230798 ] ], [ [ -47.9103667, -15.8230798 ], [ -47.9107332, -15.8233469 ] ], [ [ -47.9107332, -15.8233469 ], [ -47.9113966, -15.8238279 ] ], [ [ -47.9113966, -15.8238279 ], [ -47.911672, -15.8240248 ], [ -47.9118143, -15.8241347 ], [ -47.912229, -15.8244268 ] ], [ [ -47.912229, -15.8244268 ], [ -47.9125228, -15.8246424 ] ], [ [ -47.9125228, -15.8246424 ], [ -47.9129306, -15.8249344 ], [ -47.9147127, -15.8261975 ], [ -47.9148211, -15.8262793 ], [ -47.9150151, -15.8264168 ], [ -47.9167922, -15.8277202 ], [ -47.9172221, -15.8280352 ], [ -47.9176046, -15.8283278 ] ], [ [ -47.9176046, -15.8283278 ], [ -47.9179105, -15.8285526 ] ], [ [ -47.9179105, -15.8285526 ], [ -47.9183527, -15.8288545 ], [ -47.9192264, -15.8294845 ], [ -47.9200433, -15.8300645 ], [ -47.9201979, -15.8301743 ] ], [ [ -47.9201979, -15.8301743 ], [ -47.9207297, -15.8305614 ] ], [ [ -47.9207297, -15.8305614 ], [ -47.9222005, -15.8316281 ], [ -47.9224987, -15.8318541 ], [ -47.9225969, -15.8319285 ], [ -47.923012, -15.8322106 ] ], [ [ -47.923012, -15.8322106 ], [ -47.923289, -15.8324265 ] ], [ [ -47.923289, -15.8324265 ], [ -47.9237065, -15.8327258 ], [ -47.9246097, -15.8334091 ], [ -47.9248331, -15.8336728 ] ], [ [ -47.9248331, -15.8336728 ], [ -47.9253923, -15.8343765 ] ], [ [ -47.9253923, -15.8343765 ], [ -47.9256519, -15.8346856 ] ], [ [ -47.9256519, -15.8346856 ], [ -47.9264054, -15.8352325 ] ], [ [ -47.9264054, -15.8352325 ], [ -47.9267923, -15.8355071 ] ], [ [ -47.9267923, -15.8355071 ], [ -47.9274327, -15.8359737 ] ], [ [ -47.886187, -15.8031669 ], [ -47.8861575, -15.8031204 ], [ -47.8857082, -15.8024494 ], [ -47.885161, -15.8015552 ], [ -47.8850792, -15.8014081 ] ], [ [ -47.8850792, -15.8014081 ], [ -47.8847943, -15.8008899 ] ], [ [ -47.8839898, -15.7972453 ], [ -47.8840829, -15.7973203 ], [ -47.8841364, -15.7973548 ], [ -47.8841884, -15.7973763 ], [ -47.8842698, -15.7973999 ], [ -47.8845089, -15.7974691 ], [ -47.8845952, -15.797519 ], [ -47.8846547, -15.7975689 ], [ -47.8847359, -15.7976426 ], [ -47.8848485, -15.797791 ] ], [ [ -47.8839768, -15.7972206 ], [ -47.8839898, -15.7972453 ] ] ] } },
{ "type": "Feature", "properties": { "id_osm": 15806789, "nome": "TR20 - Terminal de Integração do Gama / Rodoviária do Plano Piloto Expressa", "ref": "2201" }, "geometry": { "type": "MultiLineString", "coordinates": [ [ [ -47.9598502, -15.8806182 ], [ -47.959784, -15.880208 ], [ -47.9597103, -15.8797512 ], [ -47.9598021, -15.8797354 ], [ -47.9598182, -15.8798342 ], [ -47.9598383, -15.8799595 ], [ -47.9598584, -15.8800848 ], [ -47.9598784, -15.88021 ], [ -47.9598964, -15.8803223 ], [ -47.9599143, -15.8804346 ], [ -47.9599321, -15.8805469 ], [ -47.9599414, -15.8806052 ], [ -47.9598502, -15.8806182 ] ], [ [ -48.05034, -15.9927294 ], [ -48.0502601, -15.9928145 ], [ -48.0488357, -15.9915453 ], [ -48.0489157, -15.9914616 ], [ -48.05034, -15.9927294 ] ], [ [ -48.0504961, -15.9925658 ], [ -48.0504168, -15.9926505 ], [ -48.0489912, -15.9913814 ], [ -48.0490723, -15.9912972 ], [ -48.0504961, -15.9925658 ] ], [ [ -48.04904, -15.9911879 ], [ -48.0506145, -15.9925853 ], [ -48.050314, -15.9929231 ], [ -48.048723, -15.9914879 ], [ -48.04904, -15.9911879 ] ], [ [ -47.8828397, -15.7947316 ], [ -47.8827877, -15.7946655 ], [ -47.8827462, -15.7946011 ], [ -47.8827086, -15.7945383 ], [ -47.8826802, -15.7944645 ], [ -47.8824507, -15.7938009 ], [ -47.8824413, -15.7937441 ], [ -47.882452, -15.7936963 ] ], [ [ -47.882452, -15.7936963 ], [ -47.8824762, -15.7936628 ], [ -47.8825201, -15.7936358 ], [ -47.8827988, -15.7935438 ], [ -47.8828409, -15.7935544 ], [ -47.8828865, -15.7935789 ], [ -47.8829214, -15.7936176 ], [ -47.882963, -15.7936912 ] ], [ [ -47.882963, -15.7936912 ], [ -47.8831747, -15.7944014 ], [ -47.8832164, -15.7945413 ], [ -47.8832348, -15.7946172 ] ], [ [ -47.8832348, -15.7946172 ], [ -47.8832808, -15.7947945 ] ], [ [ -47.8832808, -15.7947945 ], [ -47.8833921, -15.7951223 ], [ -47.8835169, -15.7956236 ] ], [ [ -47.8835169, -15.7956236 ], [ -47.8836453, -15.7962781 ] ], [ [ -47.8836453, -15.7962781 ], [ -47.8836568, -15.796354 ] ], [ [ -47.8836568, -15.796354 ], [ -47.8837153, -15.7965036 ] ], [ [ -47.8837153, -15.7965036 ], [ -47.8838694, -15.7969256 ] ], [ [ -47.8838694, -15.7969256 ], [ -47.8839768, -15.7972206 ] ], [ [ -47.8839898, -15.7972453 ], [ -47.8840688, -15.7974636 ], [ -47.8841613, -15.7977156 ], [ -47.8842565, -15.7979357 ], [ -47.8843734, -15.7981722 ] ], [ [ -47.8843734, -15.7981722 ], [ -47.8851292, -15.7997592 ] ], [ [ -47.8851292, -15.7997592 ], [ -47.8852925, -15.8000766 ], [ -47.8854696, -15.8004517 ] ], [ [ -47.8854696, -15.8004517 ], [ -47.885839, -15.8011677 ] ], [ [ -47.885839, -15.8011677 ], [ -47.8861185, -15.8016277 ], [ -47.8864297, -15.8021346 ], [ -47.8867006, -15.8025488 ], [ -47.8870145, -15.8030314 ], [ -47.8877732, -15.8039855 ] ], [ [ -47.8877732, -15.8039855 ], [ -47.8881894, -15.804572 ] ], [ [ -47.8881894, -15.804572 ], [ -47.8893212, -15.8059374 ], [ -47.8904769, -15.8072932 ] ], [ [ -47.8904769, -15.8072932 ], [ -47.8909011, -15.8077587 ] ], [ [ -47.8909011, -15.8077587 ], [ -47.8920247, -15.8089917 ] ], [ [ -47.8920247, -15.8089917 ], [ -47.8924678, -15.809478 ] ], [ [ -47.8924678, -15.809478 ], [ -47.8937589, -15.8108525 ], [ -47.8950088, -15.8120524 ] ], [ [ -47.8950088, -15.8120524 ], [ -47.8956136, -15.8126609 ] ], [ [ -47.8956136, -15.8126609 ], [ -47.8965611, -15.8134925 ] ], [ [ -47.8965611, -15.8134925 ], [ -47.8972336, -15.8140753 ] ], [ [ -47.8972336, -15.8140753 ], [ -47.8980732, -15.8148151 ], [ -47.8994787, -15.8159468 ], [ -47.90005, -15.8163829 ] ], [ [ -47.90005, -15.8163829 ], [ -47.9005366, -15.8167575 ] ], [ [ -47.9005366, -15.8167575 ], [ -47.901885, -15.8177324 ] ], [ [ -47.901885, -15.8177324 ], [ -47.9023413, -15.8180635 ] ], [ [ -47.9023413, -15.8180635 ], [ -47.905536, -15.8203513 ] ], [ [ -47.905536, -15.8203513 ], [ -47.9059919, -15.8207049 ] ], [ [ -47.9059919, -15.8207049 ], [ -47.9070248, -15.8214389 ], [ -47.9074782, -15.8217692 ] ], [ [ -47.9074782, -15.8217692 ], [ -47.9080335, -15.8221774 ] ], [ [ -47.9080335, -15.8221774 ], [ -47.908277, -15.8223499 ], [ -47.9103738, -15.8238622 ], [ -47.9106545, -15.8240731 ] ], [ [ -47.9106545, -15.8240731 ], [ -47.9113435, -15.82458 ] ], [ [ -47.9113435, -15.82458 ], [ -47.9114577, -15.8246737 ], [ -47.9127365, -15.8255849 ] ], [ [ -47.9127365, -15.8255849 ], [ -47.913164, -15.8258911 ] ], [ [ -47.913164, -15.8258911 ], [ -47.9161768, -15.8280491 ] ], [ [ -47.9161768, -15.8280491 ], [ -47.9166952, -15.8284297 ] ], [ [ -47.9166952, -15.8284297 ], [ -47.9180668, -15.8294244 ] ], [ [ -47.9166952, -15.8284297 ], [ -47.9180668, -15.8294244 ] ], [ [ -47.9161768, -15.8280491 ], [ -47.9166952, -15.8284297 ] ], [ [ -47.8831093, -15.795458 ], [ -47.8829818, -15.7950424 ], [ -47.882936, -15.7948932 ] ], [ [ -47.8832023, -15.7957257 ], [ -47.8831093, -15.795458 ] ], [ [ -47.8834859, -15.7963599 ], [ -47.8832023, -15.7957257 ] ], [ [ -47.8835155, -15.7964179 ], [ -47.8834859, -15.7963599 ] ], [ [ -47.8835772, -15.7965683 ], [ -47.8835155, -15.7964179 ] ], [ [ -47.8837384, -15.7969628 ], [ -47.8835772, -15.7965683 ] ], [ [ -47.8838561, -15.7972554 ], [ -47.8837384, -15.7969628 ] ], [ [ -47.883878, -15.797317 ], [ -47.8838561, -15.7972554 ] ], [ [ -47.8842548, -15.7982171 ], [ -47.8841513, -15.7979798 ], [ -47.883878, -15.797317 ] ], [ [ -47.8849966, -15.7998256 ], [ -47.8842548, -15.7982171 ] ], [ [ -47.8853585, -15.800505 ], [ -47.8851368, -15.8000926 ], [ -47.8850745, -15.799972 ], [ -47.8849966, -15.7998256 ] ], [ [ -47.8857377, -15.8012329 ], [ -47.8853585, -15.800505 ] ], [ [ -47.8862876, -15.802141 ], [ -47.8861253, -15.8018653 ], [ -47.8857377, -15.8012329 ] ], [ [ -47.88658, -15.8026012 ], [ -47.8862876, -15.802141 ] ], [ [ -47.8875971, -15.8040449 ], [ -47.8868884, -15.8030908 ], [ -47.88658, -15.8026012 ] ], [ [ -47.8879352, -15.8045364 ], [ -47.8875971, -15.8040449 ] ], [ [ -47.8903498, -15.8073568 ], [ -47.8879352, -15.8045364 ] ], [ [ -47.8908114, -15.8078658 ], [ -47.8903498, -15.8073568 ] ], [ [ -47.8919299, -15.809117 ], [ -47.8908114, -15.8078658 ] ], [ [ -47.8922729, -15.8094991 ], [ -47.8919299, -15.809117 ] ], [ [ -47.8949333, -15.8121753 ], [ -47.8922729, -15.8094991 ] ], [ [ -47.8953115, -15.8125263 ], [ -47.8949333, -15.8121753 ] ], [ [ -47.8965712, -15.8137171 ], [ -47.8953115, -15.8125263 ] ], [ [ -47.8971063, -15.8141932 ], [ -47.8965712, -15.8137171 ] ], [ [ -47.9000319, -15.8165609 ], [ -47.8988919, -15.8156577 ], [ -47.8971063, -15.8141932 ] ], [ [ -47.9004239, -15.8168524 ], [ -47.9000319, -15.8165609 ] ], [ [ -47.9018162, -15.8178566 ], [ -47.9004239, -15.8168524 ] ], [ [ -47.9023115, -15.8182139 ], [ -47.9018162, -15.8178566 ] ], [ [ -47.905405, -15.8204306 ], [ -47.9023115, -15.8182139 ] ], [ [ -47.9058594, -15.8207908 ], [ -47.905405, -15.8204306 ] ], [ [ -47.9074022, -15.8218913 ], [ -47.9069941, -15.8215931 ], [ -47.9058594, -15.8207908 ] ], [ [ -47.9079464, -15.8222732 ], [ -47.9074022, -15.8218913 ] ], [ [ -47.9105797, -15.8241787 ], [ -47.9102342, -15.8239174 ], [ -47.9082419, -15.8224828 ], [ -47.9079464, -15.8222732 ] ], [ [ -47.9112731, -15.8246771 ], [ -47.9105797, -15.8241787 ] ], [ [ -47.9131508, -15.8260334 ], [ -47.9114402, -15.8248025 ], [ -47.9112731, -15.8246771 ] ], [ [ -47.9161411, -15.828168 ], [ -47.9131508, -15.8260334 ] ], [ [ -47.9166095, -15.8284997 ], [ -47.9161411, -15.828168 ] ], [ [ -47.9179887, -15.8295368 ], [ -47.9166095, -15.8284997 ] ], [ [ -47.9179887, -15.8295368 ], [ -47.9166095, -15.8284997 ] ], [ [ -47.9166095, -15.8284997 ], [ -47.9161411, -15.828168 ] ], [ [ -47.91848, -15.8298856 ], [ -47.9179887, -15.8295368 ] ], [ [ -47.9215586, -15.8320933 ], [ -47.9210597, -15.8317476 ], [ -47.9205085, -15.8313502 ], [ -47.9200324, -15.8309979 ], [ -47.91848, -15.8298856 ] ], [ [ -47.921977, -15.832403 ], [ -47.9215586, -15.8320933 ] ], [ [ -47.9266453, -15.8357391 ], [ -47.9239096, -15.833817 ], [ -47.9233275, -15.8333784 ], [ -47.9229721, -15.8331294 ], [ -47.9226248, -15.8328752 ], [ -47.921977, -15.832403 ] ], [ [ -47.927308, -15.836228 ], [ -47.9266453, -15.8357391 ] ], [ [ -47.9303147, -15.8390398 ], [ -47.9299486, -15.8384915 ], [ -47.9296106, -15.8380928 ], [ -47.9292981, -15.8377458 ], [ -47.9287027, -15.8372632 ], [ -47.927308, -15.836228 ] ], [ [ -47.9312384, -15.8423085 ], [ -47.9311849, -15.8415908 ], [ -47.931051, -15.8408667 ], [ -47.9309021, -15.8403016 ], [ -47.9307425, -15.8398694 ], [ -47.9305695, -15.8395159 ], [ -47.9303147, -15.8390398 ] ], [ [ -47.9312825, -15.842698 ], [ -47.9312384, -15.8423085 ] ], [ [ -47.9313476, -15.8440944 ], [ -47.9313192, -15.8436303 ], [ -47.9312825, -15.842698 ] ], [ [ -47.9313917, -15.8447757 ], [ -47.9313476, -15.8440944 ] ], [ [ -47.9322604, -15.8511388 ], [ -47.9322073, -15.8509269 ], [ -47.9320283, -15.850293 ], [ -47.9319398, -15.8498635 ], [ -47.9317608, -15.8488493 ], [ -47.9317214, -15.8484425 ], [ -47.9314952, -15.8453753 ], [ -47.9314441, -15.8448209 ], [ -47.9313917, -15.8447757 ] ], [ [ -47.9323607, -15.8515116 ], [ -47.9322604, -15.8511388 ] ], [ [ -47.9336893, -15.8562124 ], [ -47.9336453, -15.8560805 ], [ -47.9335957, -15.8559173 ], [ -47.933467, -15.8554864 ], [ -47.93341, -15.8552949 ], [ -47.9333744, -15.8551897 ], [ -47.9333489, -15.8551388 ], [ -47.9326099, -15.8523714 ], [ -47.9323607, -15.8515116 ] ], [ [ -47.932404, -15.8514983 ], [ -47.9326544, -15.8523633 ], [ -47.933399, -15.8551468 ], [ -47.9334623, -15.8553265 ], [ -47.9336058, -15.8558683 ], [ -47.9336473, -15.8560257 ], [ -47.9336765, -15.8561299 ], [ -47.9336893, -15.8562124 ] ], [ [ -47.9323037, -15.8511275 ], [ -47.932404, -15.8514983 ] ], [ [ -47.9315219, -15.8447638 ], [ -47.9314834, -15.8448171 ], [ -47.9315287, -15.845345 ], [ -47.9315936, -15.846206 ], [ -47.9317647, -15.8484463 ], [ -47.931804, -15.8488493 ], [ -47.9319948, -15.849873 ], [ -47.9320755, -15.8502836 ], [ -47.9322446, -15.8509156 ], [ -47.9323037, -15.8511275 ] ], [ [ -47.9305547, -15.8391353 ], [ -47.9307702, -15.8395368 ], [ -47.9310644, -15.8402642 ], [ -47.9312092, -15.8407932 ], [ -47.9313071, -15.8414718 ], [ -47.9313762, -15.842322 ] ], [ [ -47.9299142, -15.8382653 ], [ -47.9302007, -15.8386141 ], [ -47.9305547, -15.8391353 ] ], [ [ -47.9273806, -15.8361167 ], [ -47.9280898, -15.8366401 ], [ -47.9287818, -15.8371626 ], [ -47.9293786, -15.8376735 ], [ -47.9299142, -15.8382653 ] ], [ [ -47.926726, -15.835646 ], [ -47.9273806, -15.8361167 ] ], [ [ -47.9220581, -15.8323049 ], [ -47.9224384, -15.8325927 ], [ -47.9229426, -15.8329501 ], [ -47.9234375, -15.8332958 ], [ -47.9237875, -15.8335526 ], [ -47.9240571, -15.8337332 ], [ -47.9258421, -15.8350196 ], [ -47.926726, -15.835646 ] ], [ [ -47.9216217, -15.8319824 ], [ -47.9220581, -15.8323049 ] ], [ [ -47.9185131, -15.8297451 ], [ -47.9201062, -15.8308896 ], [ -47.9205179, -15.8311992 ], [ -47.9209632, -15.8315269 ], [ -47.9213266, -15.8317811 ], [ -47.9216217, -15.8319824 ] ], [ [ -47.9180668, -15.8294244 ], [ -47.9185131, -15.8297451 ] ], [ [ -47.9313762, -15.842322 ], [ -47.9314546, -15.8438212 ], [ -47.9315219, -15.8447638 ] ], [ [ -47.9337479, -15.8564153 ], [ -47.9336893, -15.8562124 ] ], [ [ -47.9344372, -15.8579621 ], [ -47.9343031, -15.8578202 ], [ -47.9341905, -15.8576899 ], [ -47.9340751, -15.857508 ], [ -47.9340027, -15.8573377 ], [ -47.9339263, -15.8570552 ], [ -47.9338324, -15.8567081 ], [ -47.9337479, -15.8564153 ] ], [ [ -47.9423256, -15.8654476 ], [ -47.9422914, -15.8653985 ], [ -47.942223, -15.8652973 ], [ -47.9420936, -15.8651373 ], [ -47.9419367, -15.8649703 ], [ -47.9417845, -15.8648374 ], [ -47.9415599, -15.8646871 ], [ -47.9411696, -15.8644884 ], [ -47.9407297, -15.8642614 ], [ -47.9402818, -15.864006 ], [ -47.9399041, -15.8637299 ], [ -47.9397045, -15.863558 ], [ -47.9392746, -15.8632036 ], [ -47.9389139, -15.8628127 ], [ -47.9386738, -15.8625315 ], [ -47.9385077, -15.8623338 ], [ -47.936855, -15.8603673 ], [ -47.9356939, -15.8590277 ], [ -47.9353465, -15.8586871 ], [ -47.9348785, -15.8583182 ], [ -47.9344372, -15.8579621 ] ], [ [ -47.94274, -15.8663383 ], [ -47.9423256, -15.8654476 ] ], [ [ -47.9477605, -15.8700392 ], [ -47.9471543, -15.86978 ], [ -47.9465219, -15.8694904 ], [ -47.9458655, -15.8691737 ], [ -47.9450957, -15.8687893 ], [ -47.9446598, -15.8685874 ], [ -47.944344, -15.8684288 ], [ -47.9441294, -15.8683191 ], [ -47.9439336, -15.8681856 ], [ -47.9437485, -15.8680373 ], [ -47.9435554, -15.8678418 ], [ -47.9433817, -15.8676322 ], [ -47.9432067, -15.8673432 ], [ -47.9429908, -15.866875 ], [ -47.94274, -15.8663383 ] ], [ [ -47.9578477, -15.8757142 ], [ -47.9541608, -15.8735587 ], [ -47.9500651, -15.8711642 ], [ -47.9492685, -15.8707333 ], [ -47.9485658, -15.8703947 ], [ -47.9478899, -15.8700954 ] ], [ [ -47.9594907, -15.8782885 ], [ -47.9592879, -15.8770571 ], [ -47.9592166, -15.876814 ], [ -47.9591096, -15.8766149 ], [ -47.9588153, -15.8763358 ], [ -47.9583129, -15.8759758 ], [ -47.9578477, -15.8757142 ] ], [ [ -47.9595684, -15.8787073 ], [ -47.9594907, -15.8782885 ] ], [ [ -47.9595558, -15.8790463 ], [ -47.9595684, -15.8787073 ] ], [ [ -47.9599595, -15.8818135 ], [ -47.9598976, -15.8812359 ], [ -47.9598244, -15.8806801 ], [ -47.95967, -15.8796708 ], [ -47.9595539, -15.8792285 ], [ -47.9595558, -15.8790463 ] ], [ [ -47.9601911, -15.8837708 ], [ -47.9599595, -15.8818135 ] ], [ [ -47.9602267, -15.8839792 ], [ -47.9601911, -15.8837708 ] ], [ [ -47.9761142, -15.924084 ], [ -47.9758438, -15.9236776 ], [ -47.9756199, -15.9233462 ], [ -47.9754268, -15.9230611 ], [ -47.9751813, -15.9226691 ], [ -47.9748715, -15.9221984 ], [ -47.9747401, -15.9219804 ], [ -47.9681573, -15.9121187 ], [ -47.967659, -15.9113858 ], [ -47.9674108, -15.9109758 ], [ -47.9656511, -15.9083287 ], [ -47.9648811, -15.9071261 ], [ -47.9647252, -15.9068996 ], [ -47.9641651, -15.9059602 ], [ -47.9636942, -15.9048493 ], [ -47.9634492, -15.9039741 ], [ -47.9614222, -15.8916073 ], [ -47.9612727, -15.89068 ], [ -47.9611995, -15.8902852 ], [ -47.9607376, -15.8872507 ], [ -47.9602267, -15.8839792 ] ], [ [ -47.9891673, -15.9436163 ], [ -47.9889586, -15.9432847 ], [ -47.9885226, -15.9426263 ], [ -47.9877044, -15.9413908 ], [ -47.9866867, -15.9399909 ], [ -47.9857023, -15.9384976 ], [ -47.9837416, -15.9355471 ], [ -47.9798242, -15.9296475 ], [ -47.9792271, -15.9287384 ], [ -47.9785853, -15.9277424 ], [ -47.978453, -15.9275464 ], [ -47.9772244, -15.9257159 ], [ -47.9761142, -15.924084 ] ], [ [ -47.9903999, -15.9453048 ], [ -47.990077, -15.9449633 ], [ -47.9892189, -15.9436926 ], [ -47.9891673, -15.9436163 ] ], [ [ -47.9899583, -15.9445845 ], [ -47.9901749, -15.9449195 ], [ -47.9902728, -15.9450949 ], [ -47.9903999, -15.9453048 ] ], [ [ -47.960317, -15.883964 ], [ -47.9613719, -15.8904581 ], [ -47.9614177, -15.8906942 ], [ -47.9615518, -15.8915079 ], [ -47.9616494, -15.8922072 ], [ -47.961868, -15.8935872 ], [ -47.962313, -15.8963863 ], [ -47.9626861, -15.898699 ], [ -47.9629085, -15.9000218 ], [ -47.9631602, -15.9015672 ], [ -47.9633948, -15.9030838 ], [ -47.9635444, -15.9039376 ], [ -47.9636791, -15.9043995 ], [ -47.9638918, -15.9050156 ], [ -47.9640148, -15.9053601 ], [ -47.9642997, -15.9060009 ], [ -47.9648121, -15.9068804 ], [ -47.9649311, -15.9070732 ], [ -47.9651154, -15.9073445 ], [ -47.9656646, -15.9081533 ], [ -47.9663378, -15.9091742 ], [ -47.9669169, -15.9100514 ], [ -47.9675304, -15.9109376 ], [ -47.9676682, -15.9111254 ], [ -47.9678199, -15.9113287 ], [ -47.9682932, -15.9120336 ], [ -47.9684977, -15.9123628 ], [ -47.9722866, -15.9181112 ], [ -47.9732037, -15.9195077 ], [ -47.9739397, -15.9206179 ], [ -47.9747824, -15.9218692 ], [ -47.9752788, -15.9225847 ], [ -47.9757422, -15.9232713 ], [ -47.9760511, -15.9237449 ], [ -47.9765896, -15.9245867 ], [ -47.9770181, -15.925246 ], [ -47.9774895, -15.9259628 ], [ -47.9785231, -15.9275136 ], [ -47.9786415, -15.9276991 ], [ -47.9792224, -15.9285717 ], [ -47.9800378, -15.9297837 ], [ -47.9829268, -15.9341493 ], [ -47.9845524, -15.9366037 ], [ -47.9847884, -15.9369546 ], [ -47.986411, -15.9394008 ], [ -47.9870702, -15.9404203 ], [ -47.9877917, -15.9413378 ], [ -47.9879469, -15.9415353 ], [ -47.9880459, -15.9416789 ], [ -47.9880668, -15.9417067 ], [ -47.9881243, -15.9418004 ], [ -47.989041, -15.9432062 ], [ -47.9899583, -15.9445845 ] ], [ [ -47.9602858, -15.8837554 ], [ -47.960317, -15.883964 ] ], [ [ -47.9602209, -15.881766 ], [ -47.9601871, -15.8826119 ], [ -47.9601839, -15.8829148 ], [ -47.9602858, -15.8837554 ] ], [ [ -47.9597456, -15.8790198 ], [ -47.9598151, -15.8791842 ], [ -47.9598351, -15.8796547 ], [ -47.9601417, -15.8813818 ], [ -47.9602209, -15.881766 ] ], [ [ -47.9595684, -15.8787073 ], [ -47.9597456, -15.8790198 ] ], [ [ -47.9903999, -15.9453048 ], [ -47.9908528, -15.9457912 ] ], [ [ -47.9908528, -15.9457912 ], [ -47.9912738, -15.9462744 ], [ -47.9915062, -15.9465467 ], [ -47.9916246, -15.946668 ], [ -47.9917881, -15.9468011 ], [ -47.9919599, -15.946904 ], [ -47.9921555, -15.9469955 ], [ -47.9923743, -15.9470613 ], [ -47.9924923, -15.9470897 ], [ -47.9926312, -15.9471091 ], [ -47.9927927, -15.9471258 ], [ -47.992942, -15.9471308 ], [ -47.9930998, -15.9471168 ], [ -47.9932297, -15.9470985 ] ], [ [ -47.9932297, -15.9470985 ], [ -47.9945617, -15.9466818 ] ], [ [ -48.0189576, -15.9647316 ], [ -48.0185726, -15.9643666 ], [ -48.0181821, -15.9639826 ], [ -48.0089896, -15.9556876 ], [ -48.0086711, -15.9553554 ], [ -48.007928, -15.9547154 ], [ -48.0071939, -15.9540459 ], [ -47.9999199, -15.9475374 ], [ -47.9996334, -15.9473369 ], [ -47.9991075, -15.9470261 ], [ -47.9988681, -15.9469208 ], [ -47.998558, -15.9467993 ], [ -47.9982582, -15.946702 ], [ -47.9979897, -15.946638 ], [ -47.997721, -15.9465873 ], [ -47.9968052, -15.9464819 ], [ -47.9965118, -15.9464486 ], [ -47.9960986, -15.9464436 ], [ -47.9956289, -15.9464573 ], [ -47.9953603, -15.9464933 ], [ -47.9945617, -15.9466818 ] ], [ [ -48.0195064, -15.9651814 ], [ -48.0189576, -15.9647316 ] ], [ [ -48.0197596, -15.965379 ], [ -48.0195064, -15.9651814 ] ], [ [ -48.020543, -15.966 ], [ -48.0197596, -15.965379 ] ], [ [ -48.0208867, -15.9662835 ], [ -48.020543, -15.966 ] ], [ [ -48.0464517, -15.9892891 ], [ -48.0457848, -15.9886625 ], [ -48.0456161, -15.9884988 ], [ -48.0437314, -15.9868443 ], [ -48.0368027, -15.9806356 ], [ -48.0362776, -15.9801428 ], [ -48.0271041, -15.9720007 ], [ -48.0229752, -15.96828 ], [ -48.0226567, -15.9679498 ], [ -48.0220108, -15.9673186 ], [ -48.0220023, -15.9673103 ], [ -48.0217805, -15.9670924 ], [ -48.0208867, -15.9662835 ] ], [ [ -48.048392, -15.9910194 ], [ -48.0483426, -15.9909425 ], [ -48.048295, -15.9908909 ], [ -48.0482186, -15.9908245 ], [ -48.0472121, -15.9899466 ], [ -48.0470377, -15.9897906 ], [ -48.0468553, -15.9896282 ], [ -48.0466609, -15.9894644 ], [ -48.0464517, -15.9892891 ] ], [ [ -48.0485659, -15.9913746 ], [ -48.0485338, -15.9913685 ], [ -48.0484583, -15.991326 ], [ -48.0484016, -15.9912621 ], [ -48.0483698, -15.9911838 ], [ -48.0483665, -15.9910998 ], [ -48.048392, -15.9910194 ] ], [ [ -48.0504336, -15.9930246 ], [ -48.0503397, -15.9929412 ], [ -48.0495444, -15.9922388 ], [ -48.0485659, -15.9913746 ] ], [ [ -48.050817, -15.9931786 ], [ -48.0507427, -15.9932052 ], [ -48.0506635, -15.9932094 ], [ -48.0505865, -15.9931909 ], [ -48.0505188, -15.9931513 ], [ -48.0504662, -15.9930941 ], [ -48.0504336, -15.9930246 ] ], [ [ -48.0508484, -15.9927696 ], [ -48.0509077, -15.9928341 ], [ -48.0509406, -15.9929142 ], [ -48.050943, -15.9930002 ], [ -48.0509147, -15.9930819 ], [ -48.0508728, -15.9931367 ], [ -48.050817, -15.9931786 ] ], [ [ -48.0488256, -15.9909669 ], [ -48.0491559, -15.9912474 ], [ -48.0498782, -15.991897 ], [ -48.0508484, -15.9927696 ] ], [ [ -48.0485034, -15.9909094 ], [ -48.048587, -15.9908827 ], [ -48.048675, -15.990884 ], [ -48.0487576, -15.9909132 ], [ -48.0488256, -15.9909669 ] ], [ [ -48.0459809, -15.9886239 ], [ -48.0460225, -15.9886651 ], [ -48.0460808, -15.9887212 ], [ -48.04616, -15.9887973 ], [ -48.0463605, -15.9889868 ], [ -48.0466676, -15.9892685 ], [ -48.0470002, -15.9895714 ], [ -48.0473153, -15.9898518 ], [ -48.0475688, -15.9900729 ], [ -48.0485034, -15.9909094 ] ], [ [ -48.0209269, -15.9662246 ], [ -48.0218573, -15.9670039 ], [ -48.0220969, -15.9672177 ], [ -48.0227649, -15.9678318 ], [ -48.023862, -15.9687631 ], [ -48.0241498, -15.9690085 ], [ -48.0261757, -15.9708337 ], [ -48.0275431, -15.9720702 ], [ -48.0283923, -15.9728189 ], [ -48.0301359, -15.9743797 ], [ -48.0313768, -15.975502 ], [ -48.0342232, -15.9780639 ], [ -48.0358692, -15.9795324 ], [ -48.0362759, -15.9799161 ], [ -48.0364199, -15.9800401 ], [ -48.0386886, -15.9820668 ], [ -48.0421997, -15.9851999 ], [ -48.0435247, -15.9864057 ], [ -48.044698, -15.9874991 ], [ -48.0457199, -15.9884006 ], [ -48.0458984, -15.9885608 ], [ -48.0459809, -15.9886239 ] ], [ [ -48.0205926, -15.9659431 ], [ -48.0209269, -15.9662246 ] ], [ [ -48.0197971, -15.9653345 ], [ -48.0205926, -15.9659431 ] ], [ [ -48.0195376, -15.9651249 ], [ -48.0197971, -15.9653345 ] ], [ [ -47.9945617, -15.9466818 ], [ -47.9947201, -15.9465725 ], [ -47.995326, -15.9463166 ], [ -47.995601, -15.9462348 ], [ -47.9959006, -15.9461603 ], [ -47.9961965, -15.9461226 ], [ -47.9964615, -15.9461019 ], [ -47.9967101, -15.9461007 ], [ -47.9969284, -15.9461107 ], [ -47.9973538, -15.9461793 ], [ -47.9974732, -15.9462064 ], [ -47.9975805, -15.9462296 ], [ -47.9980675, -15.9463699 ], [ -47.9986386, -15.9465938 ], [ -47.9992535, -15.946937 ], [ -47.9999006, -15.9473599 ], [ -48.0013675, -15.948653 ], [ -48.0030232, -15.9501255 ], [ -48.0046513, -15.9515869 ], [ -48.0062242, -15.9530061 ], [ -48.0067792, -15.9535132 ], [ -48.0073664, -15.9540224 ], [ -48.0079813, -15.9545826 ], [ -48.0084799, -15.9550486 ], [ -48.009364, -15.9558307 ], [ -48.0099143, -15.9563113 ], [ -48.0112192, -15.9574812 ], [ -48.0122454, -15.9583883 ], [ -48.0137636, -15.9597501 ], [ -48.0144676, -15.9603787 ], [ -48.0156054, -15.9614367 ], [ -48.0161219, -15.9618981 ], [ -48.0172656, -15.9629145 ], [ -48.018107, -15.9636663 ], [ -48.0184818, -15.9640491 ], [ -48.0192061, -15.9648009 ], [ -48.0195376, -15.9651249 ] ], [ [ -47.9945617, -15.9466818 ], [ -47.9947201, -15.9465725 ], [ -47.995326, -15.9463166 ], [ -47.995601, -15.9462348 ], [ -47.9959006, -15.9461603 ], [ -47.9961965, -15.9461226 ], [ -47.9964615, -15.9461019 ], [ -47.9967101, -15.9461007 ], [ -47.9969284, -15.9461107 ], [ -47.9973538, -15.9461793 ], [ -47.9974732, -15.9462064 ], [ -47.9975805, -15.9462296 ], [ -47.9980675, -15.9463699 ], [ -47.9986386, -15.9465938 ], [ -47.9992535, -15.946937 ], [ -47.9999006, -15.9473599 ], [ -48.0013675, -15.948653 ], [ -48.0030232, -15.9501255 ], [ -48.0046513, -15.9515869 ], [ -48.0062242, -15.9530061 ], [ -48.0067792, -15.9535132 ], [ -48.0073664, -15.9540224 ], [ -48.0079813, -15.9545826 ], [ -48.0084799, -15.9550486 ], [ -48.009364, -15.9558307 ], [ -48.0099143, -15.9563113 ], [ -48.0112192, -15.9574812 ], [ -48.0122454, -15.9583883 ], [ -48.0137636, -15.9597501 ], [ -48.0144676, -15.9603787 ], [ -48.0156054, -15.9614367 ], [ -48.0161219, -15.9618981 ], [ -48.0172656, -15.9629145 ], [ -48.018107, -15.9636663 ], [ -48.0184818, -15.9640491 ], [ -48.0192061, -15.9648009 ], [ -48.0195376, -15.9651249 ] ] ] } },
{ "type": "Feature", "properties": { "id_osm": 15843866, "nome": "TR25 - Terminal de Integração de Santa Maria / Rodoviária do Plano Piloto (Expressa)", "ref": "2301" }, "geometry": { "type": "MultiLineString", "coordinates": [ [ [ -47.8821419, -15.7937184 ], [ -47.8823008, -15.7936714 ], [ -47.8824686, -15.7941887 ], [ -47.8825293, -15.7943758 ], [ -47.8826215, -15.7946597 ], [ -47.8824588, -15.7947086 ], [ -47.8821419, -15.7937184 ] ], [ [ -47.882452, -15.7936963 ], [ -47.8824762, -15.7936628 ], [ -47.8825201, -15.7936358 ], [ -47.8827988, -15.7935438 ], [ -47.8828409, -15.7935544 ], [ -47.8828865, -15.7935789 ], [ -47.8829214, -15.7936176 ], [ -47.882963, -15.7936912 ] ], [ [ -47.8823251, -15.7935932 ], [ -47.8822781, -15.7934463 ], [ -47.8829302, -15.793253 ], [ -47.8829772, -15.7933997 ], [ -47.8826471, -15.7934976 ], [ -47.8823251, -15.7935932 ] ], [ [ -47.8828397, -15.7947316 ], [ -47.8827877, -15.7946655 ], [ -47.8827462, -15.7946011 ], [ -47.8827086, -15.7945383 ], [ -47.8826802, -15.7944645 ], [ -47.8824507, -15.7938009 ], [ -47.8824413, -15.7937441 ], [ -47.882452, -15.7936963 ] ], [ [ -47.882936, -15.7948932 ], [ -47.8828397, -15.7947316 ] ], [ [ -47.8831093, -15.795458 ], [ -47.8829818, -15.7950424 ], [ -47.882936, -15.7948932 ] ], [ [ -47.8832023, -15.7957257 ], [ -47.8831093, -15.795458 ] ], [ [ -47.8834859, -15.7963599 ], [ -47.8832023, -15.7957257 ] ], [ [ -47.8835155, -15.7964179 ], [ -47.8834859, -15.7963599 ] ], [ [ -47.8835772, -15.7965683 ], [ -47.8835155, -15.7964179 ] ], [ [ -47.8837384, -15.7969628 ], [ -47.8835772, -15.7965683 ] ], [ [ -47.8838561, -15.7972554 ], [ -47.8837384, -15.7969628 ] ], [ [ -47.883878, -15.797317 ], [ -47.8838561, -15.7972554 ] ], [ [ -47.8842548, -15.7982171 ], [ -47.8841513, -15.7979798 ], [ -47.883878, -15.797317 ] ], [ [ -47.8849966, -15.7998256 ], [ -47.8842548, -15.7982171 ] ], [ [ -47.8853585, -15.800505 ], [ -47.8851368, -15.8000926 ], [ -47.8850745, -15.799972 ], [ -47.8849966, -15.7998256 ] ], [ [ -47.8857377, -15.8012329 ], [ -47.8853585, -15.800505 ] ], [ [ -47.8862876, -15.802141 ], [ -47.8861253, -15.8018653 ], [ -47.8857377, -15.8012329 ] ], [ [ -47.88658, -15.8026012 ], [ -47.8862876, -15.802141 ] ], [ [ -47.8875971, -15.8040449 ], [ -47.8868884, -15.8030908 ], [ -47.88658, -15.8026012 ] ], [ [ -47.8879352, -15.8045364 ], [ -47.8875971, -15.8040449 ] ], [ [ -47.8903498, -15.8073568 ], [ -47.8879352, -15.8045364 ] ], [ [ -47.8908114, -15.8078658 ], [ -47.8903498, -15.8073568 ] ], [ [ -47.8919299, -15.809117 ], [ -47.8908114, -15.8078658 ] ], [ [ -47.8922729, -15.8094991 ], [ -47.8919299, -15.809117 ] ], [ [ -47.8949333, -15.8121753 ], [ -47.8922729, -15.8094991 ] ], [ [ -47.8953115, -15.8125263 ], [ -47.8949333, -15.8121753 ] ], [ [ -47.8965712, -15.8137171 ], [ -47.8953115, -15.8125263 ] ], [ [ -47.8971063, -15.8141932 ], [ -47.8965712, -15.8137171 ] ], [ [ -47.9000319, -15.8165609 ], [ -47.8988919, -15.8156577 ], [ -47.8971063, -15.8141932 ] ], [ [ -47.9004239, -15.8168524 ], [ -47.9000319, -15.8165609 ] ], [ [ -47.9018162, -15.8178566 ], [ -47.9004239, -15.8168524 ] ], [ [ -47.9023115, -15.8182139 ], [ -47.9018162, -15.8178566 ] ], [ [ -47.905405, -15.8204306 ], [ -47.9023115, -15.8182139 ] ], [ [ -47.9058594, -15.8207908 ], [ -47.905405, -15.8204306 ] ], [ [ -47.9074022, -15.8218913 ], [ -47.9069941, -15.8215931 ], [ -47.9058594, -15.8207908 ] ], [ [ -47.9079464, -15.8222732 ], [ -47.9074022, -15.8218913 ] ], [ [ -47.9105797, -15.8241787 ], [ -47.9102342, -15.8239174 ], [ -47.9082419, -15.8224828 ], [ -47.9079464, -15.8222732 ] ], [ [ -47.9112731, -15.8246771 ], [ -47.9105797, -15.8241787 ] ], [ [ -47.9131508, -15.8260334 ], [ -47.9114402, -15.8248025 ], [ -47.9112731, -15.8246771 ] ], [ [ -47.9161411, -15.828168 ], [ -47.9131508, -15.8260334 ] ], [ [ -47.9166095, -15.8284997 ], [ -47.9161411, -15.828168 ] ], [ [ -47.9179887, -15.8295368 ], [ -47.9166095, -15.8284997 ] ], [ [ -47.91848, -15.8298856 ], [ -47.9179887, -15.8295368 ] ], [ [ -47.9215586, -15.8320933 ], [ -47.9210597, -15.8317476 ], [ -47.9205085, -15.8313502 ], [ -47.9200324, -15.8309979 ], [ -47.91848, -15.8298856 ] ], [ [ -47.921977, -15.832403 ], [ -47.9215586, -15.8320933 ] ], [ [ -47.9266453, -15.8357391 ], [ -47.9239096, -15.833817 ], [ -47.9233275, -15.8333784 ], [ -47.9229721, -15.8331294 ], [ -47.9226248, -15.8328752 ], [ -47.921977, -15.832403 ] ], [ [ -47.927308, -15.836228 ], [ -47.9266453, -15.8357391 ] ], [ [ -47.9303147, -15.8390398 ], [ -47.9299486, -15.8384915 ], [ -47.9296106, -15.8380928 ], [ -47.9292981, -15.8377458 ], [ -47.9287027, -15.8372632 ], [ -47.927308, -15.836228 ] ], [ [ -47.9312384, -15.8423085 ], [ -47.9311849, -15.8415908 ], [ -47.931051, -15.8408667 ], [ -47.9309021, -15.8403016 ], [ -47.9307425, -15.8398694 ], [ -47.9305695, -15.8395159 ], [ -47.9303147, -15.8390398 ] ], [ [ -47.9312825, -15.842698 ], [ -47.9312384, -15.8423085 ] ], [ [ -47.9313476, -15.8440944 ], [ -47.9313192, -15.8436303 ], [ -47.9312825, -15.842698 ] ], [ [ -47.9313917, -15.8447757 ], [ -47.9313476, -15.8440944 ] ], [ [ -47.9322604, -15.8511388 ], [ -47.9322073, -15.8509269 ], [ -47.9320283, -15.850293 ], [ -47.9319398, -15.8498635 ], [ -47.9317608, -15.8488493 ], [ -47.9317214, -15.8484425 ], [ -47.9314952, -15.8453753 ], [ -47.9314441, -15.8448209 ], [ -47.9313917, -15.8447757 ] ], [ [ -47.9323607, -15.8515116 ], [ -47.9322604, -15.8511388 ] ], [ [ -47.9336893, -15.8562124 ], [ -47.9336453, -15.8560805 ], [ -47.9335957, -15.8559173 ], [ -47.933467, -15.8554864 ], [ -47.93341, -15.8552949 ], [ -47.9333744, -15.8551897 ], [ -47.9333489, -15.8551388 ], [ -47.9326099, -15.8523714 ], [ -47.9323607, -15.8515116 ] ], [ [ -47.932404, -15.8514983 ], [ -47.9326544, -15.8523633 ], [ -47.933399, -15.8551468 ], [ -47.9334623, -15.8553265 ], [ -47.9336058, -15.8558683 ], [ -47.9336473, -15.8560257 ], [ -47.9336765, -15.8561299 ], [ -47.9336893, -15.8562124 ] ], [ [ -47.9323037, -15.8511275 ], [ -47.932404, -15.8514983 ] ], [ [ -47.9315219, -15.8447638 ], [ -47.9314834, -15.8448171 ], [ -47.9315287, -15.845345 ], [ -47.9315936, -15.846206 ], [ -47.9317647, -15.8484463 ], [ -47.931804, -15.8488493 ], [ -47.9319948, -15.849873 ], [ -47.9320755, -15.8502836 ], [ -47.9322446, -15.8509156 ], [ -47.9323037, -15.8511275 ] ], [ [ -47.9313762, -15.842322 ], [ -47.9314546, -15.8438212 ], [ -47.9315219, -15.8447638 ] ], [ [ -47.9305547, -15.8391353 ], [ -47.9307702, -15.8395368 ], [ -47.9310644, -15.8402642 ], [ -47.9312092, -15.8407932 ], [ -47.9313071, -15.8414718 ], [ -47.9313762, -15.842322 ] ], [ [ -47.9299142, -15.8382653 ], [ -47.9302007, -15.8386141 ], [ -47.9305547, -15.8391353 ] ], [ [ -47.9273806, -15.8361167 ], [ -47.9280898, -15.8366401 ], [ -47.9287818, -15.8371626 ], [ -47.9293786, -15.8376735 ], [ -47.9299142, -15.8382653 ] ], [ [ -47.926726, -15.835646 ], [ -47.9273806, -15.8361167 ] ], [ [ -47.9220581, -15.8323049 ], [ -47.9224384, -15.8325927 ], [ -47.9229426, -15.8329501 ], [ -47.9234375, -15.8332958 ], [ -47.9237875, -15.8335526 ], [ -47.9240571, -15.8337332 ], [ -47.9258421, -15.8350196 ], [ -47.926726, -15.835646 ] ], [ [ -47.9216217, -15.8319824 ], [ -47.9220581, -15.8323049 ] ], [ [ -47.9185131, -15.8297451 ], [ -47.9201062, -15.8308896 ], [ -47.9205179, -15.8311992 ], [ -47.9209632, -15.8315269 ], [ -47.9213266, -15.8317811 ], [ -47.9216217, -15.8319824 ] ], [ [ -47.9180668, -15.8294244 ], [ -47.9185131, -15.8297451 ] ], [ [ -47.9166952, -15.8284297 ], [ -47.9180668, -15.8294244 ] ], [ [ -47.9161768, -15.8280491 ], [ -47.9166952, -15.8284297 ] ], [ [ -47.913164, -15.8258911 ], [ -47.9161768, -15.8280491 ] ], [ [ -47.9127365, -15.8255849 ], [ -47.913164, -15.8258911 ] ], [ [ -47.9113435, -15.82458 ], [ -47.9114577, -15.8246737 ], [ -47.9127365, -15.8255849 ] ], [ [ -47.9106545, -15.8240731 ], [ -47.9113435, -15.82458 ] ], [ [ -47.9080335, -15.8221774 ], [ -47.908277, -15.8223499 ], [ -47.9103738, -15.8238622 ], [ -47.9106545, -15.8240731 ] ], [ [ -47.9074782, -15.8217692 ], [ -47.9080335, -15.8221774 ] ], [ [ -47.9059919, -15.8207049 ], [ -47.9070248, -15.8214389 ], [ -47.9074782, -15.8217692 ] ], [ [ -47.905536, -15.8203513 ], [ -47.9059919, -15.8207049 ] ], [ [ -47.9023413, -15.8180635 ], [ -47.905536, -15.8203513 ] ], [ [ -47.901885, -15.8177324 ], [ -47.9023413, -15.8180635 ] ], [ [ -47.9005366, -15.8167575 ], [ -47.901885, -15.8177324 ] ], [ [ -47.90005, -15.8163829 ], [ -47.9005366, -15.8167575 ] ], [ [ -47.8972336, -15.8140753 ], [ -47.8980732, -15.8148151 ], [ -47.8994787, -15.8159468 ], [ -47.90005, -15.8163829 ] ], [ [ -47.8965611, -15.8134925 ], [ -47.8972336, -15.8140753 ] ], [ [ -47.8956136, -15.8126609 ], [ -47.8965611, -15.8134925 ] ], [ [ -47.8950088, -15.8120524 ], [ -47.8956136, -15.8126609 ] ], [ [ -47.8924678, -15.809478 ], [ -47.8937589, -15.8108525 ], [ -47.8950088, -15.8120524 ] ], [ [ -47.8920247, -15.8089917 ], [ -47.8924678, -15.809478 ] ], [ [ -47.8909011, -15.8077587 ], [ -47.8920247, -15.8089917 ] ], [ [ -47.8904769, -15.8072932 ], [ -47.8909011, -15.8077587 ] ], [ [ -47.8881894, -15.804572 ], [ -47.8893212, -15.8059374 ], [ -47.8904769, -15.8072932 ] ], [ [ -47.8877732, -15.8039855 ], [ -47.8881894, -15.804572 ] ], [ [ -47.885839, -15.8011677 ], [ -47.8861185, -15.8016277 ], [ -47.8864297, -15.8021346 ], [ -47.8867006, -15.8025488 ], [ -47.8870145, -15.8030314 ], [ -47.8877732, -15.8039855 ] ], [ [ -47.8854696, -15.8004517 ], [ -47.885839, -15.8011677 ] ], [ [ -47.8851292, -15.7997592 ], [ -47.8852925, -15.8000766 ], [ -47.8854696, -15.8004517 ] ], [ [ -47.8843734, -15.7981722 ], [ -47.8851292, -15.7997592 ] ], [ [ -47.8839898, -15.7972453 ], [ -47.8840688, -15.7974636 ], [ -47.8841613, -15.7977156 ], [ -47.8842565, -15.7979357 ], [ -47.8843734, -15.7981722 ] ], [ [ -47.8839768, -15.7972206 ], [ -47.8839898, -15.7972453 ] ], [ [ -47.8838694, -15.7969256 ], [ -47.8839768, -15.7972206 ] ], [ [ -47.8837153, -15.7965036 ], [ -47.8838694, -15.7969256 ] ], [ [ -47.8836568, -15.796354 ], [ -47.8837153, -15.7965036 ] ], [ [ -47.8836453, -15.7962781 ], [ -47.8836568, -15.796354 ] ], [ [ -47.8835169, -15.7956236 ], [ -47.8836453, -15.7962781 ] ], [ [ -47.8835169, -15.7956236 ], [ -47.8836453, -15.7962781 ] ], [ [ -47.8832808, -15.7947945 ], [ -47.8833921, -15.7951223 ], [ -47.8835169, -15.7956236 ] ], [ [ -47.8832348, -15.7946172 ], [ -47.8832808, -15.7947945 ] ], [ [ -47.882963, -15.7936912 ], [ -47.8831747, -15.7944014 ], [ -47.8832164, -15.7945413 ], [ -47.8832348, -15.7946172 ] ], [ [ -47.9337479, -15.8564153 ], [ -47.9336893, -15.8562124 ] ], [ [ -47.9344372, -15.8579621 ], [ -47.9343031, -15.8578202 ], [ -47.9341905, -15.8576899 ], [ -47.9340751, -15.857508 ], [ -47.9340027, -15.8573377 ], [ -47.9339263, -15.8570552 ], [ -47.9338324, -15.8567081 ], [ -47.9337479, -15.8564153 ] ], [ [ -47.9423256, -15.8654476 ], [ -47.9422914, -15.8653985 ], [ -47.942223, -15.8652973 ], [ -47.9420936, -15.8651373 ], [ -47.9419367, -15.8649703 ], [ -47.9417845, -15.8648374 ], [ -47.9415599, -15.8646871 ], [ -47.9411696, -15.8644884 ], [ -47.9407297, -15.8642614 ], [ -47.9402818, -15.864006 ], [ -47.9399041, -15.8637299 ], [ -47.9397045, -15.863558 ], [ -47.9392746, -15.8632036 ], [ -47.9389139, -15.8628127 ], [ -47.9386738, -15.8625315 ], [ -47.9385077, -15.8623338 ], [ -47.936855, -15.8603673 ], [ -47.9356939, -15.8590277 ], [ -47.9353465, -15.8586871 ], [ -47.9348785, -15.8583182 ], [ -47.9344372, -15.8579621 ] ], [ [ -47.94274, -15.8663383 ], [ -47.9423256, -15.8654476 ] ], [ [ -47.9477605, -15.8700392 ], [ -47.9471543, -15.86978 ], [ -47.9465219, -15.8694904 ], [ -47.9458655, -15.8691737 ], [ -47.9450957, -15.8687893 ], [ -47.9446598, -15.8685874 ], [ -47.944344, -15.8684288 ], [ -47.9441294, -15.8683191 ], [ -47.9439336, -15.8681856 ], [ -47.9437485, -15.8680373 ], [ -47.9435554, -15.8678418 ], [ -47.9433817, -15.8676322 ], [ -47.9432067, -15.8673432 ], [ -47.9429908, -15.866875 ], [ -47.94274, -15.8663383 ] ], [ [ -47.9578477, -15.8757142 ], [ -47.9541608, -15.8735587 ], [ -47.9500651, -15.8711642 ], [ -47.9492685, -15.8707333 ], [ -47.9485658, -15.8703947 ], [ -47.9478899, -15.8700954 ] ], [ [ -47.9594907, -15.8782885 ], [ -47.9592879, -15.8770571 ], [ -47.9592166, -15.876814 ], [ -47.9591096, -15.8766149 ], [ -47.9588153, -15.8763358 ], [ -47.9583129, -15.8759758 ], [ -47.9578477, -15.8757142 ] ], [ [ -47.9595684, -15.8787073 ], [ -47.9594907, -15.8782885 ] ], [ [ -47.9595558, -15.8790463 ], [ -47.9595684, -15.8787073 ] ], [ [ -47.9599595, -15.8818135 ], [ -47.9598976, -15.8812359 ], [ -47.9598244, -15.8806801 ], [ -47.95967, -15.8796708 ], [ -47.9595539, -15.8792285 ], [ -47.9595558, -15.8790463 ] ], [ [ -47.9601911, -15.8837708 ], [ -47.9599595, -15.8818135 ] ], [ [ -47.9602267, -15.8839792 ], [ -47.9601911, -15.8837708 ] ], [ [ -47.9761142, -15.924084 ], [ -47.9758438, -15.9236776 ], [ -47.9756199, -15.9233462 ], [ -47.9754268, -15.9230611 ], [ -47.9751813, -15.9226691 ], [ -47.9748715, -15.9221984 ], [ -47.9747401, -15.9219804 ], [ -47.9681573, -15.9121187 ], [ -47.967659, -15.9113858 ], [ -47.9674108, -15.9109758 ], [ -47.9656511, -15.9083287 ], [ -47.9648811, -15.9071261 ], [ -47.9647252, -15.9068996 ], [ -47.9641651, -15.9059602 ], [ -47.9636942, -15.9048493 ], [ -47.9634492, -15.9039741 ], [ -47.9614222, -15.8916073 ], [ -47.9612727, -15.89068 ], [ -47.9611995, -15.8902852 ], [ -47.9607376, -15.8872507 ], [ -47.9602267, -15.8839792 ] ], [ [ -47.9891673, -15.9436163 ], [ -47.9889586, -15.9432847 ], [ -47.9885226, -15.9426263 ], [ -47.9877044, -15.9413908 ], [ -47.9866867, -15.9399909 ], [ -47.9857023, -15.9384976 ], [ -47.9837416, -15.9355471 ], [ -47.9798242, -15.9296475 ], [ -47.9792271, -15.9287384 ], [ -47.9785853, -15.9277424 ], [ -47.978453, -15.9275464 ], [ -47.9772244, -15.9257159 ], [ -47.9761142, -15.924084 ] ], [ [ -47.9597456, -15.8790198 ], [ -47.9598151, -15.8791842 ], [ -47.9598351, -15.8796547 ], [ -47.9601417, -15.8813818 ], [ -47.9602209, -15.881766 ] ], [ [ -47.9851317, -15.9977894 ], [ -47.985249, -15.997237 ], [ -47.9852678, -15.99713 ], [ -47.9854084, -15.9964169 ], [ -47.9858457, -15.9942618 ], [ -47.9858888, -15.993954 ], [ -47.9861023, -15.9929378 ], [ -47.9862603, -15.9921288 ], [ -47.9865702, -15.9907259 ], [ -47.9869807, -15.9887311 ], [ -47.9873092, -15.9871624 ], [ -47.9878798, -15.9842717 ], [ -47.9881569, -15.9831036 ], [ -47.9885078, -15.9820025 ], [ -47.9888732, -15.9811501 ], [ -47.9889245, -15.9809607 ], [ -47.9895752, -15.9782889 ], [ -47.9897127, -15.9776772 ], [ -47.9898913, -15.9766432 ], [ -47.9901499, -15.975398 ], [ -47.9906836, -15.9726117 ], [ -47.9910407, -15.9699852 ], [ -47.9927216, -15.9616673 ], [ -47.9932298, -15.9592238 ], [ -47.9943373, -15.953804 ], [ -47.9943766, -15.9529655 ], [ -47.9943464, -15.9525506 ], [ -47.9942528, -15.9519239 ], [ -47.9939933, -15.9510389 ], [ -47.9937127, -15.9502498 ], [ -47.9933717, -15.9495389 ], [ -47.9921526, -15.9476761 ], [ -47.9919836, -15.9474382 ], [ -47.9915792, -15.9468434 ], [ -47.9913831, -15.9465503 ], [ -47.9907946, -15.9458453 ], [ -47.990077, -15.9449633 ] ], [ [ -47.9854153, -16.0012814 ], [ -47.9853593, -16.0012427 ], [ -47.9853288, -16.0012227 ], [ -47.9850505, -16.0009897 ], [ -47.9849339, -16.0008698 ], [ -47.9848433, -16.0007467 ], [ -47.984781, -16.0006268 ], [ -47.9847226, -16.0004844 ], [ -47.9846864, -16.0003284 ], [ -47.984673, -16.0001647 ], [ -47.9846811, -16.0000087 ], [ -47.9847052, -15.9998624 ], [ -47.9848487, -15.9991572 ], [ -47.9848623, -15.9990914 ], [ -47.9850088, -15.998381 ], [ -47.9851317, -15.9977894 ] ], [ [ -47.9595684, -15.8787073 ], [ -47.9597456, -15.8790198 ] ], [ [ -47.9903999, -15.9453048 ], [ -47.990077, -15.9449633 ], [ -47.9892189, -15.9436926 ], [ -47.9891673, -15.9436163 ] ], [ [ -47.9868806, -16.0032025 ], [ -47.9868318, -16.0031864 ], [ -47.9867906, -16.0031565 ] ], [ [ -47.9869491, -16.0028928 ], [ -47.9869667, -16.0028981 ], [ -47.9870055, -16.0029181 ], [ -47.9870375, -16.0029471 ], [ -47.9870602, -16.0029833 ], [ -47.9870722, -16.003024 ], [ -47.9870715, -16.0030736 ], [ -47.9870548, -16.0031206 ], [ -47.9870238, -16.0031602 ], [ -47.9869816, -16.0031888 ], [ -47.9869322, -16.0032033 ], [ -47.9868806, -16.0032025 ] ], [ [ -47.9860107, -16.0017844 ], [ -47.9868013, -16.0026469 ], [ -47.9868932, -16.0027533 ], [ -47.986918, -16.0028029 ], [ -47.9869491, -16.0028928 ] ], [ [ -47.9857141, -16.0015002 ], [ -47.9858814, -16.0016485 ], [ -47.9860107, -16.0017844 ] ], [ [ -47.9857141, -16.0015002 ], [ -47.9854777, -16.0013129 ] ], [ [ -47.9854297, -16.0012598 ], [ -47.9854777, -16.0013129 ] ], [ [ -47.9851799, -15.9978023 ], [ -47.9850602, -15.9983455 ], [ -47.984911, -15.9990927 ], [ -47.9848614, -15.9993409 ], [ -47.9847481, -15.9998772 ], [ -47.984722, -16.0000461 ], [ -47.9847159, -16.0002137 ], [ -47.9847427, -16.0003903 ], [ -47.9847837, -16.0005347 ], [ -47.9848594, -16.0006919 ], [ -47.98496, -16.0008312 ], [ -47.9850727, -16.000951 ], [ -47.9853456, -16.0011779 ], [ -47.9853751, -16.0012063 ], [ -47.9854297, -16.0012598 ] ], [ [ -47.9602209, -15.881766 ], [ -47.9601871, -15.8826119 ], [ -47.9601839, -15.8829148 ], [ -47.9602858, -15.8837554 ] ], [ [ -47.9602858, -15.8837554 ], [ -47.960317, -15.883964 ] ], [ [ -47.960317, -15.883964 ], [ -47.9613719, -15.8904581 ], [ -47.9614177, -15.8906942 ], [ -47.9615518, -15.8915079 ], [ -47.9616494, -15.8922072 ], [ -47.961868, -15.8935872 ], [ -47.962313, -15.8963863 ], [ -47.9626861, -15.898699 ], [ -47.9629085, -15.9000218 ], [ -47.9631602, -15.9015672 ], [ -47.9633948, -15.9030838 ], [ -47.9635444, -15.9039376 ], [ -47.9636791, -15.9043995 ], [ -47.9638918, -15.9050156 ], [ -47.9640148, -15.9053601 ], [ -47.9642997, -15.9060009 ], [ -47.9648121, -15.9068804 ], [ -47.9649311, -15.9070732 ], [ -47.9651154, -15.9073445 ], [ -47.9656646, -15.9081533 ], [ -47.9663378, -15.9091742 ], [ -47.9669169, -15.9100514 ], [ -47.9675304, -15.9109376 ], [ -47.9676682, -15.9111254 ], [ -47.9678199, -15.9113287 ], [ -47.9682932, -15.9120336 ], [ -47.9684977, -15.9123628 ], [ -47.9722866, -15.9181112 ], [ -47.9732037, -15.9195077 ], [ -47.9739397, -15.9206179 ], [ -47.9747824, -15.9218692 ], [ -47.9752788, -15.9225847 ], [ -47.9757422, -15.9232713 ], [ -47.9760511, -15.9237449 ], [ -47.9765896, -15.9245867 ], [ -47.9770181, -15.925246 ], [ -47.9774895, -15.9259628 ], [ -47.9785231, -15.9275136 ], [ -47.9786415, -15.9276991 ], [ -47.9792224, -15.9285717 ], [ -47.9800378, -15.9297837 ], [ -47.9829268, -15.9341493 ], [ -47.9845524, -15.9366037 ], [ -47.9847884, -15.9369546 ], [ -47.986411, -15.9394008 ], [ -47.9870702, -15.9404203 ], [ -47.9877917, -15.9413378 ], [ -47.9879469, -15.9415353 ], [ -47.9880459, -15.9416789 ], [ -47.9880668, -15.9417067 ], [ -47.9881243, -15.9418004 ], [ -47.989041, -15.9432062 ], [ -47.9899583, -15.9445845 ] ], [ [ -47.9899583, -15.9445845 ], [ -47.9902167, -15.9448933 ], [ -47.9903333, -15.9450586 ], [ -47.9904776, -15.945224 ], [ -47.9909144, -15.9457048 ], [ -47.9914106, -15.9463282 ], [ -47.9916952, -15.9468338 ], [ -47.9917663, -15.9469763 ], [ -47.9921083, -15.9474533 ], [ -47.992219, -15.9476187 ], [ -47.9928515, -15.9485386 ], [ -47.9934326, -15.9494318 ], [ -47.9936125, -15.9497093 ], [ -47.9938734, -15.9501977 ], [ -47.9942134, -15.9510016 ], [ -47.9943394, -15.9514124 ], [ -47.994466, -15.9519168 ], [ -47.9945361, -15.9523603 ], [ -47.9945904, -15.9529712 ], [ -47.99457, -15.95383 ], [ -47.9945067, -15.9542756 ], [ -47.9937198, -15.9582062 ], [ -47.9928314, -15.9625046 ], [ -47.9919305, -15.966942 ], [ -47.9913173, -15.9699739 ], [ -47.99117, -15.9708085 ], [ -47.9908475, -15.9728144 ], [ -47.9907997, -15.9730938 ], [ -47.9901706, -15.9761831 ], [ -47.9900113, -15.9770635 ], [ -47.9898481, -15.9776262 ], [ -47.9890477, -15.9810254 ], [ -47.988996, -15.98119 ], [ -47.9887969, -15.981948 ], [ -47.9887411, -15.9821087 ], [ -47.9883429, -15.9831767 ], [ -47.9881677, -15.9836514 ], [ -47.9880005, -15.9842677 ], [ -47.987897, -15.9846581 ], [ -47.9874152, -15.9869625 ], [ -47.9868068, -15.9898786 ], [ -47.9864641, -15.9917932 ], [ -47.9863934, -15.9921634 ], [ -47.9862231, -15.9929894 ], [ -47.9860083, -15.993964 ], [ -47.9858411, -15.9946374 ], [ -47.9857312, -15.9952094 ], [ -47.9854776, -15.9964315 ] ], [ [ -47.9867906, -16.0031565 ], [ -47.9867041, -16.0031104 ], [ -47.9866325, -16.0030542 ], [ -47.9865211, -16.0029541 ], [ -47.986468, -16.0028973 ], [ -47.9857439, -16.0021222 ], [ -47.9856966, -16.0020592 ], [ -47.9856849, -16.0019959 ], [ -47.9856977, -16.0018674 ], [ -47.9857292, -16.0017691 ] ], [ [ -47.9857439, -16.0017697 ], [ -47.985757, -16.0016871 ], [ -47.9857495, -16.0016046 ], [ -47.9857141, -16.0015002 ] ] ] } },
{ "type": "Feature", "properties": { "id_osm": 17856425, "nome": null, "ref": null }, "geometry": { "type": "MultiLineString", "coordinates": [ [ [ -48.0220612, -15.8219387 ], [ -48.0220402, -15.8219721 ], [ -48.0217639, -15.821811 ], [ -48.0217848, -15.8217777 ], [ -48.0220612, -15.8219387 ] ], [ [ -48.0424586, -15.8307831 ], [ -48.0424536, -15.8308169 ], [ -48.0420845, -15.8307664 ], [ -48.0420895, -15.8307325 ], [ -48.0424586, -15.8307831 ] ], [ [ -48.0435493, -15.8309084 ], [ -48.043546, -15.8309424 ], [ -48.0431749, -15.8309089 ], [ -48.0431782, -15.8308748 ], [ -48.0435493, -15.8309084 ] ], [ [ -48.0362203, -15.8298814 ], [ -48.0358433, -15.8297793 ], [ -48.0358332, -15.8298137 ], [ -48.0362102, -15.8299159 ], [ -48.0362203, -15.8298814 ] ], [ [ -48.0299543, -15.8267429 ], [ -48.0299294, -15.8267817 ], [ -48.0296045, -15.8265894 ], [ -48.0296294, -15.8265505 ], [ -48.0299543, -15.8267429 ] ], [ [ -48.0301623, -15.8267968 ], [ -48.0301386, -15.8268342 ], [ -48.0298127, -15.8266428 ], [ -48.0298364, -15.8266054 ], [ -48.0301623, -15.8267968 ] ], [ [ -48.0258244, -15.824278 ], [ -48.0257986, -15.8243163 ], [ -48.0261086, -15.8245093 ], [ -48.0261343, -15.824471 ], [ -48.0258244, -15.824278 ] ], [ [ -48.0260283, -15.824327 ], [ -48.0260055, -15.8243622 ], [ -48.0263158, -15.824548 ], [ -48.0263386, -15.8245128 ], [ -48.0260283, -15.824327 ] ], [ [ -48.0215584, -15.8217155 ], [ -48.0215356, -15.821752 ], [ -48.0218604, -15.8219405 ], [ -48.0218833, -15.8219039 ], [ -48.0215584, -15.8217155 ] ], [ [ -48.0091866, -15.8161044 ], [ -48.0091728, -15.8161416 ], [ -48.0088161, -15.8160194 ], [ -48.0088299, -15.8159823 ], [ -48.0091866, -15.8161044 ] ], [ [ -48.0084705, -15.8158915 ], [ -48.0084538, -15.8159319 ], [ -48.0087948, -15.8160621 ], [ -48.0088115, -15.8160217 ], [ -48.0084705, -15.8158915 ] ], [ [ -48.0461651, -15.8312708 ], [ -48.0461604, -15.8313047 ], [ -48.0457908, -15.8312578 ], [ -48.0457955, -15.8312239 ], [ -48.0461651, -15.8312708 ] ], [ [ -48.0473397, -15.8314065 ], [ -48.0473351, -15.8314404 ], [ -48.0469655, -15.8313936 ], [ -48.0469675, -15.8313786 ], [ -48.0469701, -15.8313596 ], [ -48.0473397, -15.8314065 ] ], [ [ -48.0062765, -15.8150245 ], [ -48.0062615, -15.8150618 ], [ -48.0059034, -15.8149291 ], [ -48.0059184, -15.8148918 ], [ -48.0062765, -15.8150245 ] ], [ [ -48.0060796, -15.8150327 ], [ -48.0060644, -15.8150713 ], [ -48.0057113, -15.8149425 ], [ -48.0057265, -15.8149039 ], [ -48.0060796, -15.8150327 ] ], [ [ -47.9942952, -15.8108621 ], [ -47.9942952, -15.8108992 ], [ -47.9939182, -15.810897 ], [ -47.9939182, -15.8108555 ], [ -47.9942952, -15.8108621 ] ], [ [ -47.9941309, -15.8109154 ], [ -47.9941302, -15.8109528 ], [ -47.9937552, -15.8109464 ], [ -47.9937559, -15.810909 ], [ -47.9941309, -15.8109154 ] ], [ [ -47.989074, -15.8115079 ], [ -47.9890821, -15.8115574 ], [ -47.9887179, -15.811613 ], [ -47.9887141, -15.8115896 ], [ -47.9887098, -15.8115634 ], [ -47.989074, -15.8115079 ] ], [ [ -47.9891878, -15.8114309 ], [ -47.9891947, -15.811476 ], [ -47.9888315, -15.8115275 ], [ -47.9888246, -15.8114822 ], [ -47.9891878, -15.8114309 ] ], [ [ -47.9854737, -15.8120128 ], [ -47.9854807, -15.8120573 ], [ -47.9851342, -15.8121075 ], [ -47.9851311, -15.8120878 ], [ -47.9851272, -15.8120629 ], [ -47.9854737, -15.8120128 ] ], [ [ -47.9843872, -15.8121276 ], [ -47.9843895, -15.8121523 ], [ -47.9843914, -15.8121724 ], [ -47.9840115, -15.8122057 ], [ -47.9840073, -15.812161 ], [ -47.9843872, -15.8121276 ] ], [ [ -47.9769815, -15.8108902 ], [ -47.9769553, -15.810919 ], [ -47.9772383, -15.8111563 ], [ -47.9772645, -15.8111274 ], [ -47.9769815, -15.8108902 ] ], [ [ -47.9768119, -15.8108268 ], [ -47.9767986, -15.8108423 ], [ -47.9767852, -15.810858 ], [ -47.9770736, -15.8110867 ], [ -47.9771003, -15.8110554 ], [ -47.9768119, -15.8108268 ] ], [ [ -47.9666082, -15.8073529 ], [ -47.9666159, -15.8074067 ], [ -47.9662657, -15.807453 ], [ -47.9662608, -15.8074183 ], [ -47.966258, -15.8073992 ], [ -47.9666082, -15.8073529 ] ], [ [ -47.9656408, -15.8075047 ], [ -47.9656445, -15.8075264 ], [ -47.9656484, -15.8075499 ], [ -47.9652795, -15.8076074 ], [ -47.9652719, -15.8075623 ], [ -47.9656408, -15.8075047 ] ], [ [ -47.9583975, -15.8086063 ], [ -47.9584046, -15.8086487 ], [ -47.9580485, -15.8087036 ], [ -47.9580415, -15.8086612 ], [ -47.9583975, -15.8086063 ] ], [ [ -47.948006, -15.8101792 ], [ -47.948872, -15.8100463 ] ], [ [ -47.948872, -15.8100463 ], [ -47.9528785, -15.8093885 ], [ -47.9565657, -15.8088196 ], [ -47.9567092, -15.8088367 ], [ -47.9571703, -15.8087709 ], [ -47.9573949, -15.8087389 ], [ -47.9575724, -15.8086753 ], [ -47.9576724, -15.8086597 ], [ -47.9584378, -15.8085363 ], [ -47.9594775, -15.8083867 ], [ -47.9648618, -15.807547 ], [ -47.9651046, -15.8075573 ], [ -47.9654406, -15.8075001 ], [ -47.9657107, -15.807454 ], [ -47.9658502, -15.8074076 ], [ -47.9659831, -15.8073893 ], [ -47.96742, -15.8072776 ], [ -47.9680294, -15.8072011 ] ], [ [ -47.9680294, -15.8072011 ], [ -47.9683988, -15.807186 ], [ -47.9685538, -15.8071971 ], [ -47.9687166, -15.8072157 ], [ -47.9690387, -15.8072758 ] ], [ [ -47.9690387, -15.8072758 ], [ -47.9693163, -15.8073561 ], [ -47.96972, -15.8075316 ], [ -47.9702032, -15.8078446 ], [ -47.9703466, -15.8079342 ], [ -47.970483, -15.8080194 ], [ -47.9710169, -15.8082506 ], [ -47.9761026, -15.8101508 ], [ -47.9764557, -15.8103807 ], [ -47.9766746, -15.8105594 ], [ -47.9767438, -15.8106493 ], [ -47.9771075, -15.8109647 ], [ -47.9773021, -15.8111299 ], [ -47.9773789, -15.8111582 ], [ -47.9777362, -15.8114564 ], [ -47.9780756, -15.8116572 ], [ -47.9784648, -15.8118309 ], [ -47.9786864, -15.8119036 ], [ -47.9791333, -15.8119721 ] ], [ [ -47.9791333, -15.8119721 ], [ -47.9796856, -15.8120024 ] ], [ [ -47.9796856, -15.8120024 ], [ -47.9823302, -15.8121593 ], [ -47.9828588, -15.8121579 ], [ -47.9836728, -15.8121214 ], [ -47.9837837, -15.8121417 ], [ -47.9842027, -15.8121069 ], [ -47.9844199, -15.8120889 ], [ -47.9845739, -15.8120436 ], [ -47.9848687, -15.8120025 ], [ -47.9881207, -15.8115354 ], [ -47.9884215, -15.8114877 ], [ -47.9886392, -15.8114877 ], [ -47.9890369, -15.8114258 ], [ -47.9892231, -15.8113975 ], [ -47.9894054, -15.8113515 ], [ -47.9904034, -15.8112068 ], [ -47.9919983, -15.810991 ] ], [ [ -47.9919983, -15.810991 ], [ -47.9924064, -15.8109389 ] ], [ [ -47.9924064, -15.8109389 ], [ -47.9929432, -15.8108685 ], [ -47.9934832, -15.8108158 ], [ -47.993722, -15.810841 ], [ -47.994117, -15.810843 ], [ -47.9943058, -15.810844 ], [ -47.9944722, -15.8108307 ], [ -47.9946108, -15.8108499 ], [ -47.9950068, -15.8109137 ], [ -47.995415, -15.8110011 ], [ -47.9955922, -15.8110485 ], [ -47.9974577, -15.8117333 ], [ -47.997638, -15.8118401 ], [ -47.9982126, -15.8120461 ], [ -47.9983666, -15.8120728 ], [ -47.9992447, -15.8123885 ], [ -47.9996423, -15.8125252 ] ], [ [ -47.9996423, -15.8125252 ], [ -47.9998227, -15.8125887 ] ], [ [ -47.9998227, -15.8125887 ], [ -48.000218, -15.8127318 ], [ -48.0004297, -15.812808 ], [ -48.0035877, -15.813976 ], [ -48.0047978, -15.8144084 ] ], [ [ -48.0047978, -15.8144084 ], [ -48.0050486, -15.8145026 ] ], [ [ -48.0050486, -15.8145026 ], [ -48.00564, -15.8147129 ], [ -48.0057406, -15.8147917 ], [ -48.0061139, -15.8149305 ], [ -48.0062958, -15.8149981 ], [ -48.0064822, -15.8150407 ], [ -48.0066498, -15.8151 ], [ -48.0067236, -15.8151271 ], [ -48.0085435, -15.8157942 ], [ -48.0086427, -15.8158691 ], [ -48.0090606, -15.8160197 ], [ -48.0092046, -15.8160717 ], [ -48.0093833, -15.8160993 ], [ -48.0096769, -15.8162139 ], [ -48.0118331, -15.8170164 ] ], [ [ -48.0118331, -15.8170164 ], [ -48.0120521, -15.8170977 ] ], [ [ -48.0120521, -15.8170977 ], [ -48.0135874, -15.8176666 ] ], [ [ -48.0135874, -15.8176666 ], [ -48.0137745, -15.8177382 ] ], [ [ -48.0137745, -15.8177382 ], [ -48.0157103, -15.8184064 ], [ -48.0160611, -15.818537 ], [ -48.0163659, -15.8186602 ], [ -48.0171496, -15.8190126 ], [ -48.0175093, -15.8191901 ], [ -48.0203551, -15.8208688 ] ], [ [ -48.0203551, -15.8208688 ], [ -48.0205773, -15.821006 ] ], [ [ -48.0205773, -15.821006 ], [ -48.0214559, -15.8215041 ], [ -48.0215676, -15.8216332 ], [ -48.0219416, -15.8218457 ], [ -48.0220913, -15.8219281 ], [ -48.0222808, -15.8219998 ], [ -48.0224426, -15.8221001 ], [ -48.0224745, -15.8221176 ], [ -48.0257385, -15.8240816 ], [ -48.025879, -15.8242123 ], [ -48.0262066, -15.8244084 ], [ -48.0263595, -15.8245 ], [ -48.026494, -15.8245341 ], [ -48.0266957, -15.824649 ], [ -48.0267647, -15.824689 ], [ -48.029584, -15.8263827 ], [ -48.0297056, -15.8265046 ], [ -48.0300134, -15.8266845 ], [ -48.0301974, -15.826792 ], [ -48.0304033, -15.826884 ], [ -48.0305188, -15.8269539 ], [ -48.030555, -15.8269754 ], [ -48.0336705, -15.8288307 ], [ -48.0341133, -15.8290483 ], [ -48.0347141, -15.829327 ], [ -48.0355167, -15.8296115 ], [ -48.0356738, -15.8297005 ], [ -48.0360345, -15.8297978 ], [ -48.0362284, -15.8298502 ], [ -48.0364333, -15.8298516 ], [ -48.0369124, -15.8299628 ], [ -48.0390923, -15.8302325 ], [ -48.0393603, -15.8302666 ], [ -48.0417435, -15.830609 ], [ -48.0420747, -15.8306979 ], [ -48.0422946, -15.8307273 ], [ -48.0424845, -15.8307528 ], [ -48.0426293, -15.8307261 ], [ -48.0454588, -15.8310913 ], [ -48.0456083, -15.8311628 ], [ -48.0460031, -15.8312096 ], [ -48.0461625, -15.8312285 ], [ -48.0463786, -15.831205 ], [ -48.0470678, -15.8313019 ], [ -48.048232, -15.8314657 ], [ -48.0490313, -15.8315792 ], [ -48.0500795, -15.8317453 ] ], [ [ -48.0500509, -15.8318497 ], [ -48.0497522, -15.8318141 ], [ -48.0476696, -15.8315283 ], [ -48.0475826, -15.8315022 ], [ -48.0471239, -15.8314416 ], [ -48.0469797, -15.8314256 ], [ -48.04691, -15.8314178 ], [ -48.0467618, -15.8314159 ], [ -48.0462844, -15.8313604 ], [ -48.0439135, -15.8310561 ], [ -48.0437494, -15.8310036 ], [ -48.0436017, -15.8309851 ], [ -48.0433662, -15.8309556 ], [ -48.0429922, -15.8309263 ], [ -48.0424759, -15.8308735 ], [ -48.0409245, -15.830675 ], [ -48.0393464, -15.8304731 ], [ -48.0390603, -15.8304348 ], [ -48.0367786, -15.8301474 ], [ -48.0366282, -15.830118 ], [ -48.036372, -15.830073 ], [ -48.0362467, -15.8300168 ], [ -48.0358329, -15.8299091 ], [ -48.035593, -15.8298464 ], [ -48.035376, -15.8298188 ], [ -48.0338604, -15.8291802 ], [ -48.0311892, -15.8275985 ], [ -48.0303203, -15.8270708 ], [ -48.0301108, -15.8269315 ], [ -48.0299817, -15.8268305 ], [ -48.0297683, -15.8267112 ], [ -48.0295077, -15.8265654 ], [ -48.0293419, -15.8264913 ], [ -48.0266667, -15.824891 ], [ -48.0264261, -15.8247616 ], [ -48.0262349, -15.8246118 ], [ -48.0259385, -15.8244351 ], [ -48.0257041, -15.8242985 ], [ -48.0254917, -15.8241929 ], [ -48.0224244, -15.8223339 ], [ -48.0220917, -15.8221364 ], [ -48.0219738, -15.8220369 ], [ -48.0216857, -15.8218595 ], [ -48.0216309, -15.821826 ], [ -48.0213367, -15.8216901 ], [ -48.0204927, -15.8211948 ] ], [ [ -48.0204927, -15.8211948 ], [ -48.020229, -15.8210415 ] ], [ [ -48.020229, -15.8210415 ], [ -48.0195073, -15.8206138 ], [ -48.0185498, -15.8200487 ], [ -48.0181287, -15.8197777 ], [ -48.0175359, -15.81945 ], [ -48.0168815, -15.8191016 ], [ -48.015822, -15.8186087 ], [ -48.0137472, -15.8178615 ] ], [ [ -48.0137472, -15.8178615 ], [ -48.0135184, -15.817773 ] ], [ [ -48.0135184, -15.817773 ], [ -48.0119831, -15.8172093 ] ], [ [ -48.0119831, -15.8172093 ], [ -48.0117695, -15.8171283 ] ], [ [ -48.0117695, -15.8171283 ], [ -48.0109453, -15.8168198 ], [ -48.0100437, -15.816502 ], [ -48.0095818, -15.8163334 ], [ -48.0092423, -15.8162337 ], [ -48.0091712, -15.8162141 ], [ -48.0086569, -15.8160576 ], [ -48.0086017, -15.8160381 ], [ -48.0077564, -15.8157389 ], [ -48.0066608, -15.8153242 ], [ -48.0065693, -15.8152871 ], [ -48.0063945, -15.8152304 ], [ -48.0063082, -15.8151806 ], [ -48.0058569, -15.8150124 ], [ -48.0056139, -15.8149219 ], [ -48.0054757, -15.814894 ], [ -48.0049533, -15.8146808 ] ], [ [ -48.0049533, -15.8146808 ], [ -48.0046992, -15.8145869 ] ], [ [ -48.0046992, -15.8145869 ], [ -48.0035332, -15.8141674 ], [ -48.0025596, -15.8138164 ], [ -48.0019587, -15.8135971 ], [ -48.0003494, -15.8129958 ], [ -48.0001295, -15.8129132 ], [ -47.9997264, -15.8127784 ] ], [ [ -47.9997264, -15.8127784 ], [ -47.9995309, -15.8127063 ] ], [ [ -47.9995309, -15.8127063 ], [ -47.9982546, -15.8122267 ], [ -47.9981768, -15.8121777 ], [ -47.997775, -15.8120407 ], [ -47.9975787, -15.8119738 ], [ -47.9974205, -15.8119299 ], [ -47.9972729, -15.8118783 ], [ -47.9955912, -15.8112564 ], [ -47.9947758, -15.8110757 ], [ -47.9945027, -15.8110441 ], [ -47.9942268, -15.810991 ], [ -47.9939559, -15.8109841 ], [ -47.9937248, -15.810982 ], [ -47.993545, -15.8110157 ], [ -47.9930779, -15.8110595 ], [ -47.9924381, -15.8111381 ] ], [ [ -47.9924381, -15.8111381 ], [ -47.9922187, -15.8111704 ], [ -47.9920411, -15.8111965 ] ], [ [ -47.9920411, -15.8111965 ], [ -47.9894049, -15.8115718 ], [ -47.9892794, -15.8115571 ], [ -47.988889, -15.8116134 ], [ -47.9886777, -15.811645 ], [ -47.988454, -15.811706 ], [ -47.9856979, -15.8120687 ], [ -47.9855595, -15.8120605 ], [ -47.9853025, -15.8120916 ], [ -47.9850533, -15.8121275 ], [ -47.9849042, -15.8121889 ], [ -47.9844391, -15.8122378 ], [ -47.9836879, -15.8122592 ], [ -47.9830904, -15.8122683 ], [ -47.9825335, -15.812246 ], [ -47.9808478, -15.812134 ], [ -47.9796851, -15.8120616 ] ], [ [ -47.9796851, -15.8120616 ], [ -47.9791315, -15.8120314 ] ], [ [ -47.9791315, -15.8120314 ], [ -47.9788972, -15.8120033 ], [ -47.9786628, -15.8119669 ], [ -47.9782016, -15.8118465 ], [ -47.9779078, -15.8117247 ], [ -47.9776217, -15.8115711 ], [ -47.9773539, -15.8113801 ], [ -47.9772463, -15.8113075 ], [ -47.9771586, -15.81121 ], [ -47.9768927, -15.8109747 ], [ -47.9767327, -15.8108278 ], [ -47.976573, -15.8107021 ], [ -47.9764085, -15.8105777 ], [ -47.9762894, -15.8104643 ], [ -47.9760454, -15.8103227 ], [ -47.9757056, -15.8101441 ], [ -47.9751557, -15.8099161 ], [ -47.9742988, -15.8095937 ], [ -47.9707299, -15.8082851 ], [ -47.969163, -15.8076375 ], [ -47.9688683, -15.807528 ] ], [ [ -47.9688683, -15.807528 ], [ -47.9686245, -15.8074538 ], [ -47.9683619, -15.8073946 ], [ -47.9680564, -15.80736 ] ], [ [ -47.9680564, -15.80736 ], [ -47.9674761, -15.8073479 ], [ -47.9669731, -15.8073922 ], [ -47.9668623, -15.8073835 ], [ -47.9664662, -15.8074323 ], [ -47.9662538, -15.8074633 ], [ -47.96622, -15.8074869 ], [ -47.9652626, -15.8076273 ], [ -47.9617533, -15.8081767 ], [ -47.9587972, -15.8086373 ], [ -47.9586994, -15.8086213 ], [ -47.9582958, -15.8086848 ], [ -47.9580538, -15.8087229 ], [ -47.9578315, -15.8088022 ], [ -47.9550081, -15.8091985 ], [ -47.9531098, -15.8094838 ], [ -47.9521571, -15.8096276 ], [ -47.950609, -15.809859 ], [ -47.9488871, -15.8101242 ] ], [ [ -47.9488871, -15.8101242 ], [ -47.9480143, -15.8102522 ] ], [ [ -48.0360434, -15.8299126 ], [ -48.0356664, -15.8298105 ], [ -48.0356563, -15.8298449 ], [ -48.0360333, -15.8299471 ], [ -48.0360434, -15.8299126 ] ], [ [ -48.0117695, -15.8171283 ], [ -48.0109453, -15.8168198 ], [ -48.0100437, -15.816502 ], [ -48.0095818, -15.8163334 ], [ -48.0092423, -15.8162337 ], [ -48.0091712, -15.8162141 ], [ -48.0086569, -15.8160576 ], [ -48.0086017, -15.8160381 ], [ -48.0077564, -15.8157389 ], [ -48.0066608, -15.8153242 ], [ -48.0065693, -15.8152871 ], [ -48.0063945, -15.8152304 ], [ -48.0063082, -15.8151806 ], [ -48.0058569, -15.8150124 ], [ -48.0056139, -15.8149219 ], [ -48.0054757, -15.814894 ], [ -48.0049533, -15.8146808 ] ], [ [ -47.9573317, -15.8087854 ], [ -47.957339, -15.8088345 ], [ -47.9569698, -15.8088853 ], [ -47.9569625, -15.8088361 ], [ -47.9573317, -15.8087854 ] ] ] } }
]
}
