{
"type": "FeatureCollection",
"name": "paradas_onibus_osm",
"crs": { "type": "name", "properties": { "name": "urn:ogc:def:crs:OGC:1.3:CRS84" } },
"features": [
{ "type": "Feature", "properties": { "id_osm": 142334966, "nome": "612 Norte", "tipo": "platform", "ref": null }, "geometry": { "type": "Point", "coordinates": [ -47.8815286, -15.7481436 ] } },
{ "type": "Feature", "properties": { "id_osm": 142335073, "nome": "Ponto de Ônibus do CEAN", "tipo": "platform", "ref": null }, "geometry": { "type": "Point", "coordinates": [ -47.8760008, -15.7656759 ] } },
{ "type": "Feature", "properties": { "id_osm": 142335237, "nome": "604 Norte - Carmen Salles", "tipo": "platform", "ref": null }, "geometry": { "type": "Point", "coordinates": [ -47.8742064, -15.7762126 ] } },
{ "type": "Feature", "properties": { "id_osm": 251810547, "nome": "Shopping", "tipo": "stop_position", "ref": null }, "geometry": { "type": "Point", "coordinates": [ -47.9506661, -15.8323956 ] } },
{ "type": "Feature", "properties": { "id_osm": 278295965, "nome": "Praça do Relógio", "tipo": "stop_position", "ref": null }, "geometry": { "type": "Point", "coordinates": [ -48.0563397, -15.8332597 ] } },
{ "type": "Feature", "properties": { "id_osm": 503227475, "nome": "Centro Metropolitano", "tipo": "stop_position", "ref": null }, "geometry": { "type": "Point", "coordinates": [ -48.0861593, -15.8354158 ] } },
{ "type": "Feature", "properties": { "id_osm": 503227567, "nome": "Ceilândia Sul", "tipo": "stop_position", "ref": null }, "geometry": { "type": "Point", "coordinates": [ -48.1032535, -15.8377427 ] } },
{ "type": "Feature", "properties": { "id_osm": 506285257, "nome": "SHIS QI 15 Comercial", "tipo": "bus_stop", "ref": null }, "geometry": { "type": "Point", "coordinates": [ -47.8764295, -15.8516479 ] } },
{ "type": "Feature", "properties": { "id_osm": 506285267, "nome": "SHIS QI 17", "tipo": "bus_stop", "ref": null }, "geometry": { "type": "Point", "coordinates": [ -47.8696564, -15.859603 ] } },
{ "type": "Feature", "properties": { "id_osm": 506285269, "nome": "SHIS QI 15", "tipo": "bus_stop", "ref": null }, "geometry": { "type": "Point", "coordinates": [ -47.8767182, -15.8547626 ] } },
{ "type": "Feature", "properties": { "id_osm": 511500930, "nome": "Brasília Shopping (Sentido Norte)", "tipo": "platform", "ref": null }, "geometry": { "type": "Point", "coordinates": [ -47.8880794, -15.7872791 ] } },
{ "type": "Feature", "properties": { "id_osm": 516276572, "nome": "608 Norte", "tipo": "platform", "ref": "3438" }, "geometry": { "type": "Point", "coordinates": [ -47.8770799, -15.762352 ] } },
{ "type": "Feature", "properties": { "id_osm": 516276615, "nome": "611 Norte", "tipo": "bus_stop", "ref": null }, "geometry": { "type": "Point", "coordinates": [ -47.8803993, -15.7516663 ] } },
{ "type": "Feature", "properties": { "id_osm": 516276636, "nome": "616 Norte", "tipo": "platform", "ref": null }, "geometry": { "type": "Point", "coordinates": [ -47.8854267, -15.7359901 ] } },
{ "type": "Feature", "properties": { "id_osm": 516326722, "nome": null, "tipo": "bus_stop", "ref": null }, "geometry": { "type": "Point", "coordinates": [ -48.2031785, -15.6819871 ] } },
{ "type": "Feature", "properties": { "id_osm": 516374545, "nome": "Terminal Rodoviário do Gama", "tipo": "platform", "ref": null }, "geometry": { "type": "Point", "coordinates": [ -48.067805, -16.0198118 ] } },
{ "type": "Feature", "properties": { "id_osm": 516519261, "nome": "Terminal Rodoviário de São Sebastião", "tipo": "bus_stop", "ref": null }, "geometry": { "type": "Point", "coordinates": [ -47.7573464, -15.9133454 ] } },
{ "type": "Feature", "properties": { "id_osm": 516640044, "nome": "112 Sul", "tipo": "stop_position", "ref": null }, "geometry": { "type": "Point", "coordinates": [ -47.9147534, -15.8266941 ] } },
{ "type": "Feature", "properties": { "id_osm": 516640047, "nome": "110 Sul", "tipo": "stop_position", "ref": null }, "geometry": { "type": "Point", "coordinates": [ -47.9093798, -15.822814 ] } },
{ "type": "Feature", "properties": { "id_osm": 516640049, "nome": "108 Sul", "tipo": "stop_position", "ref": null }, "geometry": { "type": "Point", "coordinates": [ -47.9040265, -15.8189362 ] } },
{ "type": "Feature", "properties": { "id_osm": 516640052, "nome": "106 Sul", "tipo": "stop_position", "ref": null }, "geometry": { "type": "Point", "coordinates": [ -47.898677, -15.8149562 ] } },
{ "type": "Feature", "properties": { "id_osm": 516640062, "nome": "Central", "tipo": "stop_position", "ref": null }, "geometry": { "type": "Point", "coordinates": [ -47.8846706, -15.7932316 ] } },
{ "type": "Feature", "properties": { "id_osm": 534784694, "nome": "601 Norte (Sentido Norte)", "tipo": "platform", "ref": "3432" }, "geometry": { "type": "Point", "coordinates": [ -47.8735197, -15.7865201 ] } },
{ "type": "Feature", "properties": { "id_osm": 534784695, "nome": "401 Norte", "tipo": "platform", "ref": "3459" }, "geometry": { "type": "Point", "coordinates": [ -47.8736838, -15.7860469 ] } },
{ "type": "Feature", "properties": { "id_osm": 601165345, "nome": "Guariroba", "tipo": "stop_position", "ref": null }, "geometry": { "type": "Point", "coordinates": [ -48.1072524, -15.8305858 ] } },
{ "type": "Feature", "properties": { "id_osm": 652166455, "nome": "609 Sul", "tipo": "platform", "ref": null }, "geometry": { "type": "Point", "coordinates": [ -47.9006869, -15.8252137 ] } },
{ "type": "Feature", "properties": { "id_osm": 652166459, "nome": "409 Sul", "tipo": "platform", "ref": null }, "geometry": { "type": "Point", "coordinates": [ -47.9006124, -15.8247274 ] } },
{ "type": "Feature", "properties": { "id_osm": 652166460, "nome": "Gilberto Salomão", "tipo": "bus_stop", "ref": null }, "geometry": { "type": "Point", "coordinates": [ -47.8954389, -15.8456374 ] } },
{ "type": "Feature", "properties": { "id_osm": 652166464, "nome": "Gilberto Salomão", "tipo": "bus_stop", "ref": null }, "geometry": { "type": "Point", "coordinates": [ -47.8952363, -15.8451124 ] } },
{ "type": "Feature", "properties": { "id_osm": 652166532, "nome": "607 Sul", "tipo": "platform", "ref": null }, "geometry": { "type": "Point", "coordinates": [ -47.8953811, -15.8213199 ] } },
{ "type": "Feature", "properties": { "id_osm": 652166535, "nome": "407 Sul", "tipo": "platform", "ref": null }, "geometry": { "type": "Point", "coordinates": [ -47.8955232, -15.8210269 ] } },
{ "type": "Feature", "properties": { "id_osm": 652166537, "nome": "408 Sul - HMIB", "tipo": "platform", "ref": null }, "geometry": { "type": "Point", "coordinates": [ -47.8976184, -15.8225545 ] } },
{ "type": "Feature", "properties": { "id_osm": 652166542, "nome": "606 Sul", "tipo": "platform", "ref": null }, "geometry": { "type": "Point", "coordinates": [ -47.8923654, -15.8188673 ] } },
{ "type": "Feature", "properties": { "id_osm": 652166544, "nome": "406 Sul", "tipo": "platform", "ref": null }, "geometry": { "type": "Point", "coordinates": [ -47.8926265, -15.8185902 ] } },
{ "type": "Feature", "properties": { "id_osm": 652166548, "nome": "605 Sul", "tipo": "platform", "ref": null }, "geometry": { "type": "Point", "coordinates": [ -47.8897087, -15.8164197 ] } },
{ "type": "Feature", "properties": { "id_osm": 652166552, "nome": "405 Sul", "tipo": "platform", "ref": null }, "geometry": { "type": "Point", "coordinates": [ -47.889988, -15.8161555 ] } },
{ "type": "Feature", "properties": { "id_osm": 652166555, "nome": "603 Sul", "tipo": "platform", "ref": null }, "geometry": { "type": "Point", "coordinates": [ -47.8859807, -15.8125024 ] } },
{ "type": "Feature", "properties": { "id_osm": 652166558, "nome": "404 Sul", "tipo": "platform", "ref": null }, "geometry": { "type": "Point", "coordinates": [ -47.8879897, -15.8141366 ] } },
{ "type": "Feature", "properties": { "id_osm": 652166561, "nome": "604 Sul", "tipo": "platform", "ref": null }, "geometry": { "type": "Point", "coordinates": [ -47.8876353, -15.8143413 ] } },
{ "type": "Feature", "properties": { "id_osm": 652166564, "nome": "403 Sul", "tipo": "platform", "ref": null }, "geometry": { "type": "Point", "coordinates": [ -47.8852395, -15.8110861 ] } },
{ "type": "Feature", "properties": { "id_osm": 652166566, "nome": "602 Sul", "tipo": "platform", "ref": null }, "geometry": { "type": "Point", "coordinates": [ -47.8811772, -15.8070673 ] } },
{ "type": "Feature", "properties": { "id_osm": 652166573, "nome": "402 Sul", "tipo": "platform", "ref": null }, "geometry": { "type": "Point", "coordinates": [ -47.8824787, -15.8079031 ] } },
{ "type": "Feature", "properties": { "id_osm": 652166576, "nome": "401 Sul", "tipo": "platform", "ref": null }, "geometry": { "type": "Point", "coordinates": [ -47.8795021, -15.8046256 ] } },
{ "type": "Feature", "properties": { "id_osm": 652166582, "nome": "Setor de Autarquias Sul", "tipo": "platform", "ref": null }, "geometry": { "type": "Point", "coordinates": [ -47.8780102, -15.8005867 ] } },
{ "type": "Feature", "properties": { "id_osm": 652166586, "nome": "Biblioteca Nacional de Brasília", "tipo": "stop_position", "ref": null }, "geometry": { "type": "Point", "coordinates": [ -47.8800588, -15.7959015 ] } },
{ "type": "Feature", "properties": { "id_osm": 656724989, "nome": "Samambaia", "tipo": "stop_position", "ref": null }, "geometry": { "type": "Point", "coordinates": [ -48.084887, -15.8737135 ] } },
{ "type": "Feature", "properties": { "id_osm": 656731197, "nome": "Ceilândia Centro", "tipo": "stop_position", "ref": null }, "geometry": { "type": "Point", "coordinates": [ -48.1118853, -15.8222569 ] } },
{ "type": "Feature", "properties": { "id_osm": 767000576, "nome": "ICC Sul (Sentido Norte)", "tipo": "platform", "ref": "3415" }, "geometry": { "type": "Point", "coordinates": [ -47.8694881, -15.7663773 ] } },
{ "type": "Feature", "properties": { "id_osm": 768142890, "nome": "Estacionamento ICC Sul", "tipo": "platform", "ref": null }, "geometry": { "type": "Point", "coordinates": [ -47.8676339, -15.7671901 ] } },
{ "type": "Feature", "properties": { "id_osm": 768142905, "nome": "ICC Norte/PAT/PJC (Sentido L3 Norte)", "tipo": "platform", "ref": "3424" }, "geometry": { "type": "Point", "coordinates": [ -47.8706072, -15.7599524 ] } },
{ "type": "Feature", "properties": { "id_osm": 839630410, "nome": "Guará", "tipo": "stop_position", "ref": null }, "geometry": { "type": "Point", "coordinates": [ -47.9833968, -15.8266617 ] } },
{ "type": "Feature", "properties": { "id_osm": 845862272, "nome": "Terminal Rodoviário do Cruzeiro", "tipo": "platform", "ref": null }, "geometry": { "type": "Point", "coordinates": [ -47.9338123, -15.7953378 ] } },
{ "type": "Feature", "properties": { "id_osm": 988050311, "nome": "Águas Claras", "tipo": "stop_position", "ref": null }, "geometry": { "type": "Point", "coordinates": [ -48.0282559, -15.8400024 ] } },
{ "type": "Feature", "properties": { "id_osm": 1118529701, "nome": "410 Norte", "tipo": "platform", "ref": null }, "geometry": { "type": "Point", "coordinates": [ -47.8796477, -15.7551328 ] } },
{ "type": "Feature", "properties": { "id_osm": 1118529912, "nome": "610 Norte", "tipo": "platform", "ref": null }, "geometry": { "type": "Point", "coordinates": [ -47.8795078, -15.7543404 ] } },
{ "type": "Feature", "properties": { "id_osm": 1118530044, "nome": "IESB - sentido sul", "tipo": "platform", "ref": null }, "geometry": { "type": "Point", "coordinates": [ -47.878866, -15.7576174 ] } },
{ "type": "Feature", "properties": { "id_osm": 1118530068, "nome": "IESB - sentido norte", "tipo": "platform", "ref": null }, "geometry": { "type": "Point", "coordinates": [ -47.8787654, -15.7569047 ] } },
{ "type": "Feature", "properties": { "id_osm": 1118532482, "nome": "608/609 Norte", "tipo": "platform", "ref": "3439" }, "geometry": { "type": "Point", "coordinates": [ -47.877964, -15.7595979 ] } },
{ "type": "Feature", "properties": { "id_osm": 1166824947, "nome": "106 Sul", "tipo": "platform", "ref": null }, "geometry": { "type": "Point", "coordinates": [ -47.8980494, -15.8158891 ] } },
{ "type": "Feature", "properties": { "id_osm": 1166898467, "nome": "106 Sul", "tipo": "platform", "ref": null }, "geometry": { "type": "Point", "coordinates": [ -47.8990709, -15.8147019 ] } },
{ "type": "Feature", "properties": { "id_osm": 1327039818, "nome": null, "tipo": "platform", "ref": null }, "geometry": { "type": "Point", "coordinates": [ -47.9256624, -15.8011255 ] } },
{ "type": "Feature", "properties": { "id_osm": 1327040322, "nome": null, "tipo": "platform", "ref": null }, "geometry": { "type": "Point", "coordinates": [ -47.8742901, -15.7760754 ] } },
{ "type": "Feature", "properties": { "id_osm": 1327040457, "nome": null, "tipo": "platform", "ref": null }, "geometry": { "type": "Point", "coordinates": [ -47.9258996, -15.8010854 ] } },
{ "type": "Feature", "properties": { "id_osm": 1327040917, "nome": null, "tipo": "bus_stop", "ref": null }, "geometry": { "type": "Point", "coordinates": [ -47.8342016, -15.8352164 ] } },
{ "type": "Feature", "properties": { "id_osm": 1327042634, "nome": "Museu Nacional", "tipo": "platform", "ref": null }, "geometry": { "type": "Point", "coordinates": [ -47.8769472, -15.7975531 ] } },
{ "type": "Feature", "properties": { "id_osm": 1327047858, "nome": "608 Sul - HMIB", "tipo": "platform", "ref": null }, "geometry": { "type": "Point", "coordinates": [ -47.8983553, -15.8234782 ] } },
{ "type": "Feature", "properties": { "id_osm": 1327059405, "nome": "Av. L4 Norte - Av. Das Nações |", "tipo": "platform", "ref": "3408" }, "geometry": { "type": "Point", "coordinates": [ -47.8630068, -15.7680233 ] } },
{ "type": "Feature", "properties": { "id_osm": 1327060096, "nome": "ICC Norte (Sentido Norte)", "tipo": "platform", "ref": "3545" }, "geometry": { "type": "Point", "coordinates": [ -47.8718282, -15.7631572 ] } },
{ "type": "Feature", "properties": { "id_osm": 1327081551, "nome": "Av. Alagoas - EQNO 1/3", "tipo": "platform", "ref": null }, "geometry": { "type": "Point", "coordinates": [ -48.1209458, -15.7965038 ] } },
{ "type": "Feature", "properties": { "id_osm": 1327083911, "nome": null, "tipo": "platform", "ref": null }, "geometry": { "type": "Point", "coordinates": [ -48.0573497, -15.8323717 ] } },
{ "type": "Feature", "properties": { "id_osm": 1332079972, "nome": "404 Norte", "tipo": "platform", "ref": "3456" }, "geometry": { "type": "Point", "coordinates": [ -47.8745805, -15.7746184 ] } },
{ "type": "Feature", "properties": { "id_osm": 1332079974, "nome": "412 Norte", "tipo": "platform", "ref": null }, "geometry": { "type": "Point", "coordinates": [ -47.8816365, -15.7489018 ] } },
{ "type": "Feature", "properties": { "id_osm": 1332079976, "nome": "403 Norte", "tipo": "platform", "ref": "3457" }, "geometry": { "type": "Point", "coordinates": [ -47.8742541, -15.7779596 ] } },
{ "type": "Feature", "properties": { "id_osm": 1332079977, "nome": "402 Norte", "tipo": "platform", "ref": "3458" }, "geometry": { "type": "Point", "coordinates": [ -47.8740731, -15.7811908 ] } },
{ "type": "Feature", "properties": { "id_osm": 1332079982, "nome": "416 Norte", "tipo": "platform", "ref": null }, "geometry": { "type": "Point", "coordinates": [ -47.8858497, -15.7357236 ] } },
{ "type": "Feature", "properties": { "id_osm": 1332079983, "nome": "408 Norte", "tipo": "platform", "ref": "3452" }, "geometry": { "type": "Point", "coordinates": [ -47.8775646, -15.7612407 ] } },
{ "type": "Feature", "properties": { "id_osm": 1332079994, "nome": "411 Norte", "tipo": "bus_stop", "ref": null }, "geometry": { "type": "Point", "coordinates": [ -47.8808414, -15.7514057 ] } },
{ "type": "Feature", "properties": { "id_osm": 1332079996, "nome": "407 Norte", "tipo": "platform", "ref": "3453" }, "geometry": { "type": "Point", "coordinates": [ -47.8766782, -15.7640683 ] } },
{ "type": "Feature", "properties": { "id_osm": 1336176383, "nome": "406 Norte", "tipo": "platform", "ref": "3454" }, "geometry": { "type": "Point", "coordinates": [ -47.8758406, -15.7674389 ] } },
{ "type": "Feature", "properties": { "id_osm": 1336176385, "nome": "HUB - Sentido Norte", "tipo": "platform", "ref": null }, "geometry": { "type": "Point", "coordinates": [ -47.8748269, -15.7718308 ] } },
{ "type": "Feature", "properties": { "id_osm": 1336176386, "nome": "Thomas Jefferson", "tipo": "platform", "ref": null }, "geometry": { "type": "Point", "coordinates": [ -47.8753107, -15.7681066 ] } },
{ "type": "Feature", "properties": { "id_osm": 1336176387, "nome": "415 Norte", "tipo": "platform", "ref": null }, "geometry": { "type": "Point", "coordinates": [ -47.8848292, -15.7389304 ] } },
{ "type": "Feature", "properties": { "id_osm": 1336176388, "nome": "615 Norte", "tipo": "platform", "ref": null }, "geometry": { "type": "Point", "coordinates": [ -47.8845351, -15.7388393 ] } },
{ "type": "Feature", "properties": { "id_osm": 1336176389, "nome": "HUB - Sentido Sul", "tipo": "platform", "ref": "3455" }, "geometry": { "type": "Point", "coordinates": [ -47.8750638, -15.7711002 ] } },
{ "type": "Feature", "properties": { "id_osm": 1344012772, "nome": null, "tipo": "platform", "ref": null }, "geometry": { "type": "Point", "coordinates": [ -47.9076336, -15.787018 ] } },
{ "type": "Feature", "properties": { "id_osm": 1382941065, "nome": null, "tipo": "platform", "ref": null }, "geometry": { "type": "Point", "coordinates": [ -47.9469274, -15.8059169 ] } },
{ "type": "Feature", "properties": { "id_osm": 1415162627, "nome": null, "tipo": "platform", "ref": null }, "geometry": { "type": "Point", "coordinates": [ -47.9204817, -15.7434359 ] } },
{ "type": "Feature", "properties": { "id_osm": 1415178189, "nome": null, "tipo": "platform", "ref": null }, "geometry": { "type": "Point", "coordinates": [ -47.9198362, -15.7422575 ] } },
{ "type": "Feature", "properties": { "id_osm": 1468359682, "nome": "Ceilândia Norte", "tipo": "stop_position", "ref": null }, "geometry": { "type": "Point", "coordinates": [ -48.1160861, -15.8148526 ] } },
{ "type": "Feature", "properties": { "id_osm": 1468359687, "nome": "Ceilândia", "tipo": "stop_position", "ref": null }, "geometry": { "type": "Point", "coordinates": [ -48.121269, -15.8055513 ] } },
{ "type": "Feature", "properties": { "id_osm": 1531872856, "nome": null, "tipo": "platform", "ref": null }, "geometry": { "type": "Point", "coordinates": [ -47.9318149, -15.8271091 ] } },
{ "type": "Feature", "properties": { "id_osm": 1531873019, "nome": null, "tipo": "platform", "ref": null }, "geometry": { "type": "Point", "coordinates": [ -47.9325927, -15.8268871 ] } },
{ "type": "Feature", "properties": { "id_osm": 1531940477, "nome": null, "tipo": "platform", "ref": null }, "geometry": { "type": "Point", "coordinates": [ -47.9294277, -15.8310108 ] } },
{ "type": "Feature", "properties": { "id_osm": 1533007284, "nome": null, "tipo": "platform", "ref": null }, "geometry": { "type": "Point", "coordinates": [ -47.888149, -15.7747754 ] } },
{ "type": "Feature", "properties": { "id_osm": 1533007298, "nome": null, "tipo": "platform", "ref": null }, "geometry": { "type": "Point", "coordinates": [ -47.891217, -15.7633248 ] } },
{ "type": "Feature", "properties": { "id_osm": 1533007301, "nome": null, "tipo": "platform", "ref": null }, "geometry": { "type": "Point", "coordinates": [ -47.8901868, -15.7666457 ] } },
{ "type": "Feature", "properties": { "id_osm": 1533007307, "nome": null, "tipo": "platform", "ref": null }, "geometry": { "type": "Point", "coordinates": [ -47.8883486, -15.774851 ] } },
{ "type": "Feature", "properties": { "id_osm": 1533007327, "nome": null, "tipo": "platform", "ref": null }, "geometry": { "type": "Point", "coordinates": [ -47.8894654, -15.7692323 ] } },
{ "type": "Feature", "properties": { "id_osm": 1533007343, "nome": null, "tipo": "platform", "ref": null }, "geometry": { "type": "Point", "coordinates": [ -47.8892867, -15.7691217 ] } },
{ "type": "Feature", "properties": { "id_osm": 1533007344, "nome": null, "tipo": "platform", "ref": null }, "geometry": { "type": "Point", "coordinates": [ -47.8910651, -15.7632178 ] } },
{ "type": "Feature", "properties": { "id_osm": 1533007346, "nome": null, "tipo": "platform", "ref": null }, "geometry": { "type": "Point", "coordinates": [ -47.8901411, -15.7660628 ] } },
{ "type": "Feature", "properties": { "id_osm": 1534218774, "nome": null, "tipo": "bus_stop", "ref": null }, "geometry": { "type": "Point", "coordinates": [ -47.8553109, -15.7908858 ] } },
{ "type": "Feature", "properties": { "id_osm": 1589083905, "nome": "Colégio Biangulo", "tipo": "platform", "ref": "5323" }, "geometry": { "type": "Point", "coordinates": [ -48.0117122, -15.8371603 ] } },
{ "type": "Feature", "properties": { "id_osm": 1589083914, "nome": "Administração de Águas Claras", "tipo": "platform", "ref": null }, "geometry": { "type": "Point", "coordinates": [ -48.0076913, -15.8358502 ] } },
{ "type": "Feature", "properties": { "id_osm": 1602433091, "nome": null, "tipo": "bus_stop", "ref": null }, "geometry": { "type": "Point", "coordinates": [ -47.9766854, -15.8747527 ] } },
{ "type": "Feature", "properties": { "id_osm": 1602433177, "nome": null, "tipo": "platform", "ref": null }, "geometry": { "type": "Point", "coordinates": [ -47.9689235, -15.8704506 ] } },
{ "type": "Feature", "properties": { "id_osm": 1602433182, "nome": null, "tipo": "bus_stop", "ref": null }, "geometry": { "type": "Point", "coordinates": [ -47.9772194, -15.8746984 ] } },
{ "type": "Feature", "properties": { "id_osm": 1602433208, "nome": null, "tipo": "platform", "ref": null }, "geometry": { "type": "Point", "coordinates": [ -47.9739013, -15.8730344 ] } },
{ "type": "Feature", "properties": { "id_osm": 1602433209, "nome": null, "tipo": "platform", "ref": null }, "geometry": { "type": "Point", "coordinates": [ -47.9716053, -15.8721469 ] } },
{ "type": "Feature", "properties": { "id_osm": 1602433213, "nome": null, "tipo": "platform", "ref": null }, "geometry": { "type": "Point", "coordinates": [ -47.9773711, -15.8764586 ] } },
{ "type": "Feature", "properties": { "id_osm": 1602433224, "nome": null, "tipo": "platform", "ref": null }, "geometry": { "type": "Point", "coordinates": [ -47.9746308, -15.8736949 ] } },
{ "type": "Feature", "properties": { "id_osm": 1602433261, "nome": null, "tipo": "platform", "ref": null }, "geometry": { "type": "Point", "coordinates": [ -47.9772823, -15.8763492 ] } },
{ "type": "Feature", "properties": { "id_osm": 1602448077, "nome": null, "tipo": "platform", "ref": null }, "geometry": { "type": "Point", "coordinates": [ -47.968274, -15.870439 ] } },
{ "type": "Feature", "properties": { "id_osm": 1602448091, "nome": null, "tipo": "platform", "ref": null }, "geometry": { "type": "Point", "coordinates": [ -47.9627486, -15.8676062 ] } },
{ "type": "Feature", "properties": { "id_osm": 1602448101, "nome": null, "tipo": "stop_position", "ref": null }, "geometry": { "type": "Point", "coordinates": [ -47.9650573, -15.8687016 ] } },
{ "type": "Feature", "properties": { "id_osm": 1602448103, "nome": null, "tipo": "platform", "ref": null }, "geometry": { "type": "Point", "coordinates": [ -47.9665252, -15.8692109 ] } },
{ "type": "Feature", "properties": { "id_osm": 1675017388, "nome": "Furnas", "tipo": "stop_position", "ref": null }, "geometry": { "type": "Point", "coordinates": [ -48.0597741, -15.8649971 ] } },
{ "type": "Feature", "properties": { "id_osm": 1675017512, "nome": "Samambaia Sul", "tipo": "stop_position", "ref": null }, "geometry": { "type": "Point", "coordinates": [ -48.0715818, -15.8690878 ] } },
{ "type": "Feature", "properties": { "id_osm": 1708549950, "nome": null, "tipo": "platform", "ref": null }, "geometry": { "type": "Point", "coordinates": [ -48.1334773, -15.8392927 ] } },
{ "type": "Feature", "properties": { "id_osm": 1708550003, "nome": null, "tipo": "platform", "ref": null }, "geometry": { "type": "Point", "coordinates": [ -48.1348157, -15.8398862 ] } },
{ "type": "Feature", "properties": { "id_osm": 1708550009, "nome": null, "tipo": "platform", "ref": null }, "geometry": { "type": "Point", "coordinates": [ -48.1348948, -15.8399468 ] } },
{ "type": "Feature", "properties": { "id_osm": 1708550083, "nome": null, "tipo": "platform", "ref": null }, "geometry": { "type": "Point", "coordinates": [ -48.1358604, -15.840648 ] } },
{ "type": "Feature", "properties": { "id_osm": 1708550093, "nome": null, "tipo": "platform", "ref": null }, "geometry": { "type": "Point", "coordinates": [ -48.1359332, -15.8407014 ] } },
{ "type": "Feature", "properties": { "id_osm": 1708550197, "nome": null, "tipo": "platform", "ref": null }, "geometry": { "type": "Point", "coordinates": [ -48.1369853, -15.8414331 ] } },
{ "type": "Feature", "properties": { "id_osm": 1708550206, "nome": null, "tipo": "platform", "ref": null }, "geometry": { "type": "Point", "coordinates": [ -48.1370741, -15.8414925 ] } },
{ "type": "Feature", "properties": { "id_osm": 1708550244, "nome": null, "tipo": "platform", "ref": null }, "geometry": { "type": "Point", "coordinates": [ -48.1378077, -15.8420369 ] } },
{ "type": "Feature", "properties": { "id_osm": 1721481384, "nome": null, "tipo": "platform", "ref": null }, "geometry": { "type": "Point", "coordinates": [ -47.9405912, -15.7892983 ] } },
{ "type": "Feature", "properties": { "id_osm": 1777305161, "nome": null, "tipo": "bus_stop", "ref": null }, "geometry": { "type": "Point", "coordinates": [ -48.0182086, -15.8812753 ] } },
{ "type": "Feature", "properties": { "id_osm": 1777305301, "nome": null, "tipo": "bus_stop", "ref": null }, "geometry": { "type": "Point", "coordinates": [ -48.0183753, -15.8815883 ] } },
{ "type": "Feature", "properties": { "id_osm": 1777305430, "nome": null, "tipo": "bus_stop", "ref": null }, "geometry": { "type": "Point", "coordinates": [ -48.0167149, -15.8828757 ] } },
{ "type": "Feature", "properties": { "id_osm": 1777385758, "nome": null, "tipo": "bus_stop", "ref": null }, "geometry": { "type": "Point", "coordinates": [ -48.0166288, -15.8862026 ] } },
{ "type": "Feature", "properties": { "id_osm": 1786889029, "nome": null, "tipo": "bus_stop", "ref": null }, "geometry": { "type": "Point", "coordinates": [ -48.0054893, -15.8779597 ] } },
{ "type": "Feature", "properties": { "id_osm": 1786889036, "nome": null, "tipo": "bus_stop", "ref": null }, "geometry": { "type": "Point", "coordinates": [ -48.0055402, -15.8774515 ] } },
{ "type": "Feature", "properties": { "id_osm": 1786895113, "nome": null, "tipo": "bus_stop", "ref": null }, "geometry": { "type": "Point", "coordinates": [ -48.0157273, -15.877516 ] } },
{ "type": "Feature", "properties": { "id_osm": 1786895114, "nome": null, "tipo": "bus_stop", "ref": null }, "geometry": { "type": "Point", "coordinates": [ -48.0146287, -15.8781888 ] } },
{ "type": "Feature", "properties": { "id_osm": 1920951514, "nome": "SQN 316", "tipo": "platform", "ref": "31, 11" }, "geometry": { "type": "Point", "coordinates": [ -47.895063, -15.7399205 ] } },
{ "type": "Feature", "properties": { "id_osm": 2103031967, "nome": null, "tipo": "platform", "ref": null }, "geometry": { "type": "Point", "coordinates": [ -47.928164, -15.8281481 ] } },
{ "type": "Feature", "properties": { "id_osm": 2167049696, "nome": null, "tipo": "platform", "ref": null }, "geometry": { "type": "Point", "coordinates": [ -48.0161016, -15.8316775 ] } },
{ "type": "Feature", "properties": { "id_osm": 2178318705, "nome": "Feira", "tipo": "stop_position", "ref": null }, "geometry": { "type": "Point", "coordinates": [ -47.9750284, -15.8230159 ] } },
{ "type": "Feature", "properties": { "id_osm": 2180389874, "nome": null, "tipo": "platform", "ref": null }, "geometry": { "type": "Point", "coordinates": [ -47.8841978, -15.7204898 ] } },
{ "type": "Feature", "properties": { "id_osm": 2180390476, "nome": null, "tipo": "platform", "ref": null }, "geometry": { "type": "Point", "coordinates": [ -47.8827579, -15.7151121 ] } },
{ "type": "Feature", "properties": { "id_osm": 2180390477, "nome": null, "tipo": "platform", "ref": null }, "geometry": { "type": "Point", "coordinates": [ -47.8830525, -15.7183855 ] } },
{ "type": "Feature", "properties": { "id_osm": 2180391328, "nome": null, "tipo": "platform", "ref": null }, "geometry": { "type": "Point", "coordinates": [ -47.8824252, -15.7156163 ] } },
{ "type": "Feature", "properties": { "id_osm": 2180393404, "nome": null, "tipo": "platform", "ref": null }, "geometry": { "type": "Point", "coordinates": [ -47.8891442, -15.722093 ] } },
{ "type": "Feature", "properties": { "id_osm": 2180393408, "nome": null, "tipo": "platform", "ref": null }, "geometry": { "type": "Point", "coordinates": [ -47.8832027, -15.722057 ] } },
{ "type": "Feature", "properties": { "id_osm": 2180394270, "nome": null, "tipo": "platform", "ref": null }, "geometry": { "type": "Point", "coordinates": [ -47.8888134, -15.7226587 ] } },
{ "type": "Feature", "properties": { "id_osm": 2180395316, "nome": null, "tipo": "platform", "ref": null }, "geometry": { "type": "Point", "coordinates": [ -47.8934273, -15.7232136 ] } },
{ "type": "Feature", "properties": { "id_osm": 2180396974, "nome": null, "tipo": "platform", "ref": null }, "geometry": { "type": "Point", "coordinates": [ -47.8955436, -15.7239159 ] } },
{ "type": "Feature", "properties": { "id_osm": 2195540122, "nome": null, "tipo": "platform", "ref": null }, "geometry": { "type": "Point", "coordinates": [ -47.8854239, -15.7147763 ] } },
{ "type": "Feature", "properties": { "id_osm": 2195540409, "nome": null, "tipo": "platform", "ref": null }, "geometry": { "type": "Point", "coordinates": [ -47.8852576, -15.7148564 ] } },
{ "type": "Feature", "properties": { "id_osm": 2251392493, "nome": null, "tipo": "platform", "ref": null }, "geometry": { "type": "Point", "coordinates": [ -47.9291181, -15.8029474 ] } },
{ "type": "Feature", "properties": { "id_osm": 2251392510, "nome": null, "tipo": "platform", "ref": null }, "geometry": { "type": "Point", "coordinates": [ -47.9290366, -15.8030682 ] } },
{ "type": "Feature", "properties": { "id_osm": 2263483284, "nome": null, "tipo": "stop_position", "ref": null }, "geometry": { "type": "Point", "coordinates": [ -47.872516, -15.7981186 ] } },
{ "type": "Feature", "properties": { "id_osm": 2263483288, "nome": null, "tipo": "stop_position", "ref": null }, "geometry": { "type": "Point", "coordinates": [ -47.8707942, -15.7986563 ] } },
{ "type": "Feature", "properties": { "id_osm": 2263483296, "nome": null, "tipo": "stop_position", "ref": null }, "geometry": { "type": "Point", "coordinates": [ -47.8624312, -15.8013071 ] } },
{ "type": "Feature", "properties": { "id_osm": 2263483304, "nome": null, "tipo": "stop_position", "ref": null }, "geometry": { "type": "Point", "coordinates": [ -47.8657854, -15.8002206 ] } },
{ "type": "Feature", "properties": { "id_osm": 2263483312, "nome": null, "tipo": "stop_position", "ref": null }, "geometry": { "type": "Point", "coordinates": [ -47.8691852, -15.7991588 ] } },
{ "type": "Feature", "properties": { "id_osm": 2265957932, "nome": null, "tipo": "stop_position", "ref": null }, "geometry": { "type": "Point", "coordinates": [ -47.8744157, -15.7954198 ] } },
{ "type": "Feature", "properties": { "id_osm": 2265957948, "nome": null, "tipo": "stop_position", "ref": null }, "geometry": { "type": "Point", "coordinates": [ -47.8727497, -15.7959415 ] } },
{ "type": "Feature", "properties": { "id_osm": 2265957968, "nome": null, "tipo": "stop_position", "ref": null }, "geometry": { "type": "Point", "coordinates": [ -47.871031, -15.7964795 ] } },
{ "type": "Feature", "properties": { "id_osm": 2265957981, "nome": null, "tipo": "stop_position", "ref": null }, "geometry": { "type": "Point", "coordinates": [ -47.8694411, -15.7969773 ] } },
{ "type": "Feature", "properties": { "id_osm": 2265957984, "nome": null, "tipo": "stop_position", "ref": null }, "geometry": { "type": "Point", "coordinates": [ -47.8677889, -15.7974946 ] } },
{ "type": "Feature", "properties": { "id_osm": 2265957987, "nome": null, "tipo": "bus_stop", "ref": null }, "geometry": { "type": "Point", "coordinates": [ -47.8623799, -15.7991879 ] } },
{ "type": "Feature", "properties": { "id_osm": 2309128397, "nome": null, "tipo": "platform", "ref": null }, "geometry": { "type": "Point", "coordinates": [ -48.128177, -15.8397795 ] } },
{ "type": "Feature", "properties": { "id_osm": 2309128407, "nome": null, "tipo": "platform", "ref": null }, "geometry": { "type": "Point", "coordinates": [ -48.1282482, -15.83963 ] } },
{ "type": "Feature", "properties": { "id_osm": 2334051934, "nome": null, "tipo": "platform", "ref": null }, "geometry": { "type": "Point", "coordinates": [ -47.9506616, -15.8215371 ] } },
{ "type": "Feature", "properties": { "id_osm": 2340845209, "nome": null, "tipo": "platform", "ref": null }, "geometry": { "type": "Point", "coordinates": [ -47.9822947, -15.8194624 ] } },
{ "type": "Feature", "properties": { "id_osm": 2340845216, "nome": null, "tipo": "platform", "ref": null }, "geometry": { "type": "Point", "coordinates": [ -47.9822062, -15.8201385 ] } },
{ "type": "Feature", "properties": { "id_osm": 2368458273, "nome": null, "tipo": "platform", "ref": null }, "geometry": { "type": "Point", "coordinates": [ -47.9429548, -15.8111915 ] } },
{ "type": "Feature", "properties": { "id_osm": 2368458276, "nome": null, "tipo": "platform", "ref": null }, "geometry": { "type": "Point", "coordinates": [ -47.9434617, -15.8105721 ] } },
{ "type": "Feature", "properties": { "id_osm": 2368554958, "nome": "Guará I (Marginal EPTG)", "tipo": "platform", "ref": null }, "geometry": { "type": "Point", "coordinates": [ -47.9772015, -15.8105027 ] } },
{ "type": "Feature", "properties": { "id_osm": 2368554959, "nome": null, "tipo": "platform", "ref": null }, "geometry": { "type": "Point", "coordinates": [ -47.9763349, -15.8110237 ] } },
{ "type": "Feature", "properties": { "id_osm": 2368569104, "nome": "Lúcio Costa / Guará I (Marginal EPTG)", "tipo": "platform", "ref": null }, "geometry": { "type": "Point", "coordinates": [ -47.9845361, -15.8124721 ] } },
{ "type": "Feature", "properties": { "id_osm": 2368569105, "nome": "Lúcio Costa / CEF 1 (Marginal EPTG)", "tipo": "platform", "ref": null }, "geometry": { "type": "Point", "coordinates": [ -47.9878369, -15.8120181 ] } },
{ "type": "Feature", "properties": { "id_osm": 2368569107, "nome": "Lúcio Costa / Guará I (Marginal EPTG)", "tipo": "platform", "ref": null }, "geometry": { "type": "Point", "coordinates": [ -47.9852651, -15.8114841 ] } },
{ "type": "Feature", "properties": { "id_osm": 2371761814, "nome": null, "tipo": "bus_stop", "ref": null }, "geometry": { "type": "Point", "coordinates": [ -47.9681861, -15.8400754 ] } },
{ "type": "Feature", "properties": { "id_osm": 2375210754, "nome": null, "tipo": "platform", "ref": null }, "geometry": { "type": "Point", "coordinates": [ -47.9540556, -15.8089631 ] } },
{ "type": "Feature", "properties": { "id_osm": 2375295849, "nome": "Praça Capital / SIA - Sentido Plano Piloto", "tipo": "platform", "ref": null }, "geometry": { "type": "Point", "coordinates": [ -47.9577149, -15.8085538 ] } },
{ "type": "Feature", "properties": { "id_osm": 2384714295, "nome": null, "tipo": "bus_stop", "ref": null }, "geometry": { "type": "Point", "coordinates": [ -47.966279, -15.8393274 ] } },
{ "type": "Feature", "properties": { "id_osm": 2427461165, "nome": "Taguatinga Sul", "tipo": "stop_position", "ref": null }, "geometry": { "type": "Point", "coordinates": [ -48.0418586, -15.8518905 ] } },
{ "type": "Feature", "properties": { "id_osm": 2441726611, "nome": "Samdu Sul CSD/QSD 18", "tipo": "platform", "ref": "5039" }, "geometry": { "type": "Point", "coordinates": [ -48.0481176, -15.8482507 ] } },
{ "type": "Feature", "properties": { "id_osm": 2445179856, "nome": null, "tipo": "platform", "ref": "4439" }, "geometry": { "type": "Point", "coordinates": [ -47.7769319, -15.9024128 ] } },
{ "type": "Feature", "properties": { "id_osm": 2456946319, "nome": null, "tipo": "bus_stop", "ref": null }, "geometry": { "type": "Point", "coordinates": [ -47.9676767, -15.8403752 ] } },
{ "type": "Feature", "properties": { "id_osm": 2479091037, "nome": null, "tipo": "platform", "ref": null }, "geometry": { "type": "Point", "coordinates": [ -47.9165871, -15.7926241 ] } },
{ "type": "Feature", "properties": { "id_osm": 2479091040, "nome": null, "tipo": "platform", "ref": null }, "geometry": { "type": "Point", "coordinates": [ -47.9163409, -15.7924084 ] } },
{ "type": "Feature", "properties": { "id_osm": 2479091044, "nome": null, "tipo": "stop_position", "ref": null }, "geometry": { "type": "Point", "coordinates": [ -47.9155155, -15.7894649 ] } },
{ "type": "Feature", "properties": { "id_osm": 2479091048, "nome": null, "tipo": "stop_position", "ref": null }, "geometry": { "type": "Point", "coordinates": [ -47.9153087, -15.789353 ] } },
{ "type": "Feature", "properties": { "id_osm": 2521699896, "nome": "Postinho (Sentido ICC Norte)", "tipo": "platform", "ref": "3428" }, "geometry": { "type": "Point", "coordinates": [ -47.873793, -15.7610249 ] } },
{ "type": "Feature", "properties": { "id_osm": 2524907501, "nome": "102 Sul", "tipo": "stop_position", "ref": null }, "geometry": { "type": "Point", "coordinates": [ -47.8894745, -15.8057088 ] } },
{ "type": "Feature", "properties": { "id_osm": 2564006643, "nome": null, "tipo": "platform", "ref": null }, "geometry": { "type": "Point", "coordinates": [ -48.0679658, -15.8515178 ] } },
{ "type": "Feature", "properties": { "id_osm": 2569843735, "nome": null, "tipo": "bus_stop", "ref": null }, "geometry": { "type": "Point", "coordinates": [ -48.0682858, -15.904329 ] } },
{ "type": "Feature", "properties": { "id_osm": 2569843736, "nome": null, "tipo": "bus_stop", "ref": null }, "geometry": { "type": "Point", "coordinates": [ -48.0685219, -15.903942 ] } },
{ "type": "Feature", "properties": { "id_osm": 2569843738, "nome": null, "tipo": "bus_stop", "ref": null }, "geometry": { "type": "Point", "coordinates": [ -48.0716762, -15.9035502 ] } },
{ "type": "Feature", "properties": { "id_osm": 2569843765, "nome": null, "tipo": "bus_stop", "ref": null }, "geometry": { "type": "Point", "coordinates": [ -48.0716762, -15.9038443 ] } },
{ "type": "Feature", "properties": { "id_osm": 2580043803, "nome": null, "tipo": "platform", "ref": null }, "geometry": { "type": "Point", "coordinates": [ -48.1200353, -15.8549124 ] } },
{ "type": "Feature", "properties": { "id_osm": 2581643602, "nome": null, "tipo": "platform", "ref": null }, "geometry": { "type": "Point", "coordinates": [ -47.9183522, -15.8011687 ] } },
{ "type": "Feature", "properties": { "id_osm": 2581643604, "nome": null, "tipo": "platform", "ref": null }, "geometry": { "type": "Point", "coordinates": [ -47.9253221, -15.8048811 ] } },
{ "type": "Feature", "properties": { "id_osm": 2581643605, "nome": null, "tipo": "platform", "ref": null }, "geometry": { "type": "Point", "coordinates": [ -47.9308299, -15.807378 ] } },
{ "type": "Feature", "properties": { "id_osm": 2585838767, "nome": "Terminal Rodoviário", "tipo": "platform", "ref": null }, "geometry": { "type": "Point", "coordinates": [ -48.1938965, -15.6837906 ] } },
{ "type": "Feature", "properties": { "id_osm": 2593859131, "nome": null, "tipo": "platform", "ref": null }, "geometry": { "type": "Point", "coordinates": [ -47.9763637, -15.8255961 ] } },
{ "type": "Feature", "properties": { "id_osm": 2593859165, "nome": null, "tipo": "platform", "ref": null }, "geometry": { "type": "Point", "coordinates": [ -47.9751989, -15.8271708 ] } },
{ "type": "Feature", "properties": { "id_osm": 2593859232, "nome": null, "tipo": "platform", "ref": null }, "geometry": { "type": "Point", "coordinates": [ -47.9748019, -15.8319353 ] } },
{ "type": "Feature", "properties": { "id_osm": 2593859293, "nome": null, "tipo": "bus_stop", "ref": null }, "geometry": { "type": "Point", "coordinates": [ -47.9742574, -15.8356796 ] } },
{ "type": "Feature", "properties": { "id_osm": 2593859318, "nome": null, "tipo": "bus_stop", "ref": null }, "geometry": { "type": "Point", "coordinates": [ -47.9698971, -15.8360873 ] } },
{ "type": "Feature", "properties": { "id_osm": 2593859394, "nome": null, "tipo": "bus_stop", "ref": null }, "geometry": { "type": "Point", "coordinates": [ -47.9668363, -15.8380162 ] } },
{ "type": "Feature", "properties": { "id_osm": 2617681425, "nome": "Faculdade de Educação Física/UnB", "tipo": "platform", "ref": "3411" }, "geometry": { "type": "Point", "coordinates": [ -47.8608474, -15.7636395 ] } },
{ "type": "Feature", "properties": { "id_osm": 2617683765, "nome": "Bibliotea Central(Sentindo ICC Sul)", "tipo": "platform", "ref": null }, "geometry": { "type": "Point", "coordinates": [ -47.8668366, -15.760714 ] } },
{ "type": "Feature", "properties": { "id_osm": 2617684071, "nome": "Bibliotea Central(Sentindo ICC Norte)", "tipo": "platform", "ref": "3421" }, "geometry": { "type": "Point", "coordinates": [ -47.8667272, -15.7605407 ] } },
{ "type": "Feature", "properties": { "id_osm": 2617690323, "nome": "Reitoria (Sentindo ICC Sul)", "tipo": "platform", "ref": null }, "geometry": { "type": "Point", "coordinates": [ -47.8657041, -15.7622796 ] } },
{ "type": "Feature", "properties": { "id_osm": 2617692814, "nome": "ICC Sul", "tipo": "platform", "ref": null }, "geometry": { "type": "Point", "coordinates": [ -47.8662934, -15.765314 ] } },
{ "type": "Feature", "properties": { "id_osm": 2658048766, "nome": null, "tipo": "platform", "ref": null }, "geometry": { "type": "Point", "coordinates": [ -47.9230315, -15.7996228 ] } },
{ "type": "Feature", "properties": { "id_osm": 2658048773, "nome": null, "tipo": "platform", "ref": null }, "geometry": { "type": "Point", "coordinates": [ -47.9231304, -15.799504 ] } },
{ "type": "Feature", "properties": { "id_osm": 2658048814, "nome": null, "tipo": "platform", "ref": null }, "geometry": { "type": "Point", "coordinates": [ -47.9204754, -15.7979787 ] } },
{ "type": "Feature", "properties": { "id_osm": 2658048818, "nome": null, "tipo": "platform", "ref": null }, "geometry": { "type": "Point", "coordinates": [ -47.9201445, -15.7979588 ] } },
{ "type": "Feature", "properties": { "id_osm": 2658048856, "nome": null, "tipo": "stop_position", "ref": null }, "geometry": { "type": "Point", "coordinates": [ -47.9128664, -15.785305 ] } },
{ "type": "Feature", "properties": { "id_osm": 2668534418, "nome": null, "tipo": "stop_position", "ref": null }, "geometry": { "type": "Point", "coordinates": [ -47.900544, -15.7862927 ] } },
{ "type": "Feature", "properties": { "id_osm": 2668535381, "nome": null, "tipo": "stop_position", "ref": null }, "geometry": { "type": "Point", "coordinates": [ -47.9071711, -15.7851913 ] } },
{ "type": "Feature", "properties": { "id_osm": 2668548863, "nome": "Memorial JK / Praça do Cruzeiro", "tipo": "platform", "ref": null }, "geometry": { "type": "Point", "coordinates": [ -47.912797, -15.7834562 ] } },
{ "type": "Feature", "properties": { "id_osm": 2668552261, "nome": null, "tipo": "stop_position", "ref": null }, "geometry": { "type": "Point", "coordinates": [ -47.9321305, -15.7773802 ] } },
{ "type": "Feature", "properties": { "id_osm": 2668555836, "nome": null, "tipo": "platform", "ref": null }, "geometry": { "type": "Point", "coordinates": [ -47.9395654, -15.7776652 ] } },
{ "type": "Feature", "properties": { "id_osm": 2668557053, "nome": null, "tipo": "platform", "ref": null }, "geometry": { "type": "Point", "coordinates": [ -47.9386651, -15.77878 ] } },
{ "type": "Feature", "properties": { "id_osm": 2673144947, "nome": "Av. Tocantins - QNN 15 (Estação Ceilândia)", "tipo": "platform", "ref": null }, "geometry": { "type": "Point", "coordinates": [ -48.1224249, -15.8042145 ] } },
{ "type": "Feature", "properties": { "id_osm": 2682369305, "nome": "Concessionárias", "tipo": "stop_position", "ref": null }, "geometry": { "type": "Point", "coordinates": [ -48.0386228, -15.835137 ] } },
{ "type": "Feature", "properties": { "id_osm": 2682370666, "nome": "Asa Sul", "tipo": "stop_position", "ref": null }, "geometry": { "type": "Point", "coordinates": [ -47.9326321, -15.8370519 ] } },
{ "type": "Feature", "properties": { "id_osm": 2699326164, "nome": null, "tipo": "platform", "ref": null }, "geometry": { "type": "Point", "coordinates": [ -47.9126912, -15.7948436 ] } },
{ "type": "Feature", "properties": { "id_osm": 2699345562, "nome": null, "tipo": "bus_stop", "ref": null }, "geometry": { "type": "Point", "coordinates": [ -48.0620344, -15.8193261 ] } },
{ "type": "Feature", "properties": { "id_osm": 2705401531, "nome": "Galeria", "tipo": "stop_position", "ref": null }, "geometry": { "type": "Point", "coordinates": [ -47.8861049, -15.7994743 ] } },
{ "type": "Feature", "properties": { "id_osm": 2705529948, "nome": null, "tipo": "platform", "ref": null }, "geometry": { "type": "Point", "coordinates": [ -47.8868927, -15.7911164 ] } },
{ "type": "Feature", "properties": { "id_osm": 2724558375, "nome": null, "tipo": "platform", "ref": null }, "geometry": { "type": "Point", "coordinates": [ -48.0152032, -15.8377318 ] } },
{ "type": "Feature", "properties": { "id_osm": 2753738026, "nome": null, "tipo": "stop_position", "ref": null }, "geometry": { "type": "Point", "coordinates": [ -47.9331802, -15.7789072 ] } },
{ "type": "Feature", "properties": { "id_osm": 2753743788, "nome": null, "tipo": "platform", "ref": null }, "geometry": { "type": "Point", "coordinates": [ -47.9394661, -15.7789434 ] } },
{ "type": "Feature", "properties": { "id_osm": 2776091507, "nome": null, "tipo": "bus_stop", "ref": null }, "geometry": { "type": "Point", "coordinates": [ -47.9618833, -15.6102317 ] } },
{ "type": "Feature", "properties": { "id_osm": 2789500767, "nome": null, "tipo": "bus_stop", "ref": null }, "geometry": { "type": "Point", "coordinates": [ -47.948945, -15.509412 ] } },
{ "type": "Feature", "properties": { "id_osm": 2827491735, "nome": null, "tipo": "platform", "ref": null }, "geometry": { "type": "Point", "coordinates": [ -47.900377, -15.790242 ] } },
{ "type": "Feature", "properties": { "id_osm": 2827500241, "nome": null, "tipo": "platform", "ref": null }, "geometry": { "type": "Point", "coordinates": [ -47.8975783, -15.7910779 ] } },
{ "type": "Feature", "properties": { "id_osm": 2827502981, "nome": null, "tipo": "platform", "ref": null }, "geometry": { "type": "Point", "coordinates": [ -47.8940372, -15.7919629 ] } },
{ "type": "Feature", "properties": { "id_osm": 2827605621, "nome": null, "tipo": "platform", "ref": null }, "geometry": { "type": "Point", "coordinates": [ -47.9348564, -15.7986859 ] } },
{ "type": "Feature", "properties": { "id_osm": 2827608822, "nome": null, "tipo": "platform", "ref": null }, "geometry": { "type": "Point", "coordinates": [ -47.9375372, -15.8003793 ] } },
{ "type": "Feature", "properties": { "id_osm": 2827608823, "nome": null, "tipo": "platform", "ref": null }, "geometry": { "type": "Point", "coordinates": [ -47.9397679, -15.8017804 ] } },
{ "type": "Feature", "properties": { "id_osm": 2827622595, "nome": null, "tipo": "platform", "ref": null }, "geometry": { "type": "Point", "coordinates": [ -47.9407391, -15.8094013 ] } },
{ "type": "Feature", "properties": { "id_osm": 2827623551, "nome": null, "tipo": "platform", "ref": null }, "geometry": { "type": "Point", "coordinates": [ -47.9385165, -15.8052363 ] } },
{ "type": "Feature", "properties": { "id_osm": 2827632830, "nome": null, "tipo": "platform", "ref": null }, "geometry": { "type": "Point", "coordinates": [ -47.945583, -15.8085228 ] } },
{ "type": "Feature", "properties": { "id_osm": 2827635892, "nome": null, "tipo": "platform", "ref": null }, "geometry": { "type": "Point", "coordinates": [ -47.9425295, -15.810193 ] } },
{ "type": "Feature", "properties": { "id_osm": 2827658352, "nome": null, "tipo": "platform", "ref": null }, "geometry": { "type": "Point", "coordinates": [ -47.9464446, -15.8067748 ] } },
{ "type": "Feature", "properties": { "id_osm": 2827658353, "nome": null, "tipo": "platform", "ref": null }, "geometry": { "type": "Point", "coordinates": [ -47.9461609, -15.803489 ] } },
{ "type": "Feature", "properties": { "id_osm": 2827677621, "nome": null, "tipo": "bus_stop", "ref": null }, "geometry": { "type": "Point", "coordinates": [ -47.9446106, -15.7964087 ] } },
{ "type": "Feature", "properties": { "id_osm": 2827677622, "nome": null, "tipo": "platform", "ref": null }, "geometry": { "type": "Point", "coordinates": [ -47.9416044, -15.7896545 ] } },
{ "type": "Feature", "properties": { "id_osm": 2827711988, "nome": null, "tipo": "stop_position", "ref": null }, "geometry": { "type": "Point", "coordinates": [ -47.9317486, -15.7872397 ] } },
{ "type": "Feature", "properties": { "id_osm": 2827715680, "nome": null, "tipo": "stop_position", "ref": null }, "geometry": { "type": "Point", "coordinates": [ -47.9330265, -15.7906421 ] } },
{ "type": "Feature", "properties": { "id_osm": 2827723029, "nome": null, "tipo": "platform", "ref": null }, "geometry": { "type": "Point", "coordinates": [ -47.9323518, -15.8013784 ] } },
{ "type": "Feature", "properties": { "id_osm": 2827753220, "nome": null, "tipo": "platform", "ref": null }, "geometry": { "type": "Point", "coordinates": [ -47.9126389, -15.7954689 ] } },
{ "type": "Feature", "properties": { "id_osm": 2827758507, "nome": null, "tipo": "stop_position", "ref": null }, "geometry": { "type": "Point", "coordinates": [ -47.9111308, -15.791001 ] } },
{ "type": "Feature", "properties": { "id_osm": 2827758523, "nome": null, "tipo": "stop_position", "ref": null }, "geometry": { "type": "Point", "coordinates": [ -47.9102027, -15.7882032 ] } },
{ "type": "Feature", "properties": { "id_osm": 2827802370, "nome": null, "tipo": "platform", "ref": null }, "geometry": { "type": "Point", "coordinates": [ -47.8914349, -15.7966301 ] } },
{ "type": "Feature", "properties": { "id_osm": 2827831385, "nome": null, "tipo": "platform", "ref": null }, "geometry": { "type": "Point", "coordinates": [ -47.8924042, -15.7984089 ] } },
{ "type": "Feature", "properties": { "id_osm": 2827838753, "nome": null, "tipo": "platform", "ref": null }, "geometry": { "type": "Point", "coordinates": [ -47.8937197, -15.8002694 ] } },
{ "type": "Feature", "properties": { "id_osm": 2827838754, "nome": null, "tipo": "platform", "ref": null }, "geometry": { "type": "Point", "coordinates": [ -47.8968421, -15.8039507 ] } },
{ "type": "Feature", "properties": { "id_osm": 2827846729, "nome": null, "tipo": "platform", "ref": null }, "geometry": { "type": "Point", "coordinates": [ -47.9009068, -15.8080453 ] } },
{ "type": "Feature", "properties": { "id_osm": 2827848271, "nome": "Parada de Onibus 508", "tipo": "platform", "ref": null }, "geometry": { "type": "Point", "coordinates": [ -47.9054937, -15.8117785 ] } },
{ "type": "Feature", "properties": { "id_osm": 2827850505, "nome": null, "tipo": "platform", "ref": null }, "geometry": { "type": "Point", "coordinates": [ -47.9084911, -15.8139655 ] } },
{ "type": "Feature", "properties": { "id_osm": 2827854447, "nome": null, "tipo": "platform", "ref": null }, "geometry": { "type": "Point", "coordinates": [ -47.9108492, -15.8156474 ] } },
{ "type": "Feature", "properties": { "id_osm": 2827861226, "nome": null, "tipo": "platform", "ref": null }, "geometry": { "type": "Point", "coordinates": [ -47.9129859, -15.8172024 ] } },
{ "type": "Feature", "properties": { "id_osm": 2827863418, "nome": null, "tipo": "platform", "ref": null }, "geometry": { "type": "Point", "coordinates": [ -47.9158772, -15.8192808 ] } },
{ "type": "Feature", "properties": { "id_osm": 2827863570, "nome": null, "tipo": "platform", "ref": null }, "geometry": { "type": "Point", "coordinates": [ -47.9212393, -15.8231714 ] } },
{ "type": "Feature", "properties": { "id_osm": 2827863798, "nome": null, "tipo": "platform", "ref": null }, "geometry": { "type": "Point", "coordinates": [ -47.9240718, -15.8252257 ] } },
{ "type": "Feature", "properties": { "id_osm": 2827864127, "nome": null, "tipo": "platform", "ref": null }, "geometry": { "type": "Point", "coordinates": [ -47.9185167, -15.8211938 ] } },
{ "type": "Feature", "properties": { "id_osm": 2827868089, "nome": null, "tipo": "platform", "ref": null }, "geometry": { "type": "Point", "coordinates": [ -47.9265013, -15.8269537 ] } },
{ "type": "Feature", "properties": { "id_osm": 2827869026, "nome": null, "tipo": "platform", "ref": null }, "geometry": { "type": "Point", "coordinates": [ -47.9268334, -15.8274374 ] } },
{ "type": "Feature", "properties": { "id_osm": 2827870702, "nome": null, "tipo": "platform", "ref": null }, "geometry": { "type": "Point", "coordinates": [ -47.9241268, -15.8255025 ] } },
{ "type": "Feature", "properties": { "id_osm": 2827872500, "nome": null, "tipo": "platform", "ref": null }, "geometry": { "type": "Point", "coordinates": [ -47.921429, -15.8235286 ] } },
{ "type": "Feature", "properties": { "id_osm": 2827873077, "nome": null, "tipo": "platform", "ref": null }, "geometry": { "type": "Point", "coordinates": [ -47.9187973, -15.8216243 ] } },
{ "type": "Feature", "properties": { "id_osm": 2827874081, "nome": null, "tipo": "platform", "ref": null }, "geometry": { "type": "Point", "coordinates": [ -47.9106518, -15.815748 ] } },
{ "type": "Feature", "properties": { "id_osm": 2827874840, "nome": null, "tipo": "platform", "ref": null }, "geometry": { "type": "Point", "coordinates": [ -47.9159624, -15.8195699 ] } },
{ "type": "Feature", "properties": { "id_osm": 2827877538, "nome": null, "tipo": "platform", "ref": null }, "geometry": { "type": "Point", "coordinates": [ -47.9079833, -15.8138235 ] } },
{ "type": "Feature", "properties": { "id_osm": 2827877567, "nome": "Parada de Onibus 308", "tipo": "platform", "ref": null }, "geometry": { "type": "Point", "coordinates": [ -47.905338, -15.8118828 ] } },
{ "type": "Feature", "properties": { "id_osm": 2827877618, "nome": null, "tipo": "platform", "ref": null }, "geometry": { "type": "Point", "coordinates": [ -47.9134375, -15.8177185 ] } },
{ "type": "Feature", "properties": { "id_osm": 2827884032, "nome": null, "tipo": "platform", "ref": null }, "geometry": { "type": "Point", "coordinates": [ -47.900744, -15.8081498 ] } },
{ "type": "Feature", "properties": { "id_osm": 2827886162, "nome": null, "tipo": "platform", "ref": null }, "geometry": { "type": "Point", "coordinates": [ -47.8986958, -15.8061839 ] } },
{ "type": "Feature", "properties": { "id_osm": 2827890467, "nome": null, "tipo": "platform", "ref": null }, "geometry": { "type": "Point", "coordinates": [ -47.8966065, -15.8039599 ] } },
{ "type": "Feature", "properties": { "id_osm": 2827895802, "nome": null, "tipo": "platform", "ref": null }, "geometry": { "type": "Point", "coordinates": [ -47.8945246, -15.801593 ] } },
{ "type": "Feature", "properties": { "id_osm": 2827900920, "nome": null, "tipo": "platform", "ref": null }, "geometry": { "type": "Point", "coordinates": [ -47.8912531, -15.7966507 ] } },
{ "type": "Feature", "properties": { "id_osm": 2827901258, "nome": null, "tipo": "platform", "ref": null }, "geometry": { "type": "Point", "coordinates": [ -47.892321, -15.798518 ] } },
{ "type": "Feature", "properties": { "id_osm": 2827918024, "nome": null, "tipo": "stop_position", "ref": null }, "geometry": { "type": "Point", "coordinates": [ -47.9101432, -15.7872775 ] } },
{ "type": "Feature", "properties": { "id_osm": 2827924223, "nome": null, "tipo": "platform", "ref": null }, "geometry": { "type": "Point", "coordinates": [ -47.9113656, -15.7908973 ] } },
{ "type": "Feature", "properties": { "id_osm": 2829158267, "nome": null, "tipo": "platform", "ref": null }, "geometry": { "type": "Point", "coordinates": [ -47.9425159, -15.80122 ] } },
{ "type": "Feature", "properties": { "id_osm": 2829158268, "nome": null, "tipo": "platform", "ref": null }, "geometry": { "type": "Point", "coordinates": [ -47.9444376, -15.800612 ] } },
{ "type": "Feature", "properties": { "id_osm": 2829173127, "nome": null, "tipo": "platform", "ref": null }, "geometry": { "type": "Point", "coordinates": [ -47.9326817, -15.8006002 ] } },
{ "type": "Feature", "properties": { "id_osm": 2829213494, "nome": null, "tipo": "stop_position", "ref": null }, "geometry": { "type": "Point", "coordinates": [ -47.9054971, -15.7882124 ] } },
{ "type": "Feature", "properties": { "id_osm": 2829273469, "nome": null, "tipo": "platform", "ref": null }, "geometry": { "type": "Point", "coordinates": [ -47.8907565, -15.7897402 ] } },
{ "type": "Feature", "properties": { "id_osm": 2829274265, "nome": "Brasília Shopping (Sentido Sul)", "tipo": "platform", "ref": null }, "geometry": { "type": "Point", "coordinates": [ -47.887862, -15.7852281 ] } },
{ "type": "Feature", "properties": { "id_osm": 2829274266, "nome": null, "tipo": "platform", "ref": null }, "geometry": { "type": "Point", "coordinates": [ -47.8875442, -15.7838923 ] } },
{ "type": "Feature", "properties": { "id_osm": 2829275366, "nome": null, "tipo": "platform", "ref": null }, "geometry": { "type": "Point", "coordinates": [ -47.8878576, -15.7774408 ] } },
{ "type": "Feature", "properties": { "id_osm": 2829275367, "nome": null, "tipo": "platform", "ref": null }, "geometry": { "type": "Point", "coordinates": [ -47.8880234, -15.7778705 ] } },
{ "type": "Feature", "properties": { "id_osm": 2829277102, "nome": null, "tipo": "platform", "ref": null }, "geometry": { "type": "Point", "coordinates": [ -47.8877778, -15.7809608 ] } },
{ "type": "Feature", "properties": { "id_osm": 2829277103, "nome": null, "tipo": "platform", "ref": null }, "geometry": { "type": "Point", "coordinates": [ -47.8875949, -15.7807522 ] } },
{ "type": "Feature", "properties": { "id_osm": 2829283443, "nome": null, "tipo": "platform", "ref": null }, "geometry": { "type": "Point", "coordinates": [ -47.8888687, -15.7717555 ] } },
{ "type": "Feature", "properties": { "id_osm": 2829283444, "nome": null, "tipo": "platform", "ref": null }, "geometry": { "type": "Point", "coordinates": [ -47.888798, -15.7711747 ] } },
{ "type": "Feature", "properties": { "id_osm": 2829311127, "nome": null, "tipo": "platform", "ref": null }, "geometry": { "type": "Point", "coordinates": [ -47.8921628, -15.7604399 ] } },
{ "type": "Feature", "properties": { "id_osm": 2829311128, "nome": null, "tipo": "platform", "ref": null }, "geometry": { "type": "Point", "coordinates": [ -47.8921614, -15.7599272 ] } },
{ "type": "Feature", "properties": { "id_osm": 2829311129, "nome": null, "tipo": "platform", "ref": null }, "geometry": { "type": "Point", "coordinates": [ -47.8932937, -15.7571727 ] } },
{ "type": "Feature", "properties": { "id_osm": 2829311130, "nome": null, "tipo": "platform", "ref": null }, "geometry": { "type": "Point", "coordinates": [ -47.8930164, -15.75707 ] } },
{ "type": "Feature", "properties": { "id_osm": 2829314263, "nome": null, "tipo": "bus_stop", "ref": null }, "geometry": { "type": "Point", "coordinates": [ -47.8953123, -15.7509021 ] } },
{ "type": "Feature", "properties": { "id_osm": 2829314264, "nome": null, "tipo": "bus_stop", "ref": null }, "geometry": { "type": "Point", "coordinates": [ -47.8949904, -15.7508387 ] } },
{ "type": "Feature", "properties": { "id_osm": 2829315013, "nome": null, "tipo": "platform", "ref": null }, "geometry": { "type": "Point", "coordinates": [ -47.8942555, -15.7542091 ] } },
{ "type": "Feature", "properties": { "id_osm": 2829315014, "nome": null, "tipo": "platform", "ref": null }, "geometry": { "type": "Point", "coordinates": [ -47.8941768, -15.753631 ] } },
{ "type": "Feature", "properties": { "id_osm": 2829316883, "nome": null, "tipo": "platform", "ref": null }, "geometry": { "type": "Point", "coordinates": [ -47.8972084, -15.7447045 ] } },
{ "type": "Feature", "properties": { "id_osm": 2829316884, "nome": null, "tipo": "platform", "ref": null }, "geometry": { "type": "Point", "coordinates": [ -47.8970352, -15.744603 ] } },
{ "type": "Feature", "properties": { "id_osm": 2829318940, "nome": null, "tipo": "platform", "ref": null }, "geometry": { "type": "Point", "coordinates": [ -47.896243, -15.7480393 ] } },
{ "type": "Feature", "properties": { "id_osm": 2829318941, "nome": null, "tipo": "platform", "ref": null }, "geometry": { "type": "Point", "coordinates": [ -47.8960743, -15.7474719 ] } },
{ "type": "Feature", "properties": { "id_osm": 2829320270, "nome": null, "tipo": "platform", "ref": null }, "geometry": { "type": "Point", "coordinates": [ -47.8982345, -15.7418281 ] } },
{ "type": "Feature", "properties": { "id_osm": 2829320271, "nome": null, "tipo": "platform", "ref": null }, "geometry": { "type": "Point", "coordinates": [ -47.8981815, -15.7411636 ] } },
{ "type": "Feature", "properties": { "id_osm": 2829321278, "nome": null, "tipo": "stop_position", "ref": null }, "geometry": { "type": "Point", "coordinates": [ -47.8974699, -15.7354672 ] } },
{ "type": "Feature", "properties": { "id_osm": 2829321883, "nome": null, "tipo": "platform", "ref": null }, "geometry": { "type": "Point", "coordinates": [ -47.8992124, -15.7384714 ] } },
{ "type": "Feature", "properties": { "id_osm": 2829321886, "nome": null, "tipo": "platform", "ref": null }, "geometry": { "type": "Point", "coordinates": [ -47.8984769, -15.7369862 ] } },
{ "type": "Feature", "properties": { "id_osm": 2829351098, "nome": null, "tipo": "platform", "ref": null }, "geometry": { "type": "Point", "coordinates": [ -47.9371262, -15.7844666 ] } },
{ "type": "Feature", "properties": { "id_osm": 2829351565, "nome": null, "tipo": "platform", "ref": null }, "geometry": { "type": "Point", "coordinates": [ -47.9379717, -15.7841233 ] } },
{ "type": "Feature", "properties": { "id_osm": 2829355470, "nome": null, "tipo": "platform", "ref": null }, "geometry": { "type": "Point", "coordinates": [ -47.9371195, -15.7823865 ] } },
{ "type": "Feature", "properties": { "id_osm": 2829761382, "nome": null, "tipo": "platform", "ref": null }, "geometry": { "type": "Point", "coordinates": [ -47.9390131, -15.7888262 ] } },
{ "type": "Feature", "properties": { "id_osm": 2829761383, "nome": null, "tipo": "platform", "ref": null }, "geometry": { "type": "Point", "coordinates": [ -47.9382695, -15.7884003 ] } },
{ "type": "Feature", "properties": { "id_osm": 2829761384, "nome": null, "tipo": "platform", "ref": null }, "geometry": { "type": "Point", "coordinates": [ -47.9366581, -15.7879222 ] } },
{ "type": "Feature", "properties": { "id_osm": 2829761385, "nome": null, "tipo": "platform", "ref": null }, "geometry": { "type": "Point", "coordinates": [ -47.9363859, -15.7875899 ] } },
{ "type": "Feature", "properties": { "id_osm": 2829761386, "nome": null, "tipo": "platform", "ref": null }, "geometry": { "type": "Point", "coordinates": [ -47.9344024, -15.7860935 ] } },
{ "type": "Feature", "properties": { "id_osm": 2829761394, "nome": null, "tipo": "platform", "ref": null }, "geometry": { "type": "Point", "coordinates": [ -47.9341416, -15.785203 ] } },
{ "type": "Feature", "properties": { "id_osm": 2829761395, "nome": null, "tipo": "platform", "ref": null }, "geometry": { "type": "Point", "coordinates": [ -47.9327354, -15.7840835 ] } },
{ "type": "Feature", "properties": { "id_osm": 2829761396, "nome": null, "tipo": "stop_position", "ref": null }, "geometry": { "type": "Point", "coordinates": [ -47.931804, -15.7841393 ] } },
{ "type": "Feature", "properties": { "id_osm": 2829780397, "nome": null, "tipo": "platform", "ref": null }, "geometry": { "type": "Point", "coordinates": [ -47.9345097, -15.7825955 ] } },
{ "type": "Feature", "properties": { "id_osm": 2829780400, "nome": null, "tipo": "platform", "ref": null }, "geometry": { "type": "Point", "coordinates": [ -47.9345761, -15.782049 ] } },
{ "type": "Feature", "properties": { "id_osm": 2832635118, "nome": null, "tipo": "platform", "ref": null }, "geometry": { "type": "Point", "coordinates": [ -47.9334025, -15.7935587 ] } },
{ "type": "Feature", "properties": { "id_osm": 2832729787, "nome": null, "tipo": "stop_position", "ref": null }, "geometry": { "type": "Point", "coordinates": [ -47.9231305, -15.7802175 ] } },
{ "type": "Feature", "properties": { "id_osm": 2832735049, "nome": null, "tipo": "platform", "ref": null }, "geometry": { "type": "Point", "coordinates": [ -47.9250639, -15.7814647 ] } },
{ "type": "Feature", "properties": { "id_osm": 2833789198, "nome": null, "tipo": "stop_position", "ref": null }, "geometry": { "type": "Point", "coordinates": [ -47.9169011, -15.7840345 ] } },
{ "type": "Feature", "properties": { "id_osm": 2846211565, "nome": "Galeria dos Estados", "tipo": "platform", "ref": null }, "geometry": { "type": "Point", "coordinates": [ -47.8840227, -15.7992901 ] } },
{ "type": "Feature", "properties": { "id_osm": 2846682184, "nome": "Galeria dos Estados", "tipo": "platform", "ref": null }, "geometry": { "type": "Point", "coordinates": [ -47.8852905, -15.7987194 ] } },
{ "type": "Feature", "properties": { "id_osm": 2885849648, "nome": null, "tipo": "bus_stop", "ref": null }, "geometry": { "type": "Point", "coordinates": [ -48.0109718, -16.0492616 ] } },
{ "type": "Feature", "properties": { "id_osm": 2885850421, "nome": null, "tipo": "bus_stop", "ref": null }, "geometry": { "type": "Point", "coordinates": [ -48.0073925, -16.0492569 ] } },
{ "type": "Feature", "properties": { "id_osm": 2885851403, "nome": null, "tipo": "bus_stop", "ref": null }, "geometry": { "type": "Point", "coordinates": [ -48.0010627, -16.0492898 ] } },
{ "type": "Feature", "properties": { "id_osm": 2889528576, "nome": null, "tipo": "platform", "ref": null }, "geometry": { "type": "Point", "coordinates": [ -47.8861736, -15.8029295 ] } },
{ "type": "Feature", "properties": { "id_osm": 2889529522, "nome": "Banco Central", "tipo": "platform", "ref": null }, "geometry": { "type": "Point", "coordinates": [ -47.8857082, -15.8024494 ] } },
{ "type": "Feature", "properties": { "id_osm": 2889531323, "nome": null, "tipo": "platform", "ref": null }, "geometry": { "type": "Point", "coordinates": [ -47.8871821, -15.8023668 ] } },
{ "type": "Feature", "properties": { "id_osm": 2889531324, "nome": "Banco Central (Sentido Sul)", "tipo": "platform", "ref": "3372" }, "geometry": { "type": "Point", "coordinates": [ -47.8870285, -15.8018616 ] } },
{ "type": "Feature", "properties": { "id_osm": 2889536156, "nome": null, "tipo": "platform", "ref": null }, "geometry": { "type": "Point", "coordinates": [ -47.8912939, -15.8074485 ] } },
{ "type": "Feature", "properties": { "id_osm": 2889536157, "nome": null, "tipo": "platform", "ref": null }, "geometry": { "type": "Point", "coordinates": [ -47.8911437, -15.8070717 ] } },
{ "type": "Feature", "properties": { "id_osm": 2889536158, "nome": null, "tipo": "platform", "ref": null }, "geometry": { "type": "Point", "coordinates": [ -47.8904101, -15.8081969 ] } },
{ "type": "Feature", "properties": { "id_osm": 2889536159, "nome": null, "tipo": "platform", "ref": null }, "geometry": { "type": "Point", "coordinates": [ -47.8898978, -15.807793 ] } },
{ "type": "Feature", "properties": { "id_osm": 2889545677, "nome": null, "tipo": "platform", "ref": null }, "geometry": { "type": "Point", "coordinates": [ -47.8932092, -15.8115125 ] } },
{ "type": "Feature", "properties": { "id_osm": 2889545678, "nome": "104 Sul", "tipo": "platform", "ref": null }, "geometry": { "type": "Point", "coordinates": [ -47.8939492, -15.8099937 ] } },
{ "type": "Feature", "properties": { "id_osm": 2889545679, "nome": null, "tipo": "platform", "ref": null }, "geometry": { "type": "Point", "coordinates": [ -47.8958362, -15.8121635 ] } },
{ "type": "Feature", "properties": { "id_osm": 2889545681, "nome": null, "tipo": "platform", "ref": null }, "geometry": { "type": "Point", "coordinates": [ -47.8946681, -15.8128357 ] } },
{ "type": "Feature", "properties": { "id_osm": 2889545682, "nome": null, "tipo": "platform", "ref": null }, "geometry": { "type": "Point", "coordinates": [ -47.8950074, -15.8129867 ] } },
{ "type": "Feature", "properties": { "id_osm": 2889547175, "nome": "110 Sul", "tipo": "platform", "ref": null }, "geometry": { "type": "Point", "coordinates": [ -47.9097225, -15.8224831 ] } },
{ "type": "Feature", "properties": { "id_osm": 2889547176, "nome": "110 Sul", "tipo": "platform", "ref": null }, "geometry": { "type": "Point", "coordinates": [ -47.9087852, -15.8237626 ] } },
{ "type": "Feature", "properties": { "id_osm": 2889563974, "nome": null, "tipo": "platform", "ref": null }, "geometry": { "type": "Point", "coordinates": [ -47.9001633, -15.8172827 ] } },
{ "type": "Feature", "properties": { "id_osm": 2889563975, "nome": null, "tipo": "platform", "ref": null }, "geometry": { "type": "Point", "coordinates": [ -47.8998032, -15.8171481 ] } },
{ "type": "Feature", "properties": { "id_osm": 2889565663, "nome": null, "tipo": "platform", "ref": null }, "geometry": { "type": "Point", "coordinates": [ -47.9008779, -15.816378 ] } },
{ "type": "Feature", "properties": { "id_osm": 2889565664, "nome": null, "tipo": "platform", "ref": null }, "geometry": { "type": "Point", "coordinates": [ -47.9005241, -15.8159539 ] } },
{ "type": "Feature", "properties": { "id_osm": 2889575390, "nome": null, "tipo": "platform", "ref": null }, "geometry": { "type": "Point", "coordinates": [ -47.9062545, -15.8202718 ] } },
{ "type": "Feature", "properties": { "id_osm": 2889575391, "nome": null, "tipo": "platform", "ref": null }, "geometry": { "type": "Point", "coordinates": [ -47.9060161, -15.8199377 ] } },
{ "type": "Feature", "properties": { "id_osm": 2889575392, "nome": null, "tipo": "platform", "ref": null }, "geometry": { "type": "Point", "coordinates": [ -47.9051892, -15.8210932 ] } },
{ "type": "Feature", "properties": { "id_osm": 2889575393, "nome": null, "tipo": "platform", "ref": null }, "geometry": { "type": "Point", "coordinates": [ -47.9056489, -15.8212385 ] } },
{ "type": "Feature", "properties": { "id_osm": 2889579374, "nome": null, "tipo": "platform", "ref": null }, "geometry": { "type": "Point", "coordinates": [ -47.9163694, -15.8289815 ] } },
{ "type": "Feature", "properties": { "id_osm": 2889579375, "nome": null, "tipo": "platform", "ref": null }, "geometry": { "type": "Point", "coordinates": [ -47.9159647, -15.8288593 ] } },
{ "type": "Feature", "properties": { "id_osm": 2889579376, "nome": null, "tipo": "platform", "ref": null }, "geometry": { "type": "Point", "coordinates": [ -47.9169609, -15.8280189 ] } },
{ "type": "Feature", "properties": { "id_osm": 2889579377, "nome": null, "tipo": "platform", "ref": null }, "geometry": { "type": "Point", "coordinates": [ -47.9167922, -15.8277202 ] } },
{ "type": "Feature", "properties": { "id_osm": 2889602176, "nome": null, "tipo": "platform", "ref": null }, "geometry": { "type": "Point", "coordinates": [ -47.9113966, -15.8238279 ] } },
{ "type": "Feature", "properties": { "id_osm": 2889602177, "nome": null, "tipo": "platform", "ref": null }, "geometry": { "type": "Point", "coordinates": [ -47.9116272, -15.8241514 ] } },
{ "type": "Feature", "properties": { "id_osm": 2889602178, "nome": null, "tipo": "platform", "ref": null }, "geometry": { "type": "Point", "coordinates": [ -47.9105633, -15.8249469 ] } },
{ "type": "Feature", "properties": { "id_osm": 2889602179, "nome": null, "tipo": "platform", "ref": null }, "geometry": { "type": "Point", "coordinates": [ -47.9109642, -15.8250948 ] } },
{ "type": "Feature", "properties": { "id_osm": 2889609437, "nome": null, "tipo": "platform", "ref": null }, "geometry": { "type": "Point", "coordinates": [ -47.9222005, -15.8316281 ] } },
{ "type": "Feature", "properties": { "id_osm": 2889609438, "nome": null, "tipo": "platform", "ref": null }, "geometry": { "type": "Point", "coordinates": [ -47.922413, -15.8319458 ] } },
{ "type": "Feature", "properties": { "id_osm": 2889609439, "nome": null, "tipo": "platform", "ref": null }, "geometry": { "type": "Point", "coordinates": [ -47.9214244, -15.8328169 ] } },
{ "type": "Feature", "properties": { "id_osm": 2889609440, "nome": null, "tipo": "platform", "ref": null }, "geometry": { "type": "Point", "coordinates": [ -47.9217403, -15.8328745 ] } },
{ "type": "Feature", "properties": { "id_osm": 2889616445, "nome": "114 Sul", "tipo": "stop_position", "ref": null }, "geometry": { "type": "Point", "coordinates": [ -47.9201426, -15.8305885 ] } },
{ "type": "Feature", "properties": { "id_osm": 2889656715, "nome": null, "tipo": "platform", "ref": null }, "geometry": { "type": "Point", "coordinates": [ -47.9364006, -15.8664802 ] } },
{ "type": "Feature", "properties": { "id_osm": 2926662576, "nome": null, "tipo": "platform", "ref": null }, "geometry": { "type": "Point", "coordinates": [ -48.1006497, -15.8187929 ] } },
{ "type": "Feature", "properties": { "id_osm": 2926662577, "nome": null, "tipo": "bus_stop", "ref": null }, "geometry": { "type": "Point", "coordinates": [ -48.1014946, -15.81678 ] } },
{ "type": "Feature", "properties": { "id_osm": 2926662578, "nome": null, "tipo": "platform", "ref": null }, "geometry": { "type": "Point", "coordinates": [ -48.0987829, -15.8236341 ] } },
{ "type": "Feature", "properties": { "id_osm": 2926662579, "nome": null, "tipo": "platform", "ref": null }, "geometry": { "type": "Point", "coordinates": [ -48.0982948, -15.8240057 ] } },
{ "type": "Feature", "properties": { "id_osm": 2926662580, "nome": null, "tipo": "bus_stop", "ref": null }, "geometry": { "type": "Point", "coordinates": [ -48.0944914, -15.8225941 ] } },
{ "type": "Feature", "properties": { "id_osm": 2959293764, "nome": null, "tipo": "bus_stop", "ref": null }, "geometry": { "type": "Point", "coordinates": [ -47.8539759, -15.7944274 ] } },
{ "type": "Feature", "properties": { "id_osm": 2959293765, "nome": null, "tipo": "platform", "ref": "3587" }, "geometry": { "type": "Point", "coordinates": [ -47.8540051, -15.7940745 ] } },
{ "type": "Feature", "properties": { "id_osm": 3017287509, "nome": null, "tipo": "bus_stop", "ref": null }, "geometry": { "type": "Point", "coordinates": [ -47.8548119, -15.7896077 ] } },
{ "type": "Feature", "properties": { "id_osm": 3033804592, "nome": null, "tipo": "bus_stop", "ref": null }, "geometry": { "type": "Point", "coordinates": [ -47.8481922, -15.789663 ] } },
{ "type": "Feature", "properties": { "id_osm": 3114130874, "nome": null, "tipo": "bus_stop", "ref": null }, "geometry": { "type": "Point", "coordinates": [ -47.9742213, -15.9792936 ] } },
{ "type": "Feature", "properties": { "id_osm": 3133750047, "nome": null, "tipo": "platform", "ref": null }, "geometry": { "type": "Point", "coordinates": [ -47.9525146, -15.8322562 ] } },
{ "type": "Feature", "properties": { "id_osm": 3133766098, "nome": null, "tipo": "platform", "ref": null }, "geometry": { "type": "Point", "coordinates": [ -47.9514717, -15.8323927 ] } },
{ "type": "Feature", "properties": { "id_osm": 3134011886, "nome": null, "tipo": "platform", "ref": null }, "geometry": { "type": "Point", "coordinates": [ -47.9859711, -15.9922895 ] } },
{ "type": "Feature", "properties": { "id_osm": 3138399601, "nome": null, "tipo": "platform", "ref": null }, "geometry": { "type": "Point", "coordinates": [ -47.974894, -15.8715641 ] } },
{ "type": "Feature", "properties": { "id_osm": 3144730194, "nome": "Ponto de ônibus onde", "tipo": "bus_stop", "ref": null }, "geometry": { "type": "Point", "coordinates": [ -48.0562216, -15.8659388 ] } },
{ "type": "Feature", "properties": { "id_osm": 3147933877, "nome": null, "tipo": "bus_stop", "ref": null }, "geometry": { "type": "Point", "coordinates": [ -47.9784037, -15.9756307 ] } },
{ "type": "Feature", "properties": { "id_osm": 3147933878, "nome": null, "tipo": "platform", "ref": null }, "geometry": { "type": "Point", "coordinates": [ -47.9856389, -15.992324 ] } },
{ "type": "Feature", "properties": { "id_osm": 3153028113, "nome": "BRT Catetinho", "tipo": "platform", "ref": null }, "geometry": { "type": "Point", "coordinates": [ -47.9881243, -15.9418004 ] } },
{ "type": "Feature", "properties": { "id_osm": 3153028117, "nome": "BRT SMPW Quadra 26", "tipo": "platform", "ref": null }, "geometry": { "type": "Point", "coordinates": [ -47.9678199, -15.9113287 ] } },
{ "type": "Feature", "properties": { "id_osm": 3153028119, "nome": "BRT Vargem Bonita", "tipo": "platform", "ref": null }, "geometry": { "type": "Point", "coordinates": [ -47.9614177, -15.8906942 ] } },
{ "type": "Feature", "properties": { "id_osm": 3153028121, "nome": "BRT Park Way", "tipo": "platform", "ref": null }, "geometry": { "type": "Point", "coordinates": [ -47.9598351, -15.8796547 ] } },
{ "type": "Feature", "properties": { "id_osm": 3153028122, "nome": null, "tipo": "bus_stop", "ref": null }, "geometry": { "type": "Point", "coordinates": [ -47.9596458, -15.8810429 ] } },
{ "type": "Feature", "properties": { "id_osm": 3165817368, "nome": null, "tipo": "bus_stop", "ref": null }, "geometry": { "type": "Point", "coordinates": [ -48.0253339, -16.0301487 ] } },
{ "type": "Feature", "properties": { "id_osm": 3165817391, "nome": null, "tipo": "bus_stop", "ref": null }, "geometry": { "type": "Point", "coordinates": [ -48.022303, -16.0282307 ] } },
{ "type": "Feature", "properties": { "id_osm": 3165817408, "nome": null, "tipo": "bus_stop", "ref": null }, "geometry": { "type": "Point", "coordinates": [ -48.0171586, -16.0244849 ] } },
{ "type": "Feature", "properties": { "id_osm": 3165817409, "nome": null, "tipo": "bus_stop", "ref": null }, "geometry": { "type": "Point", "coordinates": [ -48.0168367, -16.0247092 ] } },
{ "type": "Feature", "properties": { "id_osm": 3165817446, "nome": null, "tipo": "bus_stop", "ref": null }, "geometry": { "type": "Point", "coordinates": [ -48.0127651, -16.0206927 ] } },
{ "type": "Feature", "properties": { "id_osm": 3165817664, "nome": null, "tipo": "bus_stop", "ref": null }, "geometry": { "type": "Point", "coordinates": [ -48.0139319, -16.0223839 ] } },
{ "type": "Feature", "properties": { "id_osm": 3165817665, "nome": null, "tipo": "bus_stop", "ref": null }, "geometry": { "type": "Point", "coordinates": [ -48.0138353, -16.0226468 ] } },
{ "type": "Feature", "properties": { "id_osm": 3165817748, "nome": null, "tipo": "bus_stop", "ref": null }, "geometry": { "type": "Point", "coordinates": [ -48.0128965, -16.0170215 ] } },
{ "type": "Feature", "properties": { "id_osm": 3165817873, "nome": null, "tipo": "bus_stop", "ref": null }, "geometry": { "type": "Point", "coordinates": [ -48.014707, -16.0141418 ] } },
{ "type": "Feature", "properties": { "id_osm": 3165817874, "nome": null, "tipo": "bus_stop", "ref": null }, "geometry": { "type": "Point", "coordinates": [ -48.0142108, -16.0147786 ] } },
{ "type": "Feature", "properties": { "id_osm": 3165817943, "nome": null, "tipo": "bus_stop", "ref": null }, "geometry": { "type": "Point", "coordinates": [ -48.0100225, -16.0129429 ] } },
{ "type": "Feature", "properties": { "id_osm": 3165817944, "nome": null, "tipo": "bus_stop", "ref": null }, "geometry": { "type": "Point", "coordinates": [ -48.0098723, -16.0132265 ] } },
{ "type": "Feature", "properties": { "id_osm": 3165817980, "nome": null, "tipo": "bus_stop", "ref": null }, "geometry": { "type": "Point", "coordinates": [ -48.0064767, -16.0142501 ] } },
{ "type": "Feature", "properties": { "id_osm": 3165817981, "nome": null, "tipo": "bus_stop", "ref": null }, "geometry": { "type": "Point", "coordinates": [ -48.0062621, -16.014067 ] } },
{ "type": "Feature", "properties": { "id_osm": 3190545041, "nome": null, "tipo": "platform", "ref": null }, "geometry": { "type": "Point", "coordinates": [ -47.9753741, -15.872394 ] } },
{ "type": "Feature", "properties": { "id_osm": 3198949977, "nome": null, "tipo": "platform", "ref": null }, "geometry": { "type": "Point", "coordinates": [ -47.9507522, -15.8318759 ] } },
{ "type": "Feature", "properties": { "id_osm": 3213870230, "nome": null, "tipo": "bus_stop", "ref": null }, "geometry": { "type": "Point", "coordinates": [ -47.8688033, -15.8316258 ] } },
{ "type": "Feature", "properties": { "id_osm": 3217304005, "nome": null, "tipo": "bus_stop", "ref": null }, "geometry": { "type": "Point", "coordinates": [ -47.4362625, -16.0496849 ] } },
{ "type": "Feature", "properties": { "id_osm": 3242626479, "nome": null, "tipo": "platform", "ref": null }, "geometry": { "type": "Point", "coordinates": [ -47.8838516, -15.7473976 ] } },
{ "type": "Feature", "properties": { "id_osm": 3242626480, "nome": null, "tipo": "platform", "ref": null }, "geometry": { "type": "Point", "coordinates": [ -47.8838061, -15.7475194 ] } },
{ "type": "Feature", "properties": { "id_osm": 3247245663, "nome": null, "tipo": "platform", "ref": null }, "geometry": { "type": "Point", "coordinates": [ -48.1377232, -15.8419698 ] } },
{ "type": "Feature", "properties": { "id_osm": 3353627399, "nome": null, "tipo": "platform", "ref": null }, "geometry": { "type": "Point", "coordinates": [ -48.0094256, -15.8341279 ] } },
{ "type": "Feature", "properties": { "id_osm": 3420005658, "nome": null, "tipo": "bus_stop", "ref": null }, "geometry": { "type": "Point", "coordinates": [ -48.208063, -15.9290066 ] } },
{ "type": "Feature", "properties": { "id_osm": 3420005659, "nome": null, "tipo": "bus_stop", "ref": null }, "geometry": { "type": "Point", "coordinates": [ -48.2229728, -15.9364377 ] } },
{ "type": "Feature", "properties": { "id_osm": 3420005660, "nome": null, "tipo": "bus_stop", "ref": null }, "geometry": { "type": "Point", "coordinates": [ -48.2413541, -15.9424039 ] } },
{ "type": "Feature", "properties": { "id_osm": 3486147504, "nome": null, "tipo": "platform", "ref": null }, "geometry": { "type": "Point", "coordinates": [ -47.9106939, -15.7779667 ] } },
{ "type": "Feature", "properties": { "id_osm": 3486147505, "nome": null, "tipo": "platform", "ref": null }, "geometry": { "type": "Point", "coordinates": [ -47.9095902, -15.7811183 ] } },
{ "type": "Feature", "properties": { "id_osm": 3508613171, "nome": null, "tipo": "platform", "ref": null }, "geometry": { "type": "Point", "coordinates": [ -47.8928241, -15.7936589 ] } },
{ "type": "Feature", "properties": { "id_osm": 3508636129, "nome": null, "tipo": "platform", "ref": null }, "geometry": { "type": "Point", "coordinates": [ -47.8876256, -15.7936717 ] } },
{ "type": "Feature", "properties": { "id_osm": 3508636130, "nome": null, "tipo": "platform", "ref": null }, "geometry": { "type": "Point", "coordinates": [ -47.8878292, -15.7939112 ] } },
{ "type": "Feature", "properties": { "id_osm": 3508638492, "nome": null, "tipo": "platform", "ref": null }, "geometry": { "type": "Point", "coordinates": [ -47.8859113, -15.7958928 ] } },
{ "type": "Feature", "properties": { "id_osm": 3508645982, "nome": null, "tipo": "platform", "ref": null }, "geometry": { "type": "Point", "coordinates": [ -47.8935087, -15.7916715 ] } },
{ "type": "Feature", "properties": { "id_osm": 3531587624, "nome": "Estação Guará", "tipo": "platform", "ref": null }, "geometry": { "type": "Point", "coordinates": [ -47.9829119, -15.8265908 ] } },
{ "type": "Feature", "properties": { "id_osm": 3531603445, "nome": null, "tipo": "platform", "ref": null }, "geometry": { "type": "Point", "coordinates": [ -47.9775961, -15.8244006 ] } },
{ "type": "Feature", "properties": { "id_osm": 3531783142, "nome": "Estação Guará/ QE 24/ QI 23", "tipo": "platform", "ref": null }, "geometry": { "type": "Point", "coordinates": [ -47.9830744, -15.8268572 ] } },
{ "type": "Feature", "properties": { "id_osm": 3531787797, "nome": null, "tipo": "platform", "ref": null }, "geometry": { "type": "Point", "coordinates": [ -47.9820687, -15.8284719 ] } },
{ "type": "Feature", "properties": { "id_osm": 3531789729, "nome": null, "tipo": "platform", "ref": null }, "geometry": { "type": "Point", "coordinates": [ -47.9816687, -15.8286365 ] } },
{ "type": "Feature", "properties": { "id_osm": 3537363745, "nome": null, "tipo": "platform", "ref": null }, "geometry": { "type": "Point", "coordinates": [ -47.9801482, -15.8308631 ] } },
{ "type": "Feature", "properties": { "id_osm": 3537364945, "nome": "Ponto de ônibus da QE 26", "tipo": "platform", "ref": null }, "geometry": { "type": "Point", "coordinates": [ -47.9816046, -15.8317747 ] } },
{ "type": "Feature", "properties": { "id_osm": 3578787934, "nome": null, "tipo": "bus_stop", "ref": null }, "geometry": { "type": "Point", "coordinates": [ -48.0449497, -15.9875147 ] } },
{ "type": "Feature", "properties": { "id_osm": 3578787940, "nome": null, "tipo": "bus_stop", "ref": null }, "geometry": { "type": "Point", "coordinates": [ -48.0446741, -15.9878694 ] } },
{ "type": "Feature", "properties": { "id_osm": 3613727750, "nome": null, "tipo": "bus_stop", "ref": null }, "geometry": { "type": "Point", "coordinates": [ -48.083309, -15.8666333 ] } },
{ "type": "Feature", "properties": { "id_osm": 3613980267, "nome": null, "tipo": "bus_stop", "ref": null }, "geometry": { "type": "Point", "coordinates": [ -48.1063522, -15.8748948 ] } },
{ "type": "Feature", "properties": { "id_osm": 3613980268, "nome": null, "tipo": "bus_stop", "ref": null }, "geometry": { "type": "Point", "coordinates": [ -48.1066262, -15.8744587 ] } },
{ "type": "Feature", "properties": { "id_osm": 3613980269, "nome": null, "tipo": "bus_stop", "ref": null }, "geometry": { "type": "Point", "coordinates": [ -48.1040887, -15.8737013 ] } },
{ "type": "Feature", "properties": { "id_osm": 3613980270, "nome": null, "tipo": "bus_stop", "ref": null }, "geometry": { "type": "Point", "coordinates": [ -48.1041639, -15.8731092 ] } },
{ "type": "Feature", "properties": { "id_osm": 3613980271, "nome": null, "tipo": "bus_stop", "ref": null }, "geometry": { "type": "Point", "coordinates": [ -48.1024783, -15.8718237 ] } },
{ "type": "Feature", "properties": { "id_osm": 3613980272, "nome": null, "tipo": "bus_stop", "ref": null }, "geometry": { "type": "Point", "coordinates": [ -48.1027286, -15.8713307 ] } },
{ "type": "Feature", "properties": { "id_osm": 3613980273, "nome": null, "tipo": "bus_stop", "ref": null }, "geometry": { "type": "Point", "coordinates": [ -48.0999796, -15.8687259 ] } },
{ "type": "Feature", "properties": { "id_osm": 3613980274, "nome": null, "tipo": "bus_stop", "ref": null }, "geometry": { "type": "Point", "coordinates": [ -48.1002946, -15.8683242 ] } },
{ "type": "Feature", "properties": { "id_osm": 3613980275, "nome": null, "tipo": "bus_stop", "ref": null }, "geometry": { "type": "Point", "coordinates": [ -48.0982525, -15.8674766 ] } },
{ "type": "Feature", "properties": { "id_osm": 3613980276, "nome": null, "tipo": "bus_stop", "ref": null }, "geometry": { "type": "Point", "coordinates": [ -48.0981109, -15.8668519 ] } },
{ "type": "Feature", "properties": { "id_osm": 3613980284, "nome": null, "tipo": "bus_stop", "ref": null }, "geometry": { "type": "Point", "coordinates": [ -48.0955156, -15.8656468 ] } },
{ "type": "Feature", "properties": { "id_osm": 3613980285, "nome": null, "tipo": "bus_stop", "ref": null }, "geometry": { "type": "Point", "coordinates": [ -48.0947334, -15.8658289 ] } },
{ "type": "Feature", "properties": { "id_osm": 3615881201, "nome": null, "tipo": "bus_stop", "ref": null }, "geometry": { "type": "Point", "coordinates": [ -48.1038887, -15.8787077 ] } },
{ "type": "Feature", "properties": { "id_osm": 3615881202, "nome": null, "tipo": "bus_stop", "ref": null }, "geometry": { "type": "Point", "coordinates": [ -48.1038671, -15.8792156 ] } },
{ "type": "Feature", "properties": { "id_osm": 3615908941, "nome": null, "tipo": "bus_stop", "ref": null }, "geometry": { "type": "Point", "coordinates": [ -48.0998596, -15.8767938 ] } },
{ "type": "Feature", "properties": { "id_osm": 3615908942, "nome": null, "tipo": "bus_stop", "ref": null }, "geometry": { "type": "Point", "coordinates": [ -48.1005846, -15.877752 ] } },
{ "type": "Feature", "properties": { "id_osm": 3673740215, "nome": "Linha Executiva - Linha 113", "tipo": "platform", "ref": null }, "geometry": { "type": "Point", "coordinates": [ -47.9217683, -15.8693272 ] } },
{ "type": "Feature", "properties": { "id_osm": 3808914565, "nome": null, "tipo": "platform", "ref": null }, "geometry": { "type": "Point", "coordinates": [ -47.9823263, -16.0544307 ] } },
{ "type": "Feature", "properties": { "id_osm": 3808914566, "nome": null, "tipo": "platform", "ref": null }, "geometry": { "type": "Point", "coordinates": [ -47.9822634, -16.0544345 ] } },
{ "type": "Feature", "properties": { "id_osm": 3824666895, "nome": null, "tipo": "platform", "ref": null }, "geometry": { "type": "Point", "coordinates": [ -47.9650247, -15.8687634 ] } },
{ "type": "Feature", "properties": { "id_osm": 3829135417, "nome": null, "tipo": "platform", "ref": null }, "geometry": { "type": "Point", "coordinates": [ -47.9808029, -16.0546739 ] } },
{ "type": "Feature", "properties": { "id_osm": 3829135418, "nome": null, "tipo": "platform", "ref": null }, "geometry": { "type": "Point", "coordinates": [ -47.9807918, -16.0547754 ] } },
{ "type": "Feature", "properties": { "id_osm": 3829135426, "nome": null, "tipo": "platform", "ref": null }, "geometry": { "type": "Point", "coordinates": [ -47.9834163, -16.0630015 ] } },
{ "type": "Feature", "properties": { "id_osm": 3829135429, "nome": null, "tipo": "platform", "ref": null }, "geometry": { "type": "Point", "coordinates": [ -47.9837139, -16.0636133 ] } },
{ "type": "Feature", "properties": { "id_osm": 3829135430, "nome": null, "tipo": "platform", "ref": null }, "geometry": { "type": "Point", "coordinates": [ -47.983992, -16.0665867 ] } },
{ "type": "Feature", "properties": { "id_osm": 3829135442, "nome": null, "tipo": "platform", "ref": null }, "geometry": { "type": "Point", "coordinates": [ -47.9844238, -16.0701742 ] } },
{ "type": "Feature", "properties": { "id_osm": 3829135445, "nome": null, "tipo": "platform", "ref": null }, "geometry": { "type": "Point", "coordinates": [ -47.9850684, -16.070717 ] } },
{ "type": "Feature", "properties": { "id_osm": 3856483423, "nome": null, "tipo": "platform", "ref": null }, "geometry": { "type": "Point", "coordinates": [ -47.7797233, -15.7701202 ] } },
{ "type": "Feature", "properties": { "id_osm": 3856483424, "nome": null, "tipo": "bus_stop", "ref": null }, "geometry": { "type": "Point", "coordinates": [ -47.7800024, -15.7666386 ] } },
{ "type": "Feature", "properties": { "id_osm": 3856483425, "nome": null, "tipo": "platform", "ref": null }, "geometry": { "type": "Point", "coordinates": [ -47.7805297, -15.7630805 ] } },
{ "type": "Feature", "properties": { "id_osm": 3856483426, "nome": null, "tipo": "platform", "ref": null }, "geometry": { "type": "Point", "coordinates": [ -47.7798013, -15.7722059 ] } },
{ "type": "Feature", "properties": { "id_osm": 3856483427, "nome": null, "tipo": "platform", "ref": null }, "geometry": { "type": "Point", "coordinates": [ -47.7797565, -15.7744234 ] } },
{ "type": "Feature", "properties": { "id_osm": 3856483428, "nome": null, "tipo": "platform", "ref": null }, "geometry": { "type": "Point", "coordinates": [ -47.7811591, -15.7771787 ] } },
{ "type": "Feature", "properties": { "id_osm": 3856483429, "nome": null, "tipo": "platform", "ref": null }, "geometry": { "type": "Point", "coordinates": [ -47.7807044, -15.7794043 ] } },
{ "type": "Feature", "properties": { "id_osm": 3856483430, "nome": null, "tipo": "platform", "ref": null }, "geometry": { "type": "Point", "coordinates": [ -47.7788547, -15.7822385 ] } },
{ "type": "Feature", "properties": { "id_osm": 3856483431, "nome": null, "tipo": "platform", "ref": null }, "geometry": { "type": "Point", "coordinates": [ -47.7782022, -15.782476 ] } },
{ "type": "Feature", "properties": { "id_osm": 3856483432, "nome": null, "tipo": "platform", "ref": null }, "geometry": { "type": "Point", "coordinates": [ -47.7795597, -15.7801509 ] } },
{ "type": "Feature", "properties": { "id_osm": 3856483433, "nome": null, "tipo": "platform", "ref": null }, "geometry": { "type": "Point", "coordinates": [ -47.7796021, -15.7775067 ] } },
{ "type": "Feature", "properties": { "id_osm": 3856483434, "nome": null, "tipo": "platform", "ref": null }, "geometry": { "type": "Point", "coordinates": [ -47.7795134, -15.7756406 ] } },
{ "type": "Feature", "properties": { "id_osm": 3856483435, "nome": null, "tipo": "platform", "ref": null }, "geometry": { "type": "Point", "coordinates": [ -47.7795614, -15.7732324 ] } },
{ "type": "Feature", "properties": { "id_osm": 3856483436, "nome": null, "tipo": "platform", "ref": null }, "geometry": { "type": "Point", "coordinates": [ -47.7794861, -15.7703399 ] } },
{ "type": "Feature", "properties": { "id_osm": 3856483437, "nome": null, "tipo": "platform", "ref": null }, "geometry": { "type": "Point", "coordinates": [ -47.7797724, -15.7671047 ] } },
{ "type": "Feature", "properties": { "id_osm": 3856483438, "nome": null, "tipo": "bus_stop", "ref": null }, "geometry": { "type": "Point", "coordinates": [ -47.7800493, -15.7625167 ] } },
{ "type": "Feature", "properties": { "id_osm": 3856483439, "nome": null, "tipo": "platform", "ref": null }, "geometry": { "type": "Point", "coordinates": [ -47.7803355, -15.7628683 ] } },
{ "type": "Feature", "properties": { "id_osm": 3856483440, "nome": null, "tipo": "platform", "ref": null }, "geometry": { "type": "Point", "coordinates": [ -47.7806452, -15.7609366 ] } },
{ "type": "Feature", "properties": { "id_osm": 3864772479, "nome": null, "tipo": "platform", "ref": null }, "geometry": { "type": "Point", "coordinates": [ -47.9625402, -15.8682587 ] } },
{ "type": "Feature", "properties": { "id_osm": 3864772480, "nome": null, "tipo": "platform", "ref": null }, "geometry": { "type": "Point", "coordinates": [ -47.9621708, -15.8683136 ] } },
{ "type": "Feature", "properties": { "id_osm": 3864796091, "nome": null, "tipo": "platform", "ref": null }, "geometry": { "type": "Point", "coordinates": [ -47.9640247, -15.8679509 ] } },
{ "type": "Feature", "properties": { "id_osm": 3864796092, "nome": null, "tipo": "platform", "ref": null }, "geometry": { "type": "Point", "coordinates": [ -47.9647596, -15.8693582 ] } },
{ "type": "Feature", "properties": { "id_osm": 3865172895, "nome": null, "tipo": "bus_stop", "ref": null }, "geometry": { "type": "Point", "coordinates": [ -47.9887709, -16.0040294 ] } },
{ "type": "Feature", "properties": { "id_osm": 3865172897, "nome": null, "tipo": "bus_stop", "ref": null }, "geometry": { "type": "Point", "coordinates": [ -47.9826664, -16.010895 ] } },
{ "type": "Feature", "properties": { "id_osm": 3865172898, "nome": null, "tipo": "bus_stop", "ref": null }, "geometry": { "type": "Point", "coordinates": [ -47.9814832, -16.016605 ] } },
{ "type": "Feature", "properties": { "id_osm": 3865172900, "nome": null, "tipo": "bus_stop", "ref": null }, "geometry": { "type": "Point", "coordinates": [ -47.979437, -16.0267996 ] } },
{ "type": "Feature", "properties": { "id_osm": 3865172901, "nome": null, "tipo": "bus_stop", "ref": null }, "geometry": { "type": "Point", "coordinates": [ -47.9789116, -16.0317116 ] } },
{ "type": "Feature", "properties": { "id_osm": 3865172903, "nome": null, "tipo": "bus_stop", "ref": null }, "geometry": { "type": "Point", "coordinates": [ -47.979666, -16.0408391 ] } },
{ "type": "Feature", "properties": { "id_osm": 3865172904, "nome": null, "tipo": "bus_stop", "ref": null }, "geometry": { "type": "Point", "coordinates": [ -47.9801796, -16.0409382 ] } },
{ "type": "Feature", "properties": { "id_osm": 3865172906, "nome": null, "tipo": "platform", "ref": null }, "geometry": { "type": "Point", "coordinates": [ -47.9762522, -16.0560556 ] } },
{ "type": "Feature", "properties": { "id_osm": 3869641271, "nome": "601 Sul", "tipo": "platform", "ref": null }, "geometry": { "type": "Point", "coordinates": [ -47.8791947, -15.8048071 ] } },
{ "type": "Feature", "properties": { "id_osm": 3881874308, "nome": null, "tipo": "platform", "ref": null }, "geometry": { "type": "Point", "coordinates": [ -47.921801, -15.8692374 ] } },
{ "type": "Feature", "properties": { "id_osm": 3885276370, "nome": "Alimentadoras BRT Gama", "tipo": "platform", "ref": "7024" }, "geometry": { "type": "Point", "coordinates": [ -48.0490085, -15.9914363 ] } },
{ "type": "Feature", "properties": { "id_osm": 3890512736, "nome": null, "tipo": "platform", "ref": null }, "geometry": { "type": "Point", "coordinates": [ -47.8814171, -15.7847577 ] } },
{ "type": "Feature", "properties": { "id_osm": 3903192744, "nome": null, "tipo": "platform", "ref": null }, "geometry": { "type": "Point", "coordinates": [ -47.7773382, -15.7851694 ] } },
{ "type": "Feature", "properties": { "id_osm": 4053744089, "nome": null, "tipo": "bus_stop", "ref": null }, "geometry": { "type": "Point", "coordinates": [ -47.9610805, -15.864475 ] } },
{ "type": "Feature", "properties": { "id_osm": 4071566435, "nome": null, "tipo": "platform", "ref": null }, "geometry": { "type": "Point", "coordinates": [ -48.0304935, -15.8415978 ] } },
{ "type": "Feature", "properties": { "id_osm": 4173569020, "nome": null, "tipo": "bus_stop", "ref": null }, "geometry": { "type": "Point", "coordinates": [ -47.932547, -15.8701961 ] } },
{ "type": "Feature", "properties": { "id_osm": 4215453610, "nome": "Ponto de ônibus", "tipo": "bus_stop", "ref": null }, "geometry": { "type": "Point", "coordinates": [ -48.0124619, -15.8811869 ] } },
{ "type": "Feature", "properties": { "id_osm": 4275619071, "nome": null, "tipo": "platform", "ref": null }, "geometry": { "type": "Point", "coordinates": [ -47.8862157, -15.7177504 ] } },
{ "type": "Feature", "properties": { "id_osm": 4275619072, "nome": null, "tipo": "platform", "ref": null }, "geometry": { "type": "Point", "coordinates": [ -47.8859847, -15.7176997 ] } },
{ "type": "Feature", "properties": { "id_osm": 4312695714, "nome": null, "tipo": "platform", "ref": null }, "geometry": { "type": "Point", "coordinates": [ -47.8822926, -15.7652922 ] } },
{ "type": "Feature", "properties": { "id_osm": 4312695715, "nome": null, "tipo": "platform", "ref": null }, "geometry": { "type": "Point", "coordinates": [ -47.883793, -15.7657162 ] } },
{ "type": "Feature", "properties": { "id_osm": 4312695716, "nome": null, "tipo": "platform", "ref": null }, "geometry": { "type": "Point", "coordinates": [ -47.8863132, -15.7525893 ] } },
{ "type": "Feature", "properties": { "id_osm": 4312695717, "nome": null, "tipo": "platform", "ref": null }, "geometry": { "type": "Point", "coordinates": [ -47.8878026, -15.753196 ] } },
{ "type": "Feature", "properties": { "id_osm": 4367057491, "nome": "Parada de ônibus da QL 16", "tipo": "bus_stop", "ref": null }, "geometry": { "type": "Point", "coordinates": [ -47.8326792, -15.7646517 ] } },
{ "type": "Feature", "properties": { "id_osm": 4367068591, "nome": "Parada de ônibus da QI 15", "tipo": "bus_stop", "ref": null }, "geometry": { "type": "Point", "coordinates": [ -47.8320261, -15.7624528 ] } },
{ "type": "Feature", "properties": { "id_osm": 4367101390, "nome": "Parada de ônibus da QL 15", "tipo": "bus_stop", "ref": null }, "geometry": { "type": "Point", "coordinates": [ -47.8323556, -15.765044 ] } },
{ "type": "Feature", "properties": { "id_osm": 4374186977, "nome": null, "tipo": "bus_stop", "ref": null }, "geometry": { "type": "Point", "coordinates": [ -47.9789632, -16.02701 ] } },
{ "type": "Feature", "properties": { "id_osm": 4401920676, "nome": null, "tipo": "platform", "ref": null }, "geometry": { "type": "Point", "coordinates": [ -47.9862877, -15.8109274 ] } },
{ "type": "Feature", "properties": { "id_osm": 4405253603, "nome": null, "tipo": "platform", "ref": null }, "geometry": { "type": "Point", "coordinates": [ -47.8324233, -15.8582106 ] } },
{ "type": "Feature", "properties": { "id_osm": 4405253604, "nome": null, "tipo": "bus_stop", "ref": null }, "geometry": { "type": "Point", "coordinates": [ -47.8324608, -15.8586606 ] } },
{ "type": "Feature", "properties": { "id_osm": 4414163390, "nome": null, "tipo": "bus_stop", "ref": null }, "geometry": { "type": "Point", "coordinates": [ -47.8531482, -15.8019935 ] } },
{ "type": "Feature", "properties": { "id_osm": 4414182789, "nome": null, "tipo": "bus_stop", "ref": null }, "geometry": { "type": "Point", "coordinates": [ -47.8894502, -15.8430696 ] } },
{ "type": "Feature", "properties": { "id_osm": 4414816284, "nome": "Cebraspe", "tipo": "platform", "ref": "3543" }, "geometry": { "type": "Point", "coordinates": [ -47.8663602, -15.7723833 ] } },
{ "type": "Feature", "properties": { "id_osm": 4427492669, "nome": null, "tipo": "platform", "ref": null }, "geometry": { "type": "Point", "coordinates": [ -47.887142, -15.7908438 ] } },
{ "type": "Feature", "properties": { "id_osm": 4427555045, "nome": null, "tipo": "platform", "ref": null }, "geometry": { "type": "Point", "coordinates": [ -48.0405894, -15.8347074 ] } },
{ "type": "Feature", "properties": { "id_osm": 4428620233, "nome": null, "tipo": "bus_stop", "ref": null }, "geometry": { "type": "Point", "coordinates": [ -47.8546338, -15.8461007 ] } },
{ "type": "Feature", "properties": { "id_osm": 4428620265, "nome": null, "tipo": "bus_stop", "ref": null }, "geometry": { "type": "Point", "coordinates": [ -47.849711, -15.8465368 ] } },
{ "type": "Feature", "properties": { "id_osm": 4428620266, "nome": null, "tipo": "bus_stop", "ref": null }, "geometry": { "type": "Point", "coordinates": [ -47.8499272, -15.8469157 ] } },
{ "type": "Feature", "properties": { "id_osm": 4428620267, "nome": null, "tipo": "bus_stop", "ref": null }, "geometry": { "type": "Point", "coordinates": [ -47.8552236, -15.8461844 ] } },
{ "type": "Feature", "properties": { "id_osm": 4434154508, "nome": null, "tipo": "bus_stop", "ref": null }, "geometry": { "type": "Point", "coordinates": [ -48.0429119, -15.8479184 ] } },
{ "type": "Feature", "properties": { "id_osm": 4434219150, "nome": "Estação Taguatinga Sul - Sentido EPNB", "tipo": "platform", "ref": null }, "geometry": { "type": "Point", "coordinates": [ -48.0406419, -15.8521472 ] } },
{ "type": "Feature", "properties": { "id_osm": 4434219151, "nome": "Estação Taguatinga Sul - Sentido EPTG", "tipo": "platform", "ref": null }, "geometry": { "type": "Point", "coordinates": [ -48.0404145, -15.8519728 ] } },
{ "type": "Feature", "properties": { "id_osm": 4434219153, "nome": null, "tipo": "bus_stop", "ref": null }, "geometry": { "type": "Point", "coordinates": [ -48.0364685, -15.8599823 ] } },
{ "type": "Feature", "properties": { "id_osm": 4434219156, "nome": null, "tipo": "bus_stop", "ref": null }, "geometry": { "type": "Point", "coordinates": [ -48.0352749, -15.8621999 ] } },
{ "type": "Feature", "properties": { "id_osm": 4434219173, "nome": null, "tipo": "platform", "ref": null }, "geometry": { "type": "Point", "coordinates": [ -48.0334295, -15.865612 ] } },
{ "type": "Feature", "properties": { "id_osm": 4434219187, "nome": null, "tipo": "bus_stop", "ref": null }, "geometry": { "type": "Point", "coordinates": [ -48.0226053, -15.8770232 ] } },
{ "type": "Feature", "properties": { "id_osm": 4443884822, "nome": "EPCT, km 77,8 norte", "tipo": "bus_stop", "ref": null }, "geometry": { "type": "Point", "coordinates": [ -48.053942, -15.8264791 ] } },
{ "type": "Feature", "properties": { "id_osm": 4447755000, "nome": null, "tipo": "bus_stop", "ref": null }, "geometry": { "type": "Point", "coordinates": [ -47.8289193, -15.8599693 ] } },
{ "type": "Feature", "properties": { "id_osm": 4447755001, "nome": null, "tipo": "bus_stop", "ref": null }, "geometry": { "type": "Point", "coordinates": [ -47.8287699, -15.860356 ] } },
{ "type": "Feature", "properties": { "id_osm": 4451954236, "nome": "Top Life", "tipo": "platform", "ref": "5297" }, "geometry": { "type": "Point", "coordinates": [ -48.0355762, -15.8353906 ] } },
{ "type": "Feature", "properties": { "id_osm": 4494796990, "nome": null, "tipo": "platform", "ref": null }, "geometry": { "type": "Point", "coordinates": [ -47.975429, -15.871298 ] } },
{ "type": "Feature", "properties": { "id_osm": 4544772954, "nome": null, "tipo": "bus_stop", "ref": null }, "geometry": { "type": "Point", "coordinates": [ -47.9212183, -15.8399064 ] } },
{ "type": "Feature", "properties": { "id_osm": 4544772955, "nome": null, "tipo": "bus_stop", "ref": null }, "geometry": { "type": "Point", "coordinates": [ -47.9209206, -15.8393964 ] } },
{ "type": "Feature", "properties": { "id_osm": 4544772968, "nome": null, "tipo": "platform", "ref": null }, "geometry": { "type": "Point", "coordinates": [ -47.9095967, -15.8311311 ] } },
{ "type": "Feature", "properties": { "id_osm": 4544772969, "nome": null, "tipo": "platform", "ref": null }, "geometry": { "type": "Point", "coordinates": [ -47.9093075, -15.8314221 ] } },
{ "type": "Feature", "properties": { "id_osm": 4544772970, "nome": null, "tipo": "platform", "ref": null }, "geometry": { "type": "Point", "coordinates": [ -47.9119674, -15.8333227 ] } },
{ "type": "Feature", "properties": { "id_osm": 4544772971, "nome": null, "tipo": "platform", "ref": null }, "geometry": { "type": "Point", "coordinates": [ -47.9124664, -15.83327 ] } },
{ "type": "Feature", "properties": { "id_osm": 4544789523, "nome": null, "tipo": "platform", "ref": null }, "geometry": { "type": "Point", "coordinates": [ -47.9068324, -15.8291603 ] } },
{ "type": "Feature", "properties": { "id_osm": 4544789524, "nome": null, "tipo": "platform", "ref": null }, "geometry": { "type": "Point", "coordinates": [ -47.9066448, -15.8294916 ] } },
{ "type": "Feature", "properties": { "id_osm": 4544961408, "nome": null, "tipo": "platform", "ref": null }, "geometry": { "type": "Point", "coordinates": [ -47.7657992, -15.6461398 ] } },
{ "type": "Feature", "properties": { "id_osm": 4544961409, "nome": null, "tipo": "platform", "ref": null }, "geometry": { "type": "Point", "coordinates": [ -47.7653895, -15.6464015 ] } },
{ "type": "Feature", "properties": { "id_osm": 4545810047, "nome": null, "tipo": "platform", "ref": null }, "geometry": { "type": "Point", "coordinates": [ -47.7726939, -15.6470831 ] } },
{ "type": "Feature", "properties": { "id_osm": 4545810048, "nome": null, "tipo": "platform", "ref": null }, "geometry": { "type": "Point", "coordinates": [ -47.7713088, -15.6460396 ] } },
{ "type": "Feature", "properties": { "id_osm": 4545810049, "nome": null, "tipo": "platform", "ref": null }, "geometry": { "type": "Point", "coordinates": [ -47.7745134, -15.6450188 ] } },
{ "type": "Feature", "properties": { "id_osm": 4545810050, "nome": null, "tipo": "platform", "ref": null }, "geometry": { "type": "Point", "coordinates": [ -47.7742498, -15.6450932 ] } },
{ "type": "Feature", "properties": { "id_osm": 4545810051, "nome": null, "tipo": "platform", "ref": null }, "geometry": { "type": "Point", "coordinates": [ -47.7772451, -15.6465473 ] } },
{ "type": "Feature", "properties": { "id_osm": 4545810053, "nome": null, "tipo": "platform", "ref": null }, "geometry": { "type": "Point", "coordinates": [ -47.7816118, -15.6485874 ] } },
{ "type": "Feature", "properties": { "id_osm": 4545810054, "nome": null, "tipo": "platform", "ref": null }, "geometry": { "type": "Point", "coordinates": [ -47.7828975, -15.6489872 ] } },
{ "type": "Feature", "properties": { "id_osm": 4545810055, "nome": null, "tipo": "platform", "ref": null }, "geometry": { "type": "Point", "coordinates": [ -47.7866329, -15.6457091 ] } },
{ "type": "Feature", "properties": { "id_osm": 4545810056, "nome": null, "tipo": "platform", "ref": null }, "geometry": { "type": "Point", "coordinates": [ -47.790405, -15.6471837 ] } },
{ "type": "Feature", "properties": { "id_osm": 4545810057, "nome": null, "tipo": "platform", "ref": null }, "geometry": { "type": "Point", "coordinates": [ -47.787849, -15.6458984 ] } },
{ "type": "Feature", "properties": { "id_osm": 4545810058, "nome": null, "tipo": "platform", "ref": null }, "geometry": { "type": "Point", "coordinates": [ -47.7903704, -15.6453827 ] } },
{ "type": "Feature", "properties": { "id_osm": 4545810059, "nome": null, "tipo": "platform", "ref": null }, "geometry": { "type": "Point", "coordinates": [ -47.7919058, -15.6452713 ] } },
{ "type": "Feature", "properties": { "id_osm": 4545810060, "nome": null, "tipo": "platform", "ref": null }, "geometry": { "type": "Point", "coordinates": [ -47.7960271, -15.6442699 ] } },
{ "type": "Feature", "properties": { "id_osm": 4545810061, "nome": null, "tipo": "platform", "ref": null }, "geometry": { "type": "Point", "coordinates": [ -47.7965993, -15.6443349 ] } },
{ "type": "Feature", "properties": { "id_osm": 4545810062, "nome": null, "tipo": "platform", "ref": null }, "geometry": { "type": "Point", "coordinates": [ -47.7993315, -15.6436237 ] } },
{ "type": "Feature", "properties": { "id_osm": 4545810063, "nome": null, "tipo": "platform", "ref": null }, "geometry": { "type": "Point", "coordinates": [ -47.8010333, -15.6434803 ] } },
{ "type": "Feature", "properties": { "id_osm": 4545810068, "nome": null, "tipo": "platform", "ref": null }, "geometry": { "type": "Point", "coordinates": [ -47.8029995, -15.6457878 ] } },
{ "type": "Feature", "properties": { "id_osm": 4545810069, "nome": null, "tipo": "platform", "ref": null }, "geometry": { "type": "Point", "coordinates": [ -47.8028725, -15.6462207 ] } },
{ "type": "Feature", "properties": { "id_osm": 4545810070, "nome": null, "tipo": "platform", "ref": null }, "geometry": { "type": "Point", "coordinates": [ -47.8035208, -15.6493679 ] } },
{ "type": "Feature", "properties": { "id_osm": 4545810071, "nome": null, "tipo": "platform", "ref": null }, "geometry": { "type": "Point", "coordinates": [ -47.803944, -15.6502638 ] } },
{ "type": "Feature", "properties": { "id_osm": 4545810072, "nome": null, "tipo": "platform", "ref": null }, "geometry": { "type": "Point", "coordinates": [ -47.8043724, -15.6533607 ] } },
{ "type": "Feature", "properties": { "id_osm": 4545810073, "nome": null, "tipo": "platform", "ref": null }, "geometry": { "type": "Point", "coordinates": [ -47.8046578, -15.6536872 ] } },
{ "type": "Feature", "properties": { "id_osm": 4545810074, "nome": null, "tipo": "platform", "ref": null }, "geometry": { "type": "Point", "coordinates": [ -47.8053182, -15.6578622 ] } },
{ "type": "Feature", "properties": { "id_osm": 4545810075, "nome": null, "tipo": "platform", "ref": null }, "geometry": { "type": "Point", "coordinates": [ -47.8056065, -15.6581629 ] } },
{ "type": "Feature", "properties": { "id_osm": 4545810076, "nome": null, "tipo": "platform", "ref": null }, "geometry": { "type": "Point", "coordinates": [ -47.8058997, -15.6607305 ] } },
{ "type": "Feature", "properties": { "id_osm": 4545810077, "nome": null, "tipo": "platform", "ref": null }, "geometry": { "type": "Point", "coordinates": [ -47.8056295, -15.6628239 ] } },
{ "type": "Feature", "properties": { "id_osm": 4545810078, "nome": null, "tipo": "platform", "ref": null }, "geometry": { "type": "Point", "coordinates": [ -47.8010888, -15.6573058 ] } },
{ "type": "Feature", "properties": { "id_osm": 4545810079, "nome": null, "tipo": "platform", "ref": null }, "geometry": { "type": "Point", "coordinates": [ -47.8025729, -15.6569408 ] } },
{ "type": "Feature", "properties": { "id_osm": 4545810080, "nome": null, "tipo": "platform", "ref": null }, "geometry": { "type": "Point", "coordinates": [ -47.7980527, -15.6561704 ] } },
{ "type": "Feature", "properties": { "id_osm": 4545810081, "nome": null, "tipo": "platform", "ref": null }, "geometry": { "type": "Point", "coordinates": [ -47.7975496, -15.6561457 ] } },
{ "type": "Feature", "properties": { "id_osm": 4545810082, "nome": null, "tipo": "platform", "ref": null }, "geometry": { "type": "Point", "coordinates": [ -47.7937513, -15.6541488 ] } },
{ "type": "Feature", "properties": { "id_osm": 4545810083, "nome": null, "tipo": "platform", "ref": null }, "geometry": { "type": "Point", "coordinates": [ -47.7933667, -15.6541683 ] } },
{ "type": "Feature", "properties": { "id_osm": 4545810084, "nome": null, "tipo": "platform", "ref": null }, "geometry": { "type": "Point", "coordinates": [ -47.7948445, -15.6531795 ] } },
{ "type": "Feature", "properties": { "id_osm": 4545810085, "nome": null, "tipo": "platform", "ref": null }, "geometry": { "type": "Point", "coordinates": [ -47.7979661, -15.6533057 ] } },
{ "type": "Feature", "properties": { "id_osm": 4545810086, "nome": null, "tipo": "platform", "ref": null }, "geometry": { "type": "Point", "coordinates": [ -47.7986337, -15.6529697 ] } },
{ "type": "Feature", "properties": { "id_osm": 4545810087, "nome": "Rodoviária", "tipo": "platform", "ref": null }, "geometry": { "type": "Point", "coordinates": [ -47.7901658, -15.6524627 ] } },
{ "type": "Feature", "properties": { "id_osm": 4545810088, "nome": null, "tipo": "platform", "ref": null }, "geometry": { "type": "Point", "coordinates": [ -47.788736, -15.651988 ] } },
{ "type": "Feature", "properties": { "id_osm": 4607885837, "nome": null, "tipo": "bus_stop", "ref": null }, "geometry": { "type": "Point", "coordinates": [ -48.0009816, -15.8434241 ] } },
{ "type": "Feature", "properties": { "id_osm": 4607885838, "nome": null, "tipo": "bus_stop", "ref": null }, "geometry": { "type": "Point", "coordinates": [ -48.0015102, -15.8429522 ] } },
{ "type": "Feature", "properties": { "id_osm": 4642646894, "nome": null, "tipo": "bus_stop", "ref": null }, "geometry": { "type": "Point", "coordinates": [ -47.8218892, -15.8694546 ] } },
{ "type": "Feature", "properties": { "id_osm": 4642892153, "nome": null, "tipo": "bus_stop", "ref": null }, "geometry": { "type": "Point", "coordinates": [ -47.8224321, -15.8698474 ] } },
{ "type": "Feature", "properties": { "id_osm": 4643150493, "nome": null, "tipo": "platform", "ref": null }, "geometry": { "type": "Point", "coordinates": [ -47.928137, -15.8699482 ] } },
{ "type": "Feature", "properties": { "id_osm": 4643150494, "nome": null, "tipo": "bus_stop", "ref": null }, "geometry": { "type": "Point", "coordinates": [ -47.9279799, -15.8706612 ] } },
{ "type": "Feature", "properties": { "id_osm": 4643168094, "nome": null, "tipo": "platform", "ref": null }, "geometry": { "type": "Point", "coordinates": [ -47.9252094, -15.8689326 ] } },
{ "type": "Feature", "properties": { "id_osm": 4643168096, "nome": null, "tipo": "bus_stop", "ref": null }, "geometry": { "type": "Point", "coordinates": [ -47.931062, -15.8706326 ] } },
{ "type": "Feature", "properties": { "id_osm": 4647831824, "nome": null, "tipo": "platform", "ref": null }, "geometry": { "type": "Point", "coordinates": [ -47.9232107, -15.8720618 ] } },
{ "type": "Feature", "properties": { "id_osm": 4704242765, "nome": "Ponto do Boulevard Shopping", "tipo": "platform", "ref": null }, "geometry": { "type": "Point", "coordinates": [ -47.8979373, -15.7346518 ] } },
{ "type": "Feature", "properties": { "id_osm": 4726166999, "nome": null, "tipo": "bus_stop", "ref": null }, "geometry": { "type": "Point", "coordinates": [ -48.020797, -15.8875861 ] } },
{ "type": "Feature", "properties": { "id_osm": 4726167009, "nome": null, "tipo": "bus_stop", "ref": null }, "geometry": { "type": "Point", "coordinates": [ -48.0195552, -15.887403 ] } },
{ "type": "Feature", "properties": { "id_osm": 4726167014, "nome": null, "tipo": "bus_stop", "ref": null }, "geometry": { "type": "Point", "coordinates": [ -48.0160974, -15.883763 ] } },
{ "type": "Feature", "properties": { "id_osm": 4726167016, "nome": null, "tipo": "bus_stop", "ref": null }, "geometry": { "type": "Point", "coordinates": [ -48.015311, -15.8823469 ] } },
{ "type": "Feature", "properties": { "id_osm": 4726167021, "nome": null, "tipo": "bus_stop", "ref": null }, "geometry": { "type": "Point", "coordinates": [ -48.0194984, -15.8840326 ] } },
{ "type": "Feature", "properties": { "id_osm": 4726167022, "nome": null, "tipo": "bus_stop", "ref": null }, "geometry": { "type": "Point", "coordinates": [ -48.022005, -15.8850516 ] } },
{ "type": "Feature", "properties": { "id_osm": 4726167023, "nome": null, "tipo": "bus_stop", "ref": null }, "geometry": { "type": "Point", "coordinates": [ -48.0213169, -15.8863912 ] } },
{ "type": "Feature", "properties": { "id_osm": 4726189535, "nome": null, "tipo": "bus_stop", "ref": null }, "geometry": { "type": "Point", "coordinates": [ -48.0190761, -15.8775649 ] } },
{ "type": "Feature", "properties": { "id_osm": 4726189537, "nome": null, "tipo": "platform", "ref": null }, "geometry": { "type": "Point", "coordinates": [ -48.0020657, -15.8776564 ] } },
{ "type": "Feature", "properties": { "id_osm": 4726189538, "nome": null, "tipo": "bus_stop", "ref": null }, "geometry": { "type": "Point", "coordinates": [ -48.0026035, -15.877177 ] } },
{ "type": "Feature", "properties": { "id_osm": 4726189539, "nome": null, "tipo": "platform", "ref": null }, "geometry": { "type": "Point", "coordinates": [ -48.0050784, -15.8801668 ] } },
{ "type": "Feature", "properties": { "id_osm": 4726189540, "nome": null, "tipo": "bus_stop", "ref": null }, "geometry": { "type": "Point", "coordinates": [ -48.0004355, -15.8790375 ] } },
{ "type": "Feature", "properties": { "id_osm": 4727733853, "nome": "602/603 Norte", "tipo": "platform", "ref": null }, "geometry": { "type": "Point", "coordinates": [ -47.8739396, -15.7798242 ] } },
{ "type": "Feature", "properties": { "id_osm": 4729042849, "nome": null, "tipo": "bus_stop", "ref": null }, "geometry": { "type": "Point", "coordinates": [ -47.8359168, -15.7903485 ] } },
{ "type": "Feature", "properties": { "id_osm": 4729042850, "nome": null, "tipo": "bus_stop", "ref": null }, "geometry": { "type": "Point", "coordinates": [ -47.8320839, -15.7904233 ] } },
{ "type": "Feature", "properties": { "id_osm": 4810712109, "nome": null, "tipo": "bus_stop", "ref": null }, "geometry": { "type": "Point", "coordinates": [ -48.0226466, -16.0252628 ] } },
{ "type": "Feature", "properties": { "id_osm": 4810712110, "nome": null, "tipo": "bus_stop", "ref": null }, "geometry": { "type": "Point", "coordinates": [ -48.0196272, -16.0264639 ] } },
{ "type": "Feature", "properties": { "id_osm": 4810715271, "nome": null, "tipo": "platform", "ref": null }, "geometry": { "type": "Point", "coordinates": [ -47.9876786, -16.04926 ] } },
{ "type": "Feature", "properties": { "id_osm": 4810718118, "nome": null, "tipo": "bus_stop", "ref": null }, "geometry": { "type": "Point", "coordinates": [ -47.9807882, -16.0447582 ] } },
{ "type": "Feature", "properties": { "id_osm": 4810718311, "nome": null, "tipo": "bus_stop", "ref": null }, "geometry": { "type": "Point", "coordinates": [ -47.9803565, -16.0452019 ] } },
{ "type": "Feature", "properties": { "id_osm": 4823516035, "nome": "Faculdade de Saúde-FS/UnB", "tipo": "platform", "ref": "3544" }, "geometry": { "type": "Point", "coordinates": [ -47.8672029, -15.7696615 ] } },
{ "type": "Feature", "properties": { "id_osm": 4844849203, "nome": null, "tipo": "bus_stop", "ref": null }, "geometry": { "type": "Point", "coordinates": [ -48.0570657, -15.997111 ] } },
{ "type": "Feature", "properties": { "id_osm": 4844850309, "nome": null, "tipo": "bus_stop", "ref": null }, "geometry": { "type": "Point", "coordinates": [ -48.0572358, -15.9967838 ] } },
{ "type": "Feature", "properties": { "id_osm": 4844862662, "nome": null, "tipo": "bus_stop", "ref": null }, "geometry": { "type": "Point", "coordinates": [ -48.0541437, -15.9957061 ] } },
{ "type": "Feature", "properties": { "id_osm": 4956076239, "nome": "UPA - Samambaia", "tipo": "platform", "ref": "7628" }, "geometry": { "type": "Point", "coordinates": [ -48.0995708, -15.8838501 ] } },
{ "type": "Feature", "properties": { "id_osm": 4979625421, "nome": null, "tipo": "bus_stop", "ref": null }, "geometry": { "type": "Point", "coordinates": [ -47.7714821, -15.9063008 ] } },
{ "type": "Feature", "properties": { "id_osm": 4979626421, "nome": null, "tipo": "bus_stop", "ref": null }, "geometry": { "type": "Point", "coordinates": [ -47.771727, -15.9062401 ] } },
{ "type": "Feature", "properties": { "id_osm": 4983759667, "nome": null, "tipo": "bus_stop", "ref": null }, "geometry": { "type": "Point", "coordinates": [ -48.0073004, -16.0488356 ] } },
{ "type": "Feature", "properties": { "id_osm": 4990674252, "nome": null, "tipo": "bus_stop", "ref": null }, "geometry": { "type": "Point", "coordinates": [ -47.9807067, -15.8447914 ] } },
{ "type": "Feature", "properties": { "id_osm": 4990674261, "nome": null, "tipo": "bus_stop", "ref": null }, "geometry": { "type": "Point", "coordinates": [ -47.9782283, -15.8461396 ] } },
{ "type": "Feature", "properties": { "id_osm": 4990674311, "nome": null, "tipo": "bus_stop", "ref": null }, "geometry": { "type": "Point", "coordinates": [ -47.9686287, -15.8456235 ] } },
{ "type": "Feature", "properties": { "id_osm": 5005760525, "nome": "Av. Alagoas - EQNO 4/6", "tipo": "platform", "ref": null }, "geometry": { "type": "Point", "coordinates": [ -48.1226166, -15.7911614 ] } },
{ "type": "Feature", "properties": { "id_osm": 5045204645, "nome": null, "tipo": "bus_stop", "ref": null }, "geometry": { "type": "Point", "coordinates": [ -47.8670865, -15.7976893 ] } },
{ "type": "Feature", "properties": { "id_osm": 5141129675, "nome": null, "tipo": "bus_stop", "ref": null }, "geometry": { "type": "Point", "coordinates": [ -47.8773644, -15.8308233 ] } },
{ "type": "Feature", "properties": { "id_osm": 5141130237, "nome": null, "tipo": "bus_stop", "ref": null }, "geometry": { "type": "Point", "coordinates": [ -47.8743475, -15.8301084 ] } },
{ "type": "Feature", "properties": { "id_osm": 5141130238, "nome": null, "tipo": "bus_stop", "ref": null }, "geometry": { "type": "Point", "coordinates": [ -47.8770047, -15.8302108 ] } },
{ "type": "Feature", "properties": { "id_osm": 5141130250, "nome": null, "tipo": "bus_stop", "ref": null }, "geometry": { "type": "Point", "coordinates": [ -47.8811686, -15.8338148 ] } },
{ "type": "Feature", "properties": { "id_osm": 5144989290, "nome": null, "tipo": "platform", "ref": null }, "geometry": { "type": "Point", "coordinates": [ -47.9176491, -15.8369522 ] } },
{ "type": "Feature", "properties": { "id_osm": 5144989292, "nome": null, "tipo": "platform", "ref": null }, "geometry": { "type": "Point", "coordinates": [ -47.9147558, -15.8352673 ] } },
{ "type": "Feature", "properties": { "id_osm": 5144989297, "nome": null, "tipo": "platform", "ref": null }, "geometry": { "type": "Point", "coordinates": [ -47.9146765, -15.8348289 ] } },
{ "type": "Feature", "properties": { "id_osm": 5152480221, "nome": "line 128", "tipo": "platform", "ref": null }, "geometry": { "type": "Point", "coordinates": [ -47.9171017, -15.7398565 ] } },
{ "type": "Feature", "properties": { "id_osm": 5241154096, "nome": null, "tipo": "bus_stop", "ref": null }, "geometry": { "type": "Point", "coordinates": [ -47.9366675, -15.82057 ] } },
{ "type": "Feature", "properties": { "id_osm": 5244574261, "nome": null, "tipo": "stop_position", "ref": null }, "geometry": { "type": "Point", "coordinates": [ -47.9431604, -15.791863 ] } },
{ "type": "Feature", "properties": { "id_osm": 5244574262, "nome": null, "tipo": "platform", "ref": null }, "geometry": { "type": "Point", "coordinates": [ -47.9429989, -15.791909 ] } },
{ "type": "Feature", "properties": { "id_osm": 5245070926, "nome": null, "tipo": "stop_position", "ref": null }, "geometry": { "type": "Point", "coordinates": [ -47.9393351, -15.7789813 ] } },
{ "type": "Feature", "properties": { "id_osm": 5245075924, "nome": null, "tipo": "stop_position", "ref": null }, "geometry": { "type": "Point", "coordinates": [ -47.9394701, -15.7776792 ] } },
{ "type": "Feature", "properties": { "id_osm": 5246489630, "nome": null, "tipo": "platform", "ref": null }, "geometry": { "type": "Point", "coordinates": [ -47.9320836, -15.7772498 ] } },
{ "type": "Feature", "properties": { "id_osm": 5246532606, "nome": null, "tipo": "stop_position", "ref": null }, "geometry": { "type": "Point", "coordinates": [ -47.9272345, -15.7743062 ] } },
{ "type": "Feature", "properties": { "id_osm": 5246532607, "nome": null, "tipo": "platform", "ref": null }, "geometry": { "type": "Point", "coordinates": [ -47.9271745, -15.7743041 ] } },
{ "type": "Feature", "properties": { "id_osm": 5256791298, "nome": null, "tipo": "stop_position", "ref": null }, "geometry": { "type": "Point", "coordinates": [ -47.9302423, -15.7827993 ] } },
{ "type": "Feature", "properties": { "id_osm": 5256791320, "nome": null, "tipo": "stop_position", "ref": null }, "geometry": { "type": "Point", "coordinates": [ -47.9315163, -15.7870477 ] } },
{ "type": "Feature", "properties": { "id_osm": 5256808329, "nome": null, "tipo": "stop_position", "ref": null }, "geometry": { "type": "Point", "coordinates": [ -47.9327904, -15.790876 ] } },
{ "type": "Feature", "properties": { "id_osm": 5256808334, "nome": null, "tipo": "stop_position", "ref": null }, "geometry": { "type": "Point", "coordinates": [ -47.930376, -15.783796 ] } },
{ "type": "Feature", "properties": { "id_osm": 5277754181, "nome": null, "tipo": "platform", "ref": null }, "geometry": { "type": "Point", "coordinates": [ -47.9156008, -15.7894413 ] } },
{ "type": "Feature", "properties": { "id_osm": 5277754186, "nome": null, "tipo": "platform", "ref": null }, "geometry": { "type": "Point", "coordinates": [ -47.9152266, -15.7893809 ] } },
{ "type": "Feature", "properties": { "id_osm": 5277754218, "nome": "Memorial JK / Praça do Cruseiro", "tipo": "platform", "ref": null }, "geometry": { "type": "Point", "coordinates": [ -47.9129085, -15.7854384 ] } },
{ "type": "Feature", "properties": { "id_osm": 5277754239, "nome": null, "tipo": "platform", "ref": null }, "geometry": { "type": "Point", "coordinates": [ -47.9169399, -15.7841984 ] } },
{ "type": "Feature", "properties": { "id_osm": 5278554585, "nome": null, "tipo": "platform", "ref": null }, "geometry": { "type": "Point", "coordinates": [ -47.9091849, -15.7817029 ] } },
{ "type": "Feature", "properties": { "id_osm": 5278554586, "nome": null, "tipo": "stop_position", "ref": null }, "geometry": { "type": "Point", "coordinates": [ -47.9092702, -15.7817173 ] } },
{ "type": "Feature", "properties": { "id_osm": 5278635667, "nome": null, "tipo": "platform", "ref": null }, "geometry": { "type": "Point", "coordinates": [ -47.9055834, -15.788386 ] } },
{ "type": "Feature", "properties": { "id_osm": 5278635685, "nome": null, "tipo": "platform", "ref": null }, "geometry": { "type": "Point", "coordinates": [ -47.9102122, -15.7872561 ] } },
{ "type": "Feature", "properties": { "id_osm": 5280239562, "nome": null, "tipo": "platform", "ref": null }, "geometry": { "type": "Point", "coordinates": [ -47.9071491, -15.7850222 ] } },
{ "type": "Feature", "properties": { "id_osm": 5280438192, "nome": null, "tipo": "platform", "ref": null }, "geometry": { "type": "Point", "coordinates": [ -47.9101451, -15.7882221 ] } },
{ "type": "Feature", "properties": { "id_osm": 5280438194, "nome": null, "tipo": "platform", "ref": null }, "geometry": { "type": "Point", "coordinates": [ -47.9110792, -15.7910199 ] } },
{ "type": "Feature", "properties": { "id_osm": 5280943818, "nome": null, "tipo": "stop_position", "ref": null }, "geometry": { "type": "Point", "coordinates": [ -47.9103438, -15.7744346 ] } },
{ "type": "Feature", "properties": { "id_osm": 5280943819, "nome": null, "tipo": "platform", "ref": null }, "geometry": { "type": "Point", "coordinates": [ -47.9102504, -15.7744687 ] } },
{ "type": "Feature", "properties": { "id_osm": 5280948025, "nome": null, "tipo": "stop_position", "ref": null }, "geometry": { "type": "Point", "coordinates": [ -47.9101614, -15.7774317 ] } },
{ "type": "Feature", "properties": { "id_osm": 5280948026, "nome": null, "tipo": "platform", "ref": null }, "geometry": { "type": "Point", "coordinates": [ -47.9101083, -15.7774215 ] } },
{ "type": "Feature", "properties": { "id_osm": 5280948044, "nome": null, "tipo": "stop_position", "ref": null }, "geometry": { "type": "Point", "coordinates": [ -47.9095172, -15.7811039 ] } },
{ "type": "Feature", "properties": { "id_osm": 5280948060, "nome": null, "tipo": "stop_position", "ref": null }, "geometry": { "type": "Point", "coordinates": [ -47.9105782, -15.777941 ] } },
{ "type": "Feature", "properties": { "id_osm": 5280948092, "nome": null, "tipo": "stop_position", "ref": null }, "geometry": { "type": "Point", "coordinates": [ -47.9105275, -15.7741675 ] } },
{ "type": "Feature", "properties": { "id_osm": 5280948093, "nome": null, "tipo": "platform", "ref": null }, "geometry": { "type": "Point", "coordinates": [ -47.9106078, -15.7741486 ] } },
{ "type": "Feature", "properties": { "id_osm": 5299954516, "nome": "EPCT, km 80,7 norte", "tipo": "bus_stop", "ref": null }, "geometry": { "type": "Point", "coordinates": [ -48.0566909, -15.8013181 ] } },
{ "type": "Feature", "properties": { "id_osm": 5363894330, "nome": null, "tipo": "platform", "ref": null }, "geometry": { "type": "Point", "coordinates": [ -48.2037737, -15.6821991 ] } },
{ "type": "Feature", "properties": { "id_osm": 5363894331, "nome": null, "tipo": "platform", "ref": null }, "geometry": { "type": "Point", "coordinates": [ -48.2016084, -15.6819994 ] } },
{ "type": "Feature", "properties": { "id_osm": 5363894332, "nome": null, "tipo": "platform", "ref": null }, "geometry": { "type": "Point", "coordinates": [ -48.2015791, -15.6821916 ] } },
{ "type": "Feature", "properties": { "id_osm": 5363894334, "nome": null, "tipo": "platform", "ref": "1005" }, "geometry": { "type": "Point", "coordinates": [ -48.1977362, -15.6818628 ] } },
{ "type": "Feature", "properties": { "id_osm": 5363894335, "nome": null, "tipo": "platform", "ref": "1007" }, "geometry": { "type": "Point", "coordinates": [ -48.1971371, -15.6824883 ] } },
{ "type": "Feature", "properties": { "id_osm": 5363894336, "nome": null, "tipo": "platform", "ref": "1008" }, "geometry": { "type": "Point", "coordinates": [ -48.1962785, -15.6850096 ] } },
{ "type": "Feature", "properties": { "id_osm": 5363894337, "nome": null, "tipo": "platform", "ref": "1004" }, "geometry": { "type": "Point", "coordinates": [ -48.1961103, -15.6852312 ] } },
{ "type": "Feature", "properties": { "id_osm": 5363894338, "nome": null, "tipo": "platform", "ref": "1009" }, "geometry": { "type": "Point", "coordinates": [ -48.195782, -15.6865872 ] } },
{ "type": "Feature", "properties": { "id_osm": 5363894339, "nome": null, "tipo": "platform", "ref": "1003" }, "geometry": { "type": "Point", "coordinates": [ -48.195668, -15.6865062 ] } },
{ "type": "Feature", "properties": { "id_osm": 5363894340, "nome": null, "tipo": "platform", "ref": "1011" }, "geometry": { "type": "Point", "coordinates": [ -48.1937814, -15.6864864 ] } },
{ "type": "Feature", "properties": { "id_osm": 5363894341, "nome": null, "tipo": "platform", "ref": "1010" }, "geometry": { "type": "Point", "coordinates": [ -48.1935158, -15.6864791 ] } },
{ "type": "Feature", "properties": { "id_osm": 5363894342, "nome": null, "tipo": "platform", "ref": "1012" }, "geometry": { "type": "Point", "coordinates": [ -48.1932082, -15.6838177 ] } },
{ "type": "Feature", "properties": { "id_osm": 5363894343, "nome": null, "tipo": "platform", "ref": null }, "geometry": { "type": "Point", "coordinates": [ -48.1945209, -15.6797733 ] } },
{ "type": "Feature", "properties": { "id_osm": 5363894344, "nome": "QD Setro Norte 3", "tipo": "platform", "ref": "1038" }, "geometry": { "type": "Point", "coordinates": [ -48.1947281, -15.6798535 ] } },
{ "type": "Feature", "properties": { "id_osm": 5363894345, "nome": null, "tipo": "platform", "ref": null }, "geometry": { "type": "Point", "coordinates": [ -48.1953652, -15.6772228 ] } },
{ "type": "Feature", "properties": { "id_osm": 5363894346, "nome": "QD Setor Norte 5", "tipo": "platform", "ref": "1037" }, "geometry": { "type": "Point", "coordinates": [ -48.1956698, -15.6760054 ] } },
{ "type": "Feature", "properties": { "id_osm": 5363894347, "nome": "QD Setor Norte 10", "tipo": "platform", "ref": "1036" }, "geometry": { "type": "Point", "coordinates": [ -48.1958054, -15.6737161 ] } },
{ "type": "Feature", "properties": { "id_osm": 5363894348, "nome": null, "tipo": "platform", "ref": null }, "geometry": { "type": "Point", "coordinates": [ -48.1957003, -15.6732251 ] } },
{ "type": "Feature", "properties": { "id_osm": 5363894349, "nome": "Vila N 8", "tipo": "platform", "ref": "1035" }, "geometry": { "type": "Point", "coordinates": [ -48.1940303, -15.6723649 ] } },
{ "type": "Feature", "properties": { "id_osm": 5363894350, "nome": null, "tipo": "platform", "ref": null }, "geometry": { "type": "Point", "coordinates": [ -48.1929934, -15.6724451 ] } },
{ "type": "Feature", "properties": { "id_osm": 5363894351, "nome": null, "tipo": "platform", "ref": null }, "geometry": { "type": "Point", "coordinates": [ -48.1913588, -15.6710442 ] } },
{ "type": "Feature", "properties": { "id_osm": 5363894352, "nome": "Rua A", "tipo": "platform", "ref": "1034" }, "geometry": { "type": "Point", "coordinates": [ -48.1917192, -15.6700692 ] } },
{ "type": "Feature", "properties": { "id_osm": 5363894353, "nome": "Via São José 34", "tipo": "platform", "ref": "6898" }, "geometry": { "type": "Point", "coordinates": [ -48.1906014, -15.6660929 ] } },
{ "type": "Feature", "properties": { "id_osm": 5363894354, "nome": null, "tipo": "platform", "ref": null }, "geometry": { "type": "Point", "coordinates": [ -48.1903395, -15.665994 ] } },
{ "type": "Feature", "properties": { "id_osm": 5363894355, "nome": null, "tipo": "platform", "ref": null }, "geometry": { "type": "Point", "coordinates": [ -48.190113, -15.6642152 ] } },
{ "type": "Feature", "properties": { "id_osm": 5363894356, "nome": "Proximo da giratoria", "tipo": "platform", "ref": "6376" }, "geometry": { "type": "Point", "coordinates": [ -48.1908354, -15.6616009 ] } },
{ "type": "Feature", "properties": { "id_osm": 5363894357, "nome": null, "tipo": "platform", "ref": null }, "geometry": { "type": "Point", "coordinates": [ -48.1909259, -15.6613354 ] } },
{ "type": "Feature", "properties": { "id_osm": 5363894358, "nome": "Via São José QD45", "tipo": "platform", "ref": "6326" }, "geometry": { "type": "Point", "coordinates": [ -48.1930498, -15.6612521 ] } },
{ "type": "Feature", "properties": { "id_osm": 5363894359, "nome": "Avenida Central - Top Saúde", "tipo": "platform", "ref": "1033" }, "geometry": { "type": "Point", "coordinates": [ -48.1955167, -15.6633092 ] } },
{ "type": "Feature", "properties": { "id_osm": 5363894360, "nome": "Avenida Central - Quiosque", "tipo": "platform", "ref": "1018" }, "geometry": { "type": "Point", "coordinates": [ -48.1946272, -15.6633266 ] } },
{ "type": "Feature", "properties": { "id_osm": 5363894361, "nome": "Vila São José Conjunto C", "tipo": "platform", "ref": "6322" }, "geometry": { "type": "Point", "coordinates": [ -48.1950995, -15.6577561 ] } },
{ "type": "Feature", "properties": { "id_osm": 5363894366, "nome": null, "tipo": "platform", "ref": null }, "geometry": { "type": "Point", "coordinates": [ -48.1970323, -15.6573367 ] } },
{ "type": "Feature", "properties": { "id_osm": 5363894367, "nome": "Vila São José QD47 Conjunto H", "tipo": "platform", "ref": "6323" }, "geometry": { "type": "Point", "coordinates": [ -48.19757, -15.6575221 ] } },
{ "type": "Feature", "properties": { "id_osm": 5363894369, "nome": null, "tipo": "platform", "ref": null }, "geometry": { "type": "Point", "coordinates": [ -48.200396, -15.6628805 ] } },
{ "type": "Feature", "properties": { "id_osm": 5363894370, "nome": null, "tipo": "platform", "ref": null }, "geometry": { "type": "Point", "coordinates": [ -48.1993445, -15.6620316 ] } },
{ "type": "Feature", "properties": { "id_osm": 5363894371, "nome": null, "tipo": "platform", "ref": null }, "geometry": { "type": "Point", "coordinates": [ -48.2003716, -15.6661686 ] } },
{ "type": "Feature", "properties": { "id_osm": 5363894372, "nome": "QD5 - Panificadora estrela", "tipo": "platform", "ref": "1029" }, "geometry": { "type": "Point", "coordinates": [ -48.2001114, -15.6661178 ] } },
{ "type": "Feature", "properties": { "id_osm": 5363894373, "nome": "QD3 QD5 - Funeraria Pax", "tipo": "platform", "ref": "1028" }, "geometry": { "type": "Point", "coordinates": [ -48.2001317, -15.6683098 ] } },
{ "type": "Feature", "properties": { "id_osm": 5363894374, "nome": null, "tipo": "platform", "ref": null }, "geometry": { "type": "Point", "coordinates": [ -48.2008391, -15.6696564 ] } },
{ "type": "Feature", "properties": { "id_osm": 5363894375, "nome": "Q1 Q2 - Campo de futebol", "tipo": "platform", "ref": "1027" }, "geometry": { "type": "Point", "coordinates": [ -48.2007046, -15.6714509 ] } },
{ "type": "Feature", "properties": { "id_osm": 5363894376, "nome": null, "tipo": "platform", "ref": null }, "geometry": { "type": "Point", "coordinates": [ -48.2009814, -15.6726078 ] } },
{ "type": "Feature", "properties": { "id_osm": 5363894377, "nome": null, "tipo": "platform", "ref": null }, "geometry": { "type": "Point", "coordinates": [ -48.2045103, -15.6749529 ] } },
{ "type": "Feature", "properties": { "id_osm": 5369342913, "nome": null, "tipo": "platform", "ref": null }, "geometry": { "type": "Point", "coordinates": [ -48.0754789, -15.8616234 ] } },
{ "type": "Feature", "properties": { "id_osm": 5369342914, "nome": null, "tipo": "platform", "ref": null }, "geometry": { "type": "Point", "coordinates": [ -48.0753408, -15.8621049 ] } },
{ "type": "Feature", "properties": { "id_osm": 5369342915, "nome": null, "tipo": "platform", "ref": null }, "geometry": { "type": "Point", "coordinates": [ -48.0723421, -15.86072 ] } },
{ "type": "Feature", "properties": { "id_osm": 5369342916, "nome": null, "tipo": "platform", "ref": null }, "geometry": { "type": "Point", "coordinates": [ -48.0719679, -15.8599666 ] } },
{ "type": "Feature", "properties": { "id_osm": 5369342917, "nome": null, "tipo": "platform", "ref": null }, "geometry": { "type": "Point", "coordinates": [ -48.0778956, -15.8627422 ] } },
{ "type": "Feature", "properties": { "id_osm": 5369342918, "nome": null, "tipo": "platform", "ref": null }, "geometry": { "type": "Point", "coordinates": [ -48.0780874, -15.863373 ] } },
{ "type": "Feature", "properties": { "id_osm": 5369342919, "nome": null, "tipo": "platform", "ref": null }, "geometry": { "type": "Point", "coordinates": [ -48.0809574, -15.865459 ] } },
{ "type": "Feature", "properties": { "id_osm": 5369342920, "nome": null, "tipo": "platform", "ref": null }, "geometry": { "type": "Point", "coordinates": [ -48.0814791, -15.8651687 ] } },
{ "type": "Feature", "properties": { "id_osm": 5369343221, "nome": null, "tipo": "platform", "ref": null }, "geometry": { "type": "Point", "coordinates": [ -48.0829569, -15.8670102 ] } },
{ "type": "Feature", "properties": { "id_osm": 5369343222, "nome": null, "tipo": "platform", "ref": null }, "geometry": { "type": "Point", "coordinates": [ -48.0861347, -15.868911 ] } },
{ "type": "Feature", "properties": { "id_osm": 5369343223, "nome": null, "tipo": "platform", "ref": null }, "geometry": { "type": "Point", "coordinates": [ -48.0886908, -15.8700875 ] } },
{ "type": "Feature", "properties": { "id_osm": 5369343224, "nome": null, "tipo": "platform", "ref": null }, "geometry": { "type": "Point", "coordinates": [ -48.0888156, -15.8695792 ] } },
{ "type": "Feature", "properties": { "id_osm": 5369343225, "nome": null, "tipo": "platform", "ref": null }, "geometry": { "type": "Point", "coordinates": [ -48.0706637, -15.8564538 ] } },
{ "type": "Feature", "properties": { "id_osm": 5369343226, "nome": null, "tipo": "platform", "ref": null }, "geometry": { "type": "Point", "coordinates": [ -48.0701514, -15.8562293 ] } },
{ "type": "Feature", "properties": { "id_osm": 5369360469, "nome": null, "tipo": "platform", "ref": null }, "geometry": { "type": "Point", "coordinates": [ -48.0680774, -15.8587298 ] } },
{ "type": "Feature", "properties": { "id_osm": 5381394869, "nome": null, "tipo": "platform", "ref": null }, "geometry": { "type": "Point", "coordinates": [ -48.1031925, -15.6757173 ] } },
{ "type": "Feature", "properties": { "id_osm": 5381394870, "nome": null, "tipo": "platform", "ref": null }, "geometry": { "type": "Point", "coordinates": [ -48.1027784, -15.6757531 ] } },
{ "type": "Feature", "properties": { "id_osm": 5381394892, "nome": null, "tipo": "platform", "ref": null }, "geometry": { "type": "Point", "coordinates": [ -48.0883501, -15.6968988 ] } },
{ "type": "Feature", "properties": { "id_osm": 5415142141, "nome": null, "tipo": "platform", "ref": null }, "geometry": { "type": "Point", "coordinates": [ -47.8545498, -15.7926544 ] } },
{ "type": "Feature", "properties": { "id_osm": 5415142142, "nome": "Avenida JK (Centro Espírita/Igreja Universal)", "tipo": "platform", "ref": null }, "geometry": { "type": "Point", "coordinates": [ -47.8512957, -15.7951784 ] } },
{ "type": "Feature", "properties": { "id_osm": 5416932725, "nome": null, "tipo": "platform", "ref": null }, "geometry": { "type": "Point", "coordinates": [ -47.8473537, -15.7943678 ] } },
{ "type": "Feature", "properties": { "id_osm": 5416932726, "nome": null, "tipo": "platform", "ref": null }, "geometry": { "type": "Point", "coordinates": [ -47.8463755, -15.7935258 ] } },
{ "type": "Feature", "properties": { "id_osm": 5423043274, "nome": null, "tipo": "platform", "ref": null }, "geometry": { "type": "Point", "coordinates": [ -47.8534677, -15.7946286 ] } },
{ "type": "Feature", "properties": { "id_osm": 5423043275, "nome": null, "tipo": "platform", "ref": null }, "geometry": { "type": "Point", "coordinates": [ -47.8456777, -15.7897205 ] } },
{ "type": "Feature", "properties": { "id_osm": 5423043276, "nome": null, "tipo": "platform", "ref": null }, "geometry": { "type": "Point", "coordinates": [ -47.8467378, -15.7900761 ] } },
{ "type": "Feature", "properties": { "id_osm": 5423043277, "nome": null, "tipo": "platform", "ref": null }, "geometry": { "type": "Point", "coordinates": [ -47.8516906, -15.7896319 ] } },
{ "type": "Feature", "properties": { "id_osm": 5423043278, "nome": null, "tipo": "platform", "ref": null }, "geometry": { "type": "Point", "coordinates": [ -47.85274, -15.7899985 ] } },
{ "type": "Feature", "properties": { "id_osm": 5423043279, "nome": "Avenida JK (Próximo ao Centro de Saúde)", "tipo": "platform", "ref": null }, "geometry": { "type": "Point", "coordinates": [ -47.8485502, -15.7959479 ] } },
{ "type": "Feature", "properties": { "id_osm": 5425806328, "nome": null, "tipo": "platform", "ref": null }, "geometry": { "type": "Point", "coordinates": [ -47.972248, -15.8399389 ] } },
{ "type": "Feature", "properties": { "id_osm": 5505831315, "nome": "Igreja do Evangélio", "tipo": "platform", "ref": null }, "geometry": { "type": "Point", "coordinates": [ -48.0405352, -15.8119614 ] } },
{ "type": "Feature", "properties": { "id_osm": 5633376491, "nome": "Parada do Parque Olhos D´Água", "tipo": "platform", "ref": null }, "geometry": { "type": "Point", "coordinates": [ -47.8865931, -15.7432243 ] } },
{ "type": "Feature", "properties": { "id_osm": 5818552133, "nome": "Parada 09", "tipo": "platform", "ref": null }, "geometry": { "type": "Point", "coordinates": [ -48.0315633, -16.0710471 ] } },
{ "type": "Feature", "properties": { "id_osm": 5852017450, "nome": "ICC Norte/PAT/PJC (Sentido BCE)", "tipo": "platform", "ref": null }, "geometry": { "type": "Point", "coordinates": [ -47.8701619, -15.7600141 ] } },
{ "type": "Feature", "properties": { "id_osm": 5861168790, "nome": null, "tipo": "platform", "ref": null }, "geometry": { "type": "Point", "coordinates": [ -48.0127081, -15.8823895 ] } },
{ "type": "Feature", "properties": { "id_osm": 5868777785, "nome": "Taguatinga shopping", "tipo": "platform", "ref": null }, "geometry": { "type": "Point", "coordinates": [ -48.0455312, -15.8420929 ] } },
{ "type": "Feature", "properties": { "id_osm": 5900054177, "nome": "Av. Tancredo Neves - QNM 10, Conjunto G", "tipo": "platform", "ref": null }, "geometry": { "type": "Point", "coordinates": [ -48.1167696, -15.7976374 ] } },
{ "type": "Feature", "properties": { "id_osm": 5946031558, "nome": null, "tipo": "platform", "ref": null }, "geometry": { "type": "Point", "coordinates": [ -47.835128, -15.6812717 ] } },
{ "type": "Feature", "properties": { "id_osm": 5961891257, "nome": null, "tipo": "platform", "ref": null }, "geometry": { "type": "Point", "coordinates": [ -48.1334478, -15.8393495 ] } },
{ "type": "Feature", "properties": { "id_osm": 5963009885, "nome": null, "tipo": "bus_stop", "ref": null }, "geometry": { "type": "Point", "coordinates": [ -48.008091, -15.877226 ] } },
{ "type": "Feature", "properties": { "id_osm": 5994270954, "nome": null, "tipo": "platform", "ref": null }, "geometry": { "type": "Point", "coordinates": [ -48.1224457, -15.8059947 ] } },
{ "type": "Feature", "properties": { "id_osm": 6285063485, "nome": null, "tipo": "bus_stop", "ref": null }, "geometry": { "type": "Point", "coordinates": [ -48.0051135, -15.8763024 ] } },
{ "type": "Feature", "properties": { "id_osm": 6297940982, "nome": "Ponto de ônibus", "tipo": "platform", "ref": null }, "geometry": { "type": "Point", "coordinates": [ -47.3355067, -15.540861 ] } },
{ "type": "Feature", "properties": { "id_osm": 6297941142, "nome": "Ponto de ônibus", "tipo": "stop_position", "ref": null }, "geometry": { "type": "Point", "coordinates": [ -47.3376252, -15.5450555 ] } },
{ "type": "Feature", "properties": { "id_osm": 6297942096, "nome": "ponto de ônibus", "tipo": "stop_position", "ref": null }, "geometry": { "type": "Point", "coordinates": [ -47.3378039, -15.5393533 ] } },
{ "type": "Feature", "properties": { "id_osm": 6297943413, "nome": "ponto de ônibus", "tipo": "stop_position", "ref": null }, "geometry": { "type": "Point", "coordinates": [ -47.3378036, -15.5394584 ] } },
{ "type": "Feature", "properties": { "id_osm": 6297950771, "nome": "ponto de ônibus", "tipo": "stop_position", "ref": null }, "geometry": { "type": "Point", "coordinates": [ -47.3281122, -15.5617144 ] } },
{ "type": "Feature", "properties": { "id_osm": 6297955206, "nome": "ponto de ônibus", "tipo": "stop_position", "ref": null }, "geometry": { "type": "Point", "coordinates": [ -47.3282379, -15.5618312 ] } },
{ "type": "Feature", "properties": { "id_osm": 6372992339, "nome": null, "tipo": "platform", "ref": null }, "geometry": { "type": "Point", "coordinates": [ -47.9740523, -16.0546718 ] } },
{ "type": "Feature", "properties": { "id_osm": 6372992341, "nome": null, "tipo": "platform", "ref": null }, "geometry": { "type": "Point", "coordinates": [ -47.9775392, -16.0541562 ] } },
{ "type": "Feature", "properties": { "id_osm": 6379868803, "nome": null, "tipo": "platform", "ref": null }, "geometry": { "type": "Point", "coordinates": [ -48.1178119, -15.824526 ] } },
{ "type": "Feature", "properties": { "id_osm": 6379868805, "nome": null, "tipo": "platform", "ref": null }, "geometry": { "type": "Point", "coordinates": [ -47.9745427, -15.7932176 ] } },
{ "type": "Feature", "properties": { "id_osm": 6379868806, "nome": null, "tipo": "platform", "ref": null }, "geometry": { "type": "Point", "coordinates": [ -47.9808222, -15.7903714 ] } },
{ "type": "Feature", "properties": { "id_osm": 6379868807, "nome": null, "tipo": "platform", "ref": null }, "geometry": { "type": "Point", "coordinates": [ -47.9806982, -15.790063 ] } },
{ "type": "Feature", "properties": { "id_osm": 6379868808, "nome": null, "tipo": "platform", "ref": null }, "geometry": { "type": "Point", "coordinates": [ -47.9805265, -15.7901226 ] } },
{ "type": "Feature", "properties": { "id_osm": 6379868818, "nome": null, "tipo": "platform", "ref": null }, "geometry": { "type": "Point", "coordinates": [ -47.9777284, -15.7882551 ] } },
{ "type": "Feature", "properties": { "id_osm": 6379868819, "nome": null, "tipo": "platform", "ref": null }, "geometry": { "type": "Point", "coordinates": [ -47.9751403, -15.7889074 ] } },
{ "type": "Feature", "properties": { "id_osm": 6379868824, "nome": null, "tipo": "platform", "ref": null }, "geometry": { "type": "Point", "coordinates": [ -47.9698747, -15.7928845 ] } },
{ "type": "Feature", "properties": { "id_osm": 6379868833, "nome": null, "tipo": "platform", "ref": null }, "geometry": { "type": "Point", "coordinates": [ -48.1169937, -15.8281059 ] } },
{ "type": "Feature", "properties": { "id_osm": 6379868838, "nome": null, "tipo": "platform", "ref": null }, "geometry": { "type": "Point", "coordinates": [ -48.1166749, -15.8280229 ] } },
{ "type": "Feature", "properties": { "id_osm": 6379875684, "nome": null, "tipo": "platform", "ref": null }, "geometry": { "type": "Point", "coordinates": [ -48.0488728, -15.9174798 ] } },
{ "type": "Feature", "properties": { "id_osm": 6379877712, "nome": null, "tipo": "platform", "ref": null }, "geometry": { "type": "Point", "coordinates": [ -48.1215012, -15.8192487 ] } },
{ "type": "Feature", "properties": { "id_osm": 6379877713, "nome": null, "tipo": "platform", "ref": null }, "geometry": { "type": "Point", "coordinates": [ -48.1213081, -15.8189778 ] } },
{ "type": "Feature", "properties": { "id_osm": 6379877714, "nome": null, "tipo": "platform", "ref": null }, "geometry": { "type": "Point", "coordinates": [ -48.1195647, -15.8239506 ] } },
{ "type": "Feature", "properties": { "id_osm": 6379878393, "nome": null, "tipo": "platform", "ref": null }, "geometry": { "type": "Point", "coordinates": [ -48.0474808, -15.9153968 ] } },
{ "type": "Feature", "properties": { "id_osm": 6382545523, "nome": null, "tipo": "platform", "ref": null }, "geometry": { "type": "Point", "coordinates": [ -47.8228162, -15.6755537 ] } },
{ "type": "Feature", "properties": { "id_osm": 6382545524, "nome": null, "tipo": "platform", "ref": null }, "geometry": { "type": "Point", "coordinates": [ -47.8230047, -15.6746396 ] } },
{ "type": "Feature", "properties": { "id_osm": 6382545525, "nome": null, "tipo": "platform", "ref": null }, "geometry": { "type": "Point", "coordinates": [ -47.8347125, -15.6802562 ] } },
{ "type": "Feature", "properties": { "id_osm": 6382545526, "nome": null, "tipo": "platform", "ref": null }, "geometry": { "type": "Point", "coordinates": [ -47.8427828, -15.6829432 ] } },
{ "type": "Feature", "properties": { "id_osm": 6382545527, "nome": null, "tipo": "platform", "ref": null }, "geometry": { "type": "Point", "coordinates": [ -47.8479747, -15.6845982 ] } },
{ "type": "Feature", "properties": { "id_osm": 6382545528, "nome": null, "tipo": "platform", "ref": null }, "geometry": { "type": "Point", "coordinates": [ -47.8591657, -15.6870841 ] } },
{ "type": "Feature", "properties": { "id_osm": 6414095507, "nome": null, "tipo": "platform", "ref": null }, "geometry": { "type": "Point", "coordinates": [ -47.8816973, -15.7585777 ] } },
{ "type": "Feature", "properties": { "id_osm": 6414095508, "nome": null, "tipo": "platform", "ref": null }, "geometry": { "type": "Point", "coordinates": [ -47.8842563, -15.759063 ] } },
{ "type": "Feature", "properties": { "id_osm": 6414095509, "nome": null, "tipo": "platform", "ref": null }, "geometry": { "type": "Point", "coordinates": [ -47.882673, -15.7555002 ] } },
{ "type": "Feature", "properties": { "id_osm": 6414095512, "nome": null, "tipo": "platform", "ref": null }, "geometry": { "type": "Point", "coordinates": [ -47.893602, -15.8488257 ] } },
{ "type": "Feature", "properties": { "id_osm": 6456334021, "nome": null, "tipo": "platform", "ref": null }, "geometry": { "type": "Point", "coordinates": [ -48.0084191, -16.0103533 ] } },
{ "type": "Feature", "properties": { "id_osm": 6460505470, "nome": "114 Sul", "tipo": "stop_position", "ref": null }, "geometry": { "type": "Point", "coordinates": [ -47.9204744, -15.8302897 ] } },
{ "type": "Feature", "properties": { "id_osm": 6460505471, "nome": "114 Sul", "tipo": "stop_position", "ref": null }, "geometry": { "type": "Point", "coordinates": [ -47.9195521, -15.8314926 ] } },
{ "type": "Feature", "properties": { "id_osm": 6460505472, "nome": null, "tipo": "stop_position", "ref": null }, "geometry": { "type": "Point", "coordinates": [ -47.9150151, -15.8264168 ] } },
{ "type": "Feature", "properties": { "id_osm": 6460505473, "nome": "112 Sul", "tipo": "platform", "ref": null }, "geometry": { "type": "Point", "coordinates": [ -47.9141589, -15.8276348 ] } },
{ "type": "Feature", "properties": { "id_osm": 6460706858, "nome": null, "tipo": "stop_position", "ref": "4987" }, "geometry": { "type": "Point", "coordinates": [ -48.0471638, -15.8383483 ] } },
{ "type": "Feature", "properties": { "id_osm": 6465365947, "nome": null, "tipo": "platform", "ref": null }, "geometry": { "type": "Point", "coordinates": [ -48.1225079, -15.846141 ] } },
{ "type": "Feature", "properties": { "id_osm": 6465365948, "nome": null, "tipo": "platform", "ref": null }, "geometry": { "type": "Point", "coordinates": [ -48.1223108, -15.8457945 ] } },
{ "type": "Feature", "properties": { "id_osm": 6465365951, "nome": null, "tipo": "platform", "ref": null }, "geometry": { "type": "Point", "coordinates": [ -48.1259106, -15.841646 ] } },
{ "type": "Feature", "properties": { "id_osm": 6465365952, "nome": null, "tipo": "platform", "ref": null }, "geometry": { "type": "Point", "coordinates": [ -48.1257354, -15.8413328 ] } },
{ "type": "Feature", "properties": { "id_osm": 6465365955, "nome": null, "tipo": "platform", "ref": null }, "geometry": { "type": "Point", "coordinates": [ -48.1243115, -15.8437108 ] } },
{ "type": "Feature", "properties": { "id_osm": 6470485873, "nome": "Saída da L2 Norte", "tipo": "platform", "ref": "3460" }, "geometry": { "type": "Point", "coordinates": [ -47.8756537, -15.7940318 ] } },
{ "type": "Feature", "properties": { "id_osm": 6470485874, "nome": "L2 Norte - DNIT", "tipo": "platform", "ref": "3460" }, "geometry": { "type": "Point", "coordinates": [ -47.8746217, -15.7909627 ] } },
{ "type": "Feature", "properties": { "id_osm": 6471666099, "nome": "408 Sul", "tipo": "platform", "ref": null }, "geometry": { "type": "Point", "coordinates": [ -47.8988877, -15.8234249 ] } },
{ "type": "Feature", "properties": { "id_osm": 6473694908, "nome": null, "tipo": "platform", "ref": null }, "geometry": { "type": "Point", "coordinates": [ -47.8013222, -15.657025 ] } },
{ "type": "Feature", "properties": { "id_osm": 6473815120, "nome": "Parada de õnibus Qnl 30 via Hélio Prates", "tipo": "platform", "ref": null }, "geometry": { "type": "Point", "coordinates": [ -48.0951377, -15.8126506 ] } },
{ "type": "Feature", "properties": { "id_osm": 6474232412, "nome": "Parada de onibus", "tipo": "platform", "ref": null }, "geometry": { "type": "Point", "coordinates": [ -47.8252836, -15.6405439 ] } },
{ "type": "Feature", "properties": { "id_osm": 6474232421, "nome": "Parada de onibus", "tipo": "stop_position", "ref": null }, "geometry": { "type": "Point", "coordinates": [ -47.8252841, -15.6406747 ] } },
{ "type": "Feature", "properties": { "id_osm": 6474234594, "nome": null, "tipo": "platform", "ref": null }, "geometry": { "type": "Point", "coordinates": [ -48.0960768, -15.8126467 ] } },
{ "type": "Feature", "properties": { "id_osm": 6474234595, "nome": "Parada de ônibus", "tipo": "platform", "ref": null }, "geometry": { "type": "Point", "coordinates": [ -48.0990776, -15.8146832 ] } },
{ "type": "Feature", "properties": { "id_osm": 6474234596, "nome": "1604", "tipo": "platform", "ref": null }, "geometry": { "type": "Point", "coordinates": [ -48.099435, -15.8144401 ] } },
{ "type": "Feature", "properties": { "id_osm": 6474234597, "nome": "6882 JK Shopping", "tipo": "platform", "ref": "Sentido Ceilândia" }, "geometry": { "type": "Point", "coordinates": [ -48.0937515, -15.8115076 ] } },
{ "type": "Feature", "properties": { "id_osm": 6474234598, "nome": "Parada de ônibus JK Shopping", "tipo": "platform", "ref": "Sentido Samambaia" }, "geometry": { "type": "Point", "coordinates": [ -48.0922493, -15.8113747 ] } },
{ "type": "Feature", "properties": { "id_osm": 6562137802, "nome": "Ponto de Onibus", "tipo": "platform", "ref": null }, "geometry": { "type": "Point", "coordinates": [ -47.8612931, -15.5863319 ] } },
{ "type": "Feature", "properties": { "id_osm": 6562137803, "nome": "Ponto de onibus", "tipo": "platform", "ref": null }, "geometry": { "type": "Point", "coordinates": [ -47.8610997, -15.5863958 ] } },
{ "type": "Feature", "properties": { "id_osm": 6562137804, "nome": "Ponto de onibus", "tipo": "platform", "ref": null }, "geometry": { "type": "Point", "coordinates": [ -47.8643785, -15.587414 ] } },
{ "type": "Feature", "properties": { "id_osm": 6562137805, "nome": "Ponto de Onibus", "tipo": "platform", "ref": null }, "geometry": { "type": "Point", "coordinates": [ -47.8637178, -15.5873161 ] } },
{ "type": "Feature", "properties": { "id_osm": 6562137806, "nome": "Ponto de onibus", "tipo": "platform", "ref": null }, "geometry": { "type": "Point", "coordinates": [ -47.8660636, -15.5884713 ] } },
{ "type": "Feature", "properties": { "id_osm": 6562137808, "nome": "Ponto de onibus", "tipo": "platform", "ref": null }, "geometry": { "type": "Point", "coordinates": [ -47.8683928, -15.5897475 ] } },
{ "type": "Feature", "properties": { "id_osm": 6562137809, "nome": "Ponto de onibus", "tipo": "platform", "ref": null }, "geometry": { "type": "Point", "coordinates": [ -47.8694155, -15.5900579 ] } },
{ "type": "Feature", "properties": { "id_osm": 6571212622, "nome": null, "tipo": "platform", "ref": null }, "geometry": { "type": "Point", "coordinates": [ -47.9818979, -16.0545061 ] } },
{ "type": "Feature", "properties": { "id_osm": 6571212623, "nome": null, "tipo": "platform", "ref": null }, "geometry": { "type": "Point", "coordinates": [ -47.9819361, -16.0544453 ] } },
{ "type": "Feature", "properties": { "id_osm": 6611205929, "nome": null, "tipo": "platform", "ref": null }, "geometry": { "type": "Point", "coordinates": [ -48.1182136, -15.8595765 ] } },
{ "type": "Feature", "properties": { "id_osm": 6611205931, "nome": null, "tipo": "platform", "ref": null }, "geometry": { "type": "Point", "coordinates": [ -48.1217149, -15.8573391 ] } },
{ "type": "Feature", "properties": { "id_osm": 6611205932, "nome": null, "tipo": "platform", "ref": null }, "geometry": { "type": "Point", "coordinates": [ -48.1169055, -15.859018 ] } },
{ "type": "Feature", "properties": { "id_osm": 6715932189, "nome": null, "tipo": "platform", "ref": null }, "geometry": { "type": "Point", "coordinates": [ -48.1627802, -15.7309721 ] } },
{ "type": "Feature", "properties": { "id_osm": 6715932190, "nome": null, "tipo": "platform", "ref": null }, "geometry": { "type": "Point", "coordinates": [ -48.162284, -15.7311838 ] } },
{ "type": "Feature", "properties": { "id_osm": 6883312987, "nome": null, "tipo": "platform", "ref": null }, "geometry": { "type": "Point", "coordinates": [ -48.0340288, -16.0398013 ] } },
{ "type": "Feature", "properties": { "id_osm": 6905521026, "nome": "Parada de ônibus", "tipo": "platform", "ref": null }, "geometry": { "type": "Point", "coordinates": [ -48.0722227, -15.8736998 ] } },
{ "type": "Feature", "properties": { "id_osm": 6925797634, "nome": null, "tipo": "platform", "ref": null }, "geometry": { "type": "Point", "coordinates": [ -47.9894968, -15.9928075 ] } },
{ "type": "Feature", "properties": { "id_osm": 6925797635, "nome": null, "tipo": "platform", "ref": null }, "geometry": { "type": "Point", "coordinates": [ -47.9881359, -15.9924534 ] } },
{ "type": "Feature", "properties": { "id_osm": 6925797636, "nome": null, "tipo": "platform", "ref": null }, "geometry": { "type": "Point", "coordinates": [ -47.9893066, -15.9950457 ] } },
{ "type": "Feature", "properties": { "id_osm": 6925797637, "nome": "ponto de onibus", "tipo": "platform", "ref": null }, "geometry": { "type": "Point", "coordinates": [ -47.9907699, -15.9938818 ] } },
{ "type": "Feature", "properties": { "id_osm": 6925797638, "nome": "ponto de onibus", "tipo": "platform", "ref": null }, "geometry": { "type": "Point", "coordinates": [ -47.9947449, -15.9941293 ] } },
{ "type": "Feature", "properties": { "id_osm": 6925797639, "nome": "ponto de onibus", "tipo": "platform", "ref": null }, "geometry": { "type": "Point", "coordinates": [ -47.9957159, -15.9938251 ] } },
{ "type": "Feature", "properties": { "id_osm": 6927934967, "nome": "Ponto de Carona ICC Norte", "tipo": "platform", "ref": null }, "geometry": { "type": "Point", "coordinates": [ -47.8711839, -15.76054 ] } },
{ "type": "Feature", "properties": { "id_osm": 6990396949, "nome": null, "tipo": "platform", "ref": null }, "geometry": { "type": "Point", "coordinates": [ -47.818959, -15.7505131 ] } },
{ "type": "Feature", "properties": { "id_osm": 6990396950, "nome": null, "tipo": "platform", "ref": null }, "geometry": { "type": "Point", "coordinates": [ -47.8183661, -15.7502899 ] } },
{ "type": "Feature", "properties": { "id_osm": 6990396951, "nome": null, "tipo": "platform", "ref": null }, "geometry": { "type": "Point", "coordinates": [ -47.8241495, -15.7447057 ] } },
{ "type": "Feature", "properties": { "id_osm": 6990396952, "nome": null, "tipo": "platform", "ref": null }, "geometry": { "type": "Point", "coordinates": [ -47.8242149, -15.7440151 ] } },
{ "type": "Feature", "properties": { "id_osm": 6990396953, "nome": null, "tipo": "platform", "ref": null }, "geometry": { "type": "Point", "coordinates": [ -47.8321098, -15.7380569 ] } },
{ "type": "Feature", "properties": { "id_osm": 6990396954, "nome": null, "tipo": "platform", "ref": null }, "geometry": { "type": "Point", "coordinates": [ -47.8326553, -15.7381452 ] } },
{ "type": "Feature", "properties": { "id_osm": 6990396955, "nome": null, "tipo": "platform", "ref": null }, "geometry": { "type": "Point", "coordinates": [ -47.8407135, -15.7305586 ] } },
{ "type": "Feature", "properties": { "id_osm": 6990396956, "nome": null, "tipo": "platform", "ref": null }, "geometry": { "type": "Point", "coordinates": [ -47.8459543, -15.7246735 ] } },
{ "type": "Feature", "properties": { "id_osm": 6990396957, "nome": null, "tipo": "platform", "ref": null }, "geometry": { "type": "Point", "coordinates": [ -47.8459769, -15.7253358 ] } },
{ "type": "Feature", "properties": { "id_osm": 6990396958, "nome": null, "tipo": "platform", "ref": null }, "geometry": { "type": "Point", "coordinates": [ -47.8511185, -15.721631 ] } },
{ "type": "Feature", "properties": { "id_osm": 6990396960, "nome": null, "tipo": "platform", "ref": null }, "geometry": { "type": "Point", "coordinates": [ -47.8522635, -15.7207758 ] } },
{ "type": "Feature", "properties": { "id_osm": 6990396961, "nome": null, "tipo": "platform", "ref": null }, "geometry": { "type": "Point", "coordinates": [ -47.861002, -15.7181332 ] } },
{ "type": "Feature", "properties": { "id_osm": 6990396962, "nome": null, "tipo": "platform", "ref": null }, "geometry": { "type": "Point", "coordinates": [ -47.860762, -15.7187291 ] } },
{ "type": "Feature", "properties": { "id_osm": 6990396963, "nome": null, "tipo": "platform", "ref": null }, "geometry": { "type": "Point", "coordinates": [ -47.8675498, -15.7168129 ] } },
{ "type": "Feature", "properties": { "id_osm": 6990396964, "nome": null, "tipo": "platform", "ref": null }, "geometry": { "type": "Point", "coordinates": [ -47.8687388, -15.7160137 ] } },
{ "type": "Feature", "properties": { "id_osm": 6990396965, "nome": null, "tipo": "platform", "ref": null }, "geometry": { "type": "Point", "coordinates": [ -47.8740361, -15.714496 ] } },
{ "type": "Feature", "properties": { "id_osm": 6990396966, "nome": null, "tipo": "platform", "ref": null }, "geometry": { "type": "Point", "coordinates": [ -47.8732869, -15.7152757 ] } },
{ "type": "Feature", "properties": { "id_osm": 6990496803, "nome": null, "tipo": "platform", "ref": null }, "geometry": { "type": "Point", "coordinates": [ -47.8417179, -15.730104 ] } },
{ "type": "Feature", "properties": { "id_osm": 6990496804, "nome": null, "tipo": "platform", "ref": null }, "geometry": { "type": "Point", "coordinates": [ -47.8367097, -15.7343192 ] } },
{ "type": "Feature", "properties": { "id_osm": 6990496805, "nome": null, "tipo": "platform", "ref": null }, "geometry": { "type": "Point", "coordinates": [ -47.8365283, -15.7349313 ] } },
{ "type": "Feature", "properties": { "id_osm": 6990853234, "nome": null, "tipo": "platform", "ref": null }, "geometry": { "type": "Point", "coordinates": [ -48.0681758, -15.8516142 ] } },
{ "type": "Feature", "properties": { "id_osm": 6990853235, "nome": null, "tipo": "platform", "ref": null }, "geometry": { "type": "Point", "coordinates": [ -48.064008, -15.8515446 ] } },
{ "type": "Feature", "properties": { "id_osm": 6990853236, "nome": null, "tipo": "platform", "ref": null }, "geometry": { "type": "Point", "coordinates": [ -48.0644909, -15.8517274 ] } },
{ "type": "Feature", "properties": { "id_osm": 6990853237, "nome": null, "tipo": "platform", "ref": null }, "geometry": { "type": "Point", "coordinates": [ -48.0611864, -15.8503547 ] } },
{ "type": "Feature", "properties": { "id_osm": 6990853238, "nome": null, "tipo": "platform", "ref": null }, "geometry": { "type": "Point", "coordinates": [ -48.0610252, -15.8501027 ] } },
{ "type": "Feature", "properties": { "id_osm": 6990853239, "nome": null, "tipo": "platform", "ref": null }, "geometry": { "type": "Point", "coordinates": [ -48.0596966, -15.8458349 ] } },
{ "type": "Feature", "properties": { "id_osm": 6990853240, "nome": null, "tipo": "platform", "ref": null }, "geometry": { "type": "Point", "coordinates": [ -48.0598499, -15.8454319 ] } },
{ "type": "Feature", "properties": { "id_osm": 6993964368, "nome": null, "tipo": "bus_stop", "ref": null }, "geometry": { "type": "Point", "coordinates": [ -48.0268517, -15.8032683 ] } },
{ "type": "Feature", "properties": { "id_osm": 7115646947, "nome": "Estrada Parque", "tipo": "stop_position", "ref": null }, "geometry": { "type": "Point", "coordinates": [ -48.0452754, -15.8323622 ] } },
{ "type": "Feature", "properties": { "id_osm": 7170284496, "nome": null, "tipo": "platform", "ref": null }, "geometry": { "type": "Point", "coordinates": [ -47.8349395, -15.7570792 ] } },
{ "type": "Feature", "properties": { "id_osm": 7170284497, "nome": "QI 16", "tipo": "platform", "ref": null }, "geometry": { "type": "Point", "coordinates": [ -47.8333406, -15.7606559 ] } },
{ "type": "Feature", "properties": { "id_osm": 7171837168, "nome": null, "tipo": "platform", "ref": null }, "geometry": { "type": "Point", "coordinates": [ -47.9027038, -15.7324034 ] } },
{ "type": "Feature", "properties": { "id_osm": 7240940623, "nome": "Terminal Rodoviário de Formosa", "tipo": "stop_position", "ref": null }, "geometry": { "type": "Point", "coordinates": [ -47.3375666, -15.5504224 ] } },
{ "type": "Feature", "properties": { "id_osm": 7240940624, "nome": "Terminal Rodoviário Interestadual de Brasília", "tipo": "stop_position", "ref": null }, "geometry": { "type": "Point", "coordinates": [ -47.9486052, -15.8305396 ] } },
{ "type": "Feature", "properties": { "id_osm": 7265559818, "nome": null, "tipo": "platform", "ref": null }, "geometry": { "type": "Point", "coordinates": [ -48.1325412, -15.8412602 ] } },
{ "type": "Feature", "properties": { "id_osm": 7265559819, "nome": null, "tipo": "platform", "ref": null }, "geometry": { "type": "Point", "coordinates": [ -48.132572, -15.8412073 ] } },
{ "type": "Feature", "properties": { "id_osm": 7265688339, "nome": null, "tipo": "platform", "ref": "6" }, "geometry": { "type": "Point", "coordinates": [ -47.9911103, -15.8084214 ] } },
{ "type": "Feature", "properties": { "id_osm": 7265768409, "nome": null, "tipo": "platform", "ref": null }, "geometry": { "type": "Point", "coordinates": [ -48.1302274, -15.8413206 ] } },
{ "type": "Feature", "properties": { "id_osm": 7270994453, "nome": "Alimentadoras BRT Gama", "tipo": "platform", "ref": "7024" }, "geometry": { "type": "Point", "coordinates": [ -48.0503637, -15.9927203 ] } },
{ "type": "Feature", "properties": { "id_osm": 7289245236, "nome": null, "tipo": "stop_position", "ref": null }, "geometry": { "type": "Point", "coordinates": [ -48.1287405, -15.7875387 ] } },
{ "type": "Feature", "properties": { "id_osm": 7289245237, "nome": null, "tipo": "stop_position", "ref": null }, "geometry": { "type": "Point", "coordinates": [ -48.1289151, -15.7875749 ] } },
{ "type": "Feature", "properties": { "id_osm": 7292321446, "nome": "Samdu Sul - Paróquia Nossa Senhora de Fátima", "tipo": "platform", "ref": "5041" }, "geometry": { "type": "Point", "coordinates": [ -48.0507358, -15.8437231 ] } },
{ "type": "Feature", "properties": { "id_osm": 7359927087, "nome": null, "tipo": "platform", "ref": null }, "geometry": { "type": "Point", "coordinates": [ -48.0756886, -16.0212062 ] } },
{ "type": "Feature", "properties": { "id_osm": 7359927088, "nome": null, "tipo": "platform", "ref": null }, "geometry": { "type": "Point", "coordinates": [ -48.0726184, -16.0230887 ] } },
{ "type": "Feature", "properties": { "id_osm": 7359927089, "nome": null, "tipo": "platform", "ref": null }, "geometry": { "type": "Point", "coordinates": [ -48.0723336, -16.0237003 ] } },
{ "type": "Feature", "properties": { "id_osm": 7359927111, "nome": null, "tipo": "platform", "ref": null }, "geometry": { "type": "Point", "coordinates": [ -48.0806275, -16.0185618 ] } },
{ "type": "Feature", "properties": { "id_osm": 7359927112, "nome": null, "tipo": "platform", "ref": null }, "geometry": { "type": "Point", "coordinates": [ -48.0807638, -16.0180633 ] } },
{ "type": "Feature", "properties": { "id_osm": 7370437707, "nome": "Estação Estrada Parque (Marginal EPTG)", "tipo": "stop_position", "ref": null }, "geometry": { "type": "Point", "coordinates": [ -48.045931, -15.8314893 ] } },
{ "type": "Feature", "properties": { "id_osm": 7705183599, "nome": null, "tipo": "platform", "ref": null }, "geometry": { "type": "Point", "coordinates": [ -47.8821342, -15.8450127 ] } },
{ "type": "Feature", "properties": { "id_osm": 7934841479, "nome": null, "tipo": "platform", "ref": null }, "geometry": { "type": "Point", "coordinates": [ -47.8155705, -15.8889164 ] } },
{ "type": "Feature", "properties": { "id_osm": 7934841480, "nome": null, "tipo": "platform", "ref": null }, "geometry": { "type": "Point", "coordinates": [ -47.8156636, -15.8892132 ] } },
{ "type": "Feature", "properties": { "id_osm": 7934896176, "nome": "Ponto de ônibus", "tipo": "platform", "ref": null }, "geometry": { "type": "Point", "coordinates": [ -47.8176937, -15.8887304 ] } },
{ "type": "Feature", "properties": { "id_osm": 7934896177, "nome": "Ponto de ônibus", "tipo": "platform", "ref": null }, "geometry": { "type": "Point", "coordinates": [ -47.8178325, -15.8881925 ] } },
{ "type": "Feature", "properties": { "id_osm": 7934913482, "nome": null, "tipo": "platform", "ref": null }, "geometry": { "type": "Point", "coordinates": [ -47.8128134, -15.8896037 ] } },
{ "type": "Feature", "properties": { "id_osm": 7934913483, "nome": null, "tipo": "platform", "ref": null }, "geometry": { "type": "Point", "coordinates": [ -47.8129076, -15.8899225 ] } },
{ "type": "Feature", "properties": { "id_osm": 7935006348, "nome": null, "tipo": "platform", "ref": null }, "geometry": { "type": "Point", "coordinates": [ -47.8015148, -15.8941343 ] } },
{ "type": "Feature", "properties": { "id_osm": 7935006349, "nome": null, "tipo": "platform", "ref": null }, "geometry": { "type": "Point", "coordinates": [ -47.8014206, -15.8938463 ] } },
{ "type": "Feature", "properties": { "id_osm": 7935019273, "nome": null, "tipo": "platform", "ref": null }, "geometry": { "type": "Point", "coordinates": [ -47.7970942, -15.8965025 ] } },
{ "type": "Feature", "properties": { "id_osm": 7935019274, "nome": null, "tipo": "platform", "ref": null }, "geometry": { "type": "Point", "coordinates": [ -47.7972456, -15.8961057 ] } },
{ "type": "Feature", "properties": { "id_osm": 7935036311, "nome": null, "tipo": "platform", "ref": null }, "geometry": { "type": "Point", "coordinates": [ -47.8105103, -15.8907978 ] } },
{ "type": "Feature", "properties": { "id_osm": 7935036312, "nome": null, "tipo": "platform", "ref": null }, "geometry": { "type": "Point", "coordinates": [ -47.8103722, -15.8904785 ] } },
{ "type": "Feature", "properties": { "id_osm": 7935049115, "nome": null, "tipo": "platform", "ref": null }, "geometry": { "type": "Point", "coordinates": [ -47.7947669, -15.8968177 ] } },
{ "type": "Feature", "properties": { "id_osm": 7935050786, "nome": null, "tipo": "platform", "ref": null }, "geometry": { "type": "Point", "coordinates": [ -47.7992145, -15.895439 ] } },
{ "type": "Feature", "properties": { "id_osm": 7935050788, "nome": null, "tipo": "platform", "ref": null }, "geometry": { "type": "Point", "coordinates": [ -47.7993207, -15.8950372 ] } },
{ "type": "Feature", "properties": { "id_osm": 7998092212, "nome": null, "tipo": "platform", "ref": null }, "geometry": { "type": "Point", "coordinates": [ -48.2860344, -15.7359461 ] } },
{ "type": "Feature", "properties": { "id_osm": 7998092213, "nome": null, "tipo": "platform", "ref": null }, "geometry": { "type": "Point", "coordinates": [ -48.2824251, -15.7353519 ] } },
{ "type": "Feature", "properties": { "id_osm": 7998095692, "nome": null, "tipo": "platform", "ref": null }, "geometry": { "type": "Point", "coordinates": [ -48.256457, -15.754966 ] } },
{ "type": "Feature", "properties": { "id_osm": 7998108697, "nome": null, "tipo": "platform", "ref": null }, "geometry": { "type": "Point", "coordinates": [ -48.2928448, -15.7371348 ] } },
{ "type": "Feature", "properties": { "id_osm": 7998108698, "nome": null, "tipo": "platform", "ref": null }, "geometry": { "type": "Point", "coordinates": [ -48.2950049, -15.7374907 ] } },
{ "type": "Feature", "properties": { "id_osm": 7998108888, "nome": null, "tipo": "platform", "ref": null }, "geometry": { "type": "Point", "coordinates": [ -48.2905389, -15.7367189 ] } },
{ "type": "Feature", "properties": { "id_osm": 8005055385, "nome": null, "tipo": "platform", "ref": null }, "geometry": { "type": "Point", "coordinates": [ -48.2931071, -15.7382461 ] } },
{ "type": "Feature", "properties": { "id_osm": 8197962075, "nome": "FCE/UnB - Sentido Taguatinga", "tipo": "platform", "ref": "1768" }, "geometry": { "type": "Point", "coordinates": [ -48.1026878, -15.8427902 ] } },
{ "type": "Feature", "properties": { "id_osm": 8421761317, "nome": null, "tipo": "bus_stop", "ref": null }, "geometry": { "type": "Point", "coordinates": [ -48.0082611, -15.8758311 ] } },
{ "type": "Feature", "properties": { "id_osm": 8421761417, "nome": null, "tipo": "bus_stop", "ref": null }, "geometry": { "type": "Point", "coordinates": [ -48.008287, -15.8760147 ] } },
{ "type": "Feature", "properties": { "id_osm": 8444140536, "nome": null, "tipo": "platform", "ref": null }, "geometry": { "type": "Point", "coordinates": [ -48.1198786, -15.8591334 ] } },
{ "type": "Feature", "properties": { "id_osm": 8507836729, "nome": "DF Plaza (Marginal EPTG)", "tipo": "platform", "ref": null }, "geometry": { "type": "Point", "coordinates": [ -48.0424397, -15.830355 ] } },
{ "type": "Feature", "properties": { "id_osm": 8526311867, "nome": null, "tipo": "platform", "ref": null }, "geometry": { "type": "Point", "coordinates": [ -48.0020676, -15.8799864 ] } },
{ "type": "Feature", "properties": { "id_osm": 8530237417, "nome": "Oposto a QNN 10 (Sentido Taguatinga)", "tipo": "platform", "ref": "2386" }, "geometry": { "type": "Point", "coordinates": [ -48.0993546, -15.8407293 ] } },
{ "type": "Feature", "properties": { "id_osm": 8530237428, "nome": "Casa do Cantador/QNN 24", "tipo": "platform", "ref": "1692" }, "geometry": { "type": "Point", "coordinates": [ -48.1080915, -15.839741 ] } },
{ "type": "Feature", "properties": { "id_osm": 8530716643, "nome": "Samambaia", "tipo": "stop_position", "ref": null }, "geometry": { "type": "Point", "coordinates": [ -48.0849264, -15.8736392 ] } },
{ "type": "Feature", "properties": { "id_osm": 8530716644, "nome": "Samambaia Sul", "tipo": "stop_position", "ref": null }, "geometry": { "type": "Point", "coordinates": [ -48.0715818, -15.8689903 ] } },
{ "type": "Feature", "properties": { "id_osm": 8530716645, "nome": "Furnas", "tipo": "stop_position", "ref": null }, "geometry": { "type": "Point", "coordinates": [ -48.0598269, -15.8648965 ] } },
{ "type": "Feature", "properties": { "id_osm": 8530716666, "nome": "Taguatinga Sul", "tipo": "stop_position", "ref": null }, "geometry": { "type": "Point", "coordinates": [ -48.0419074, -15.851792 ] } },
{ "type": "Feature", "properties": { "id_osm": 8530716679, "nome": "Águas Claras", "tipo": "stop_position", "ref": null }, "geometry": { "type": "Point", "coordinates": [ -48.0282524, -15.839881 ] } },
{ "type": "Feature", "properties": { "id_osm": 8530716680, "nome": "Águas Claras", "tipo": "stop_position", "ref": null }, "geometry": { "type": "Point", "coordinates": [ -48.0282599, -15.840157 ] } },
{ "type": "Feature", "properties": { "id_osm": 8532725403, "nome": "BRT SMPW Quadra 26", "tipo": "platform", "ref": null }, "geometry": { "type": "Point", "coordinates": [ -47.9681573, -15.9121187 ] } },
{ "type": "Feature", "properties": { "id_osm": 8532725410, "nome": "BRT Granja do Ipê", "tipo": "platform", "ref": null }, "geometry": { "type": "Point", "coordinates": [ -47.9756199, -15.9233462 ] } },
{ "type": "Feature", "properties": { "id_osm": 8534347057, "nome": "Concessionárias", "tipo": "stop_position", "ref": null }, "geometry": { "type": "Point", "coordinates": [ -48.0386432, -15.8351644 ] } },
{ "type": "Feature", "properties": { "id_osm": 8534361442, "nome": "Praça do Relógio", "tipo": "stop_position", "ref": null }, "geometry": { "type": "Point", "coordinates": [ -48.0563262, -15.8332929 ] } },
{ "type": "Feature", "properties": { "id_osm": 8534361567, "nome": "Centro Metropolitano", "tipo": "stop_position", "ref": null }, "geometry": { "type": "Point", "coordinates": [ -48.0861479, -15.8354733 ] } },
{ "type": "Feature", "properties": { "id_osm": 8534361724, "nome": "Guariroba", "tipo": "stop_position", "ref": null }, "geometry": { "type": "Point", "coordinates": [ -48.1073544, -15.8306371 ] } },
{ "type": "Feature", "properties": { "id_osm": 8534361747, "nome": "Ceilândia Centro", "tipo": "stop_position", "ref": null }, "geometry": { "type": "Point", "coordinates": [ -48.1119338, -15.8222862 ] } },
{ "type": "Feature", "properties": { "id_osm": 8534361777, "nome": "Ceilândia Norte", "tipo": "stop_position", "ref": null }, "geometry": { "type": "Point", "coordinates": [ -48.116182, -15.8149039 ] } },
{ "type": "Feature", "properties": { "id_osm": 8534361870, "nome": "Ceilândia", "tipo": "stop_position", "ref": null }, "geometry": { "type": "Point", "coordinates": [ -48.1213548, -15.8055886 ] } },
{ "type": "Feature", "properties": { "id_osm": 8534361913, "nome": "Ceilândia Sul", "tipo": "stop_position", "ref": null }, "geometry": { "type": "Point", "coordinates": [ -48.1033384, -15.8377973 ] } },
{ "type": "Feature", "properties": { "id_osm": 8534361936, "nome": "Estrada Parque", "tipo": "stop_position", "ref": null }, "geometry": { "type": "Point", "coordinates": [ -48.0452839, -15.8324103 ] } },
{ "type": "Feature", "properties": { "id_osm": 8534361947, "nome": "Águas Claras", "tipo": "stop_position", "ref": null }, "geometry": { "type": "Point", "coordinates": [ -48.0282567, -15.8400392 ] } },
{ "type": "Feature", "properties": { "id_osm": 8539722412, "nome": "Arniqueiras", "tipo": "stop_position", "ref": null }, "geometry": { "type": "Point", "coordinates": [ -48.0170621, -15.8367114 ] } },
{ "type": "Feature", "properties": { "id_osm": 8539722413, "nome": "Arniqueiras", "tipo": "stop_position", "ref": null }, "geometry": { "type": "Point", "coordinates": [ -48.0170454, -15.8367421 ] } },
{ "type": "Feature", "properties": { "id_osm": 8539732657, "nome": "Guará", "tipo": "stop_position", "ref": null }, "geometry": { "type": "Point", "coordinates": [ -47.9833664, -15.826707 ] } },
{ "type": "Feature", "properties": { "id_osm": 8539732696, "nome": "Feira", "tipo": "stop_position", "ref": null }, "geometry": { "type": "Point", "coordinates": [ -47.9749883, -15.8231117 ] } },
{ "type": "Feature", "properties": { "id_osm": 8539732785, "nome": "Shopping", "tipo": "stop_position", "ref": null }, "geometry": { "type": "Point", "coordinates": [ -47.950674, -15.8324441 ] } },
{ "type": "Feature", "properties": { "id_osm": 8539732925, "nome": "Asa Sul", "tipo": "stop_position", "ref": null }, "geometry": { "type": "Point", "coordinates": [ -47.9326101, -15.8370994 ] } },
{ "type": "Feature", "properties": { "id_osm": 8550877509, "nome": null, "tipo": "platform", "ref": null }, "geometry": { "type": "Point", "coordinates": [ -48.1198106, -15.8551833 ] } },
{ "type": "Feature", "properties": { "id_osm": 8550877511, "nome": null, "tipo": "platform", "ref": null }, "geometry": { "type": "Point", "coordinates": [ -48.1180686, -15.8535456 ] } },
{ "type": "Feature", "properties": { "id_osm": 8603301710, "nome": "112 Sul", "tipo": "stop_position", "ref": null }, "geometry": { "type": "Point", "coordinates": [ -47.9146983, -15.8267634 ] } },
{ "type": "Feature", "properties": { "id_osm": 8603327847, "nome": "Central", "tipo": "stop_position", "ref": null }, "geometry": { "type": "Point", "coordinates": [ -47.8846126, -15.7932453 ] } },
{ "type": "Feature", "properties": { "id_osm": 8603327859, "nome": "Galeria", "tipo": "stop_position", "ref": null }, "geometry": { "type": "Point", "coordinates": [ -47.8860352, -15.7994973 ] } },
{ "type": "Feature", "properties": { "id_osm": 8603327868, "nome": "102 Sul", "tipo": "stop_position", "ref": null }, "geometry": { "type": "Point", "coordinates": [ -47.8894078, -15.8057606 ] } },
{ "type": "Feature", "properties": { "id_osm": 8603327880, "nome": "106 Sul", "tipo": "stop_position", "ref": null }, "geometry": { "type": "Point", "coordinates": [ -47.8986171, -15.8150114 ] } },
{ "type": "Feature", "properties": { "id_osm": 8603327883, "nome": "108 Sul", "tipo": "stop_position", "ref": null }, "geometry": { "type": "Point", "coordinates": [ -47.9039657, -15.81901 ] } },
{ "type": "Feature", "properties": { "id_osm": 8603327886, "nome": "110 Sul", "tipo": "stop_position", "ref": null }, "geometry": { "type": "Point", "coordinates": [ -47.9093296, -15.8228718 ] } },
{ "type": "Feature", "properties": { "id_osm": 8603327891, "nome": "114 Sul", "tipo": "stop_position", "ref": null }, "geometry": { "type": "Point", "coordinates": [ -47.9200914, -15.8306579 ] } },
{ "type": "Feature", "properties": { "id_osm": 8697622854, "nome": null, "tipo": "platform", "ref": null }, "geometry": { "type": "Point", "coordinates": [ -47.944032, -15.8009449 ] } },
{ "type": "Feature", "properties": { "id_osm": 8840247067, "nome": "Taguatinga Shopping/FEIBOX", "tipo": "platform", "ref": "4966" }, "geometry": { "type": "Point", "coordinates": [ -48.0449172, -15.844128 ] } },
{ "type": "Feature", "properties": { "id_osm": 8840247069, "nome": "Início Pistão Sul", "tipo": "platform", "ref": "4964" }, "geometry": { "type": "Point", "coordinates": [ -48.0484764, -15.8376 ] } },
{ "type": "Feature", "properties": { "id_osm": 8843333729, "nome": "S4 Hotel/Concessionárias", "tipo": "platform", "ref": null }, "geometry": { "type": "Point", "coordinates": [ -48.0393771, -15.8367658 ] } },
{ "type": "Feature", "properties": { "id_osm": 8843333808, "nome": null, "tipo": "platform", "ref": null }, "geometry": { "type": "Point", "coordinates": [ -47.925316, -15.7688548 ] } },
{ "type": "Feature", "properties": { "id_osm": 8873737575, "nome": "Shopping Maggiore", "tipo": "platform", "ref": "6687" }, "geometry": { "type": "Point", "coordinates": [ -48.0093839, -15.837548 ] } },
{ "type": "Feature", "properties": { "id_osm": 8999568800, "nome": null, "tipo": "platform", "ref": null }, "geometry": { "type": "Point", "coordinates": [ -47.8457919, -15.6385354 ] } },
{ "type": "Feature", "properties": { "id_osm": 8999613545, "nome": null, "tipo": "platform", "ref": null }, "geometry": { "type": "Point", "coordinates": [ -47.8447242, -15.6384101 ] } },
{ "type": "Feature", "properties": { "id_osm": 9522143920, "nome": null, "tipo": "platform", "ref": null }, "geometry": { "type": "Point", "coordinates": [ -48.1085108, -15.843001 ] } },
{ "type": "Feature", "properties": { "id_osm": 9530254171, "nome": null, "tipo": "platform", "ref": null }, "geometry": { "type": "Point", "coordinates": [ -47.7790603, -15.6472084 ] } },
{ "type": "Feature", "properties": { "id_osm": 9533636414, "nome": "QD 37 - Supermercado Barbosa", "tipo": "platform", "ref": "1030" }, "geometry": { "type": "Point", "coordinates": [ -48.1994931, -15.6626984 ] } },
{ "type": "Feature", "properties": { "id_osm": 9579179199, "nome": null, "tipo": "stop_position", "ref": null }, "geometry": { "type": "Point", "coordinates": [ -48.199267, -15.6716905 ] } },
{ "type": "Feature", "properties": { "id_osm": 9579179200, "nome": null, "tipo": "stop_position", "ref": null }, "geometry": { "type": "Point", "coordinates": [ -48.2007747, -15.6714235 ] } },
{ "type": "Feature", "properties": { "id_osm": 9579179201, "nome": null, "tipo": "stop_position", "ref": null }, "geometry": { "type": "Point", "coordinates": [ -48.2002204, -15.6682947 ] } },
{ "type": "Feature", "properties": { "id_osm": 9579179202, "nome": null, "tipo": "stop_position", "ref": null }, "geometry": { "type": "Point", "coordinates": [ -48.2002024, -15.6661114 ] } },
{ "type": "Feature", "properties": { "id_osm": 9581126048, "nome": "Terminal Veredas", "tipo": "platform", "ref": null }, "geometry": { "type": "Point", "coordinates": [ -48.199175, -15.6717343 ] } },
{ "type": "Feature", "properties": { "id_osm": 9593171738, "nome": "Shopping Alameda", "tipo": "platform", "ref": "5062" }, "geometry": { "type": "Point", "coordinates": [ -48.0559875, -15.836178 ] } },
{ "type": "Feature", "properties": { "id_osm": 9604034892, "nome": "DF Plaza Shopping (Marginal EPTG)", "tipo": "platform", "ref": null }, "geometry": { "type": "Point", "coordinates": [ -48.0433598, -15.8313325 ] } },
{ "type": "Feature", "properties": { "id_osm": 9611823122, "nome": null, "tipo": "platform", "ref": null }, "geometry": { "type": "Point", "coordinates": [ -47.9018501, -15.7857112 ] } },
{ "type": "Feature", "properties": { "id_osm": 9613494652, "nome": "Plataforma C", "tipo": "stop_position", "ref": null }, "geometry": { "type": "Point", "coordinates": [ -47.8831751, -15.7938911 ] } },
{ "type": "Feature", "properties": { "id_osm": 9613494653, "nome": "Plataforma D", "tipo": "stop_position", "ref": null }, "geometry": { "type": "Point", "coordinates": [ -47.8835574, -15.7938022 ] } },
{ "type": "Feature", "properties": { "id_osm": 9613494654, "nome": "Plataforma B", "tipo": "stop_position", "ref": null }, "geometry": { "type": "Point", "coordinates": [ -47.8824686, -15.7941887 ] } },
{ "type": "Feature", "properties": { "id_osm": 9613494657, "nome": "Plataforma F", "tipo": "stop_position", "ref": null }, "geometry": { "type": "Point", "coordinates": [ -47.8826471, -15.7934976 ] } },
{ "type": "Feature", "properties": { "id_osm": 9613494658, "nome": "Plataforma E", "tipo": "stop_position", "ref": null }, "geometry": { "type": "Point", "coordinates": [ -47.8825668, -15.7932305 ] } },
{ "type": "Feature", "properties": { "id_osm": 9613494659, "nome": "Plataforma A", "tipo": "stop_position", "ref": null }, "geometry": { "type": "Point", "coordinates": [ -47.8820895, -15.794242 ] } },
{ "type": "Feature", "properties": { "id_osm": 9728509711, "nome": null, "tipo": "platform", "ref": null }, "geometry": { "type": "Point", "coordinates": [ -48.0681815, -15.8235267 ] } },
{ "type": "Feature", "properties": { "id_osm": 9813300542, "nome": null, "tipo": "bus_stop", "ref": null }, "geometry": { "type": "Point", "coordinates": [ -47.9776599, -16.0546866 ] } },
{ "type": "Feature", "properties": { "id_osm": 9821383291, "nome": "FCE/UnB - Sentido P Sul", "tipo": "platform", "ref": "1755" }, "geometry": { "type": "Point", "coordinates": [ -48.103634, -15.843191 ] } },
{ "type": "Feature", "properties": { "id_osm": 9831406103, "nome": null, "tipo": "platform", "ref": null }, "geometry": { "type": "Point", "coordinates": [ -47.9447846, -15.8325111 ] } },
{ "type": "Feature", "properties": { "id_osm": 9837590532, "nome": "FEIBOX/Pátio Capital", "tipo": "platform", "ref": "4984" }, "geometry": { "type": "Point", "coordinates": [ -48.044708, -15.8437477 ] } },
{ "type": "Feature", "properties": { "id_osm": 9837590587, "nome": "Taguatinga Shopping/Assaí", "tipo": "platform", "ref": "5218" }, "geometry": { "type": "Point", "coordinates": [ -48.0436842, -15.842272 ] } },
{ "type": "Feature", "properties": { "id_osm": 9837590599, "nome": "LED/Connect Towwers", "tipo": "platform", "ref": null }, "geometry": { "type": "Point", "coordinates": [ -48.0435654, -15.8390295 ] } },
{ "type": "Feature", "properties": { "id_osm": 9849151693, "nome": null, "tipo": "platform", "ref": null }, "geometry": { "type": "Point", "coordinates": [ -47.9435348, -15.8328541 ] } },
{ "type": "Feature", "properties": { "id_osm": 9879946674, "nome": null, "tipo": "platform", "ref": null }, "geometry": { "type": "Point", "coordinates": [ -47.9977618, -15.8772306 ] } },
{ "type": "Feature", "properties": { "id_osm": 9879946675, "nome": null, "tipo": "platform", "ref": null }, "geometry": { "type": "Point", "coordinates": [ -47.992024, -15.876758 ] } },
{ "type": "Feature", "properties": { "id_osm": 9879946676, "nome": null, "tipo": "platform", "ref": null }, "geometry": { "type": "Point", "coordinates": [ -47.9947841, -15.8765356 ] } },
{ "type": "Feature", "properties": { "id_osm": 9879946677, "nome": null, "tipo": "platform", "ref": null }, "geometry": { "type": "Point", "coordinates": [ -47.9992712, -15.8769088 ] } },
{ "type": "Feature", "properties": { "id_osm": 9879946678, "nome": null, "tipo": "platform", "ref": null }, "geometry": { "type": "Point", "coordinates": [ -47.9842789, -15.8760006 ] } },
{ "type": "Feature", "properties": { "id_osm": 9879946679, "nome": null, "tipo": "platform", "ref": null }, "geometry": { "type": "Point", "coordinates": [ -47.9844212, -15.8755295 ] } },
{ "type": "Feature", "properties": { "id_osm": 9890858034, "nome": "Box 1", "tipo": "platform", "ref": null }, "geometry": { "type": "Point", "coordinates": [ -47.9329985, -15.8364523 ] } },
{ "type": "Feature", "properties": { "id_osm": 9890858035, "nome": "Box 2", "tipo": "platform", "ref": null }, "geometry": { "type": "Point", "coordinates": [ -47.93305, -15.8363127 ] } },
{ "type": "Feature", "properties": { "id_osm": 9890858036, "nome": "Box 3", "tipo": "platform", "ref": null }, "geometry": { "type": "Point", "coordinates": [ -47.9333703, -15.8362239 ] } },
{ "type": "Feature", "properties": { "id_osm": 9890858037, "nome": "Box 4", "tipo": "platform", "ref": null }, "geometry": { "type": "Point", "coordinates": [ -47.933533, -15.8362786 ] } },
{ "type": "Feature", "properties": { "id_osm": 9890858038, "nome": "Box 5", "tipo": "platform", "ref": null }, "geometry": { "type": "Point", "coordinates": [ -47.9338277, -15.8363834 ] } },
{ "type": "Feature", "properties": { "id_osm": 9890858039, "nome": "Box 6", "tipo": "platform", "ref": null }, "geometry": { "type": "Point", "coordinates": [ -47.9340228, -15.8364551 ] } },
{ "type": "Feature", "properties": { "id_osm": 9890858040, "nome": "Box 13", "tipo": "platform", "ref": null }, "geometry": { "type": "Point", "coordinates": [ -47.9332447, -15.8360616 ] } },
{ "type": "Feature", "properties": { "id_osm": 9890858041, "nome": "Box 12", "tipo": "platform", "ref": null }, "geometry": { "type": "Point", "coordinates": [ -47.9333991, -15.8361172 ] } },
{ "type": "Feature", "properties": { "id_osm": 9890858042, "nome": "Box 11", "tipo": "platform", "ref": null }, "geometry": { "type": "Point", "coordinates": [ -47.9335731, -15.8361808 ] } },
{ "type": "Feature", "properties": { "id_osm": 9890858043, "nome": "Box 10", "tipo": "platform", "ref": null }, "geometry": { "type": "Point", "coordinates": [ -47.9337358, -15.8362365 ] } },
{ "type": "Feature", "properties": { "id_osm": 9890858044, "nome": "Box 9", "tipo": "platform", "ref": null }, "geometry": { "type": "Point", "coordinates": [ -47.9338767, -15.8362857 ] } },
{ "type": "Feature", "properties": { "id_osm": 9890858045, "nome": "Box 8", "tipo": "platform", "ref": null }, "geometry": { "type": "Point", "coordinates": [ -47.9340631, -15.8363511 ] } },
{ "type": "Feature", "properties": { "id_osm": 9890858046, "nome": "Box 7", "tipo": "platform", "ref": null }, "geometry": { "type": "Point", "coordinates": [ -47.934213, -15.8364074 ] } },
{ "type": "Feature", "properties": { "id_osm": 9890858047, "nome": "Box 14", "tipo": "platform", "ref": null }, "geometry": { "type": "Point", "coordinates": [ -47.9327651, -15.8358927 ] } },
{ "type": "Feature", "properties": { "id_osm": 9890858048, "nome": "Box 15", "tipo": "platform", "ref": null }, "geometry": { "type": "Point", "coordinates": [ -47.9326157, -15.8358427 ] } },
{ "type": "Feature", "properties": { "id_osm": 9890858049, "nome": "Box 16", "tipo": "platform", "ref": null }, "geometry": { "type": "Point", "coordinates": [ -47.9324107, -15.8357717 ] } },
{ "type": "Feature", "properties": { "id_osm": 9890858050, "nome": "Box 17", "tipo": "platform", "ref": null }, "geometry": { "type": "Point", "coordinates": [ -47.9322151, -15.8357034 ] } },
{ "type": "Feature", "properties": { "id_osm": 9890858051, "nome": "Box 20", "tipo": "platform", "ref": null }, "geometry": { "type": "Point", "coordinates": [ -47.9317372, -15.8355424 ] } },
{ "type": "Feature", "properties": { "id_osm": 9890858052, "nome": "Box 19", "tipo": "platform", "ref": null }, "geometry": { "type": "Point", "coordinates": [ -47.9318869, -15.8355928 ] } },
{ "type": "Feature", "properties": { "id_osm": 9890858053, "nome": "Box 18", "tipo": "platform", "ref": null }, "geometry": { "type": "Point", "coordinates": [ -47.9320343, -15.8356422 ] } },
{ "type": "Feature", "properties": { "id_osm": 9890858054, "nome": "Box 21", "tipo": "platform", "ref": null }, "geometry": { "type": "Point", "coordinates": [ -47.9318479, -15.8356885 ] } },
{ "type": "Feature", "properties": { "id_osm": 9890858055, "nome": "Box 26", "tipo": "platform", "ref": null }, "geometry": { "type": "Point", "coordinates": [ -47.9328209, -15.8360446 ] } },
{ "type": "Feature", "properties": { "id_osm": 9890858056, "nome": "Box 25", "tipo": "platform", "ref": null }, "geometry": { "type": "Point", "coordinates": [ -47.9326389, -15.8359762 ] } },
{ "type": "Feature", "properties": { "id_osm": 9890858057, "nome": "Box 24", "tipo": "platform", "ref": null }, "geometry": { "type": "Point", "coordinates": [ -47.9324437, -15.8359043 ] } },
{ "type": "Feature", "properties": { "id_osm": 9890858058, "nome": "Box 23", "tipo": "platform", "ref": null }, "geometry": { "type": "Point", "coordinates": [ -47.9322587, -15.8358371 ] } },
{ "type": "Feature", "properties": { "id_osm": 9890858059, "nome": "Box 22", "tipo": "platform", "ref": null }, "geometry": { "type": "Point", "coordinates": [ -47.93206, -15.8357675 ] } },
{ "type": "Feature", "properties": { "id_osm": 9890858061, "nome": "Box 27", "tipo": "platform", "ref": null }, "geometry": { "type": "Point", "coordinates": [ -47.932878, -15.8362693 ] } },
{ "type": "Feature", "properties": { "id_osm": 9890858062, "nome": "Box 28", "tipo": "platform", "ref": null }, "geometry": { "type": "Point", "coordinates": [ -47.9328254, -15.8364053 ] } },
{ "type": "Feature", "properties": { "id_osm": 9890858063, "nome": "Box 29", "tipo": "platform", "ref": null }, "geometry": { "type": "Point", "coordinates": [ -47.9327585, -15.8365782 ] } },
{ "type": "Feature", "properties": { "id_osm": 9917098078, "nome": "Centro Olímpico/CEU", "tipo": "platform", "ref": null }, "geometry": { "type": "Point", "coordinates": [ -47.8585104, -15.7651434 ] } },
{ "type": "Feature", "properties": { "id_osm": 9919265786, "nome": null, "tipo": "platform", "ref": null }, "geometry": { "type": "Point", "coordinates": [ -47.9796385, -15.8160064 ] } },
{ "type": "Feature", "properties": { "id_osm": 9973502084, "nome": "Posto Petrobras", "tipo": "platform", "ref": "5310" }, "geometry": { "type": "Point", "coordinates": [ -48.0125807, -15.8340091 ] } },
{ "type": "Feature", "properties": { "id_osm": 9998368857, "nome": null, "tipo": "platform", "ref": null }, "geometry": { "type": "Point", "coordinates": [ -47.8882403, -15.7466405 ] } },
{ "type": "Feature", "properties": { "id_osm": 10010079062, "nome": null, "tipo": "platform", "ref": null }, "geometry": { "type": "Point", "coordinates": [ -47.8506408, -15.6373439 ] } },
{ "type": "Feature", "properties": { "id_osm": 10010079063, "nome": null, "tipo": "platform", "ref": null }, "geometry": { "type": "Point", "coordinates": [ -47.8523203, -15.6368016 ] } },
{ "type": "Feature", "properties": { "id_osm": 10010079064, "nome": null, "tipo": "platform", "ref": null }, "geometry": { "type": "Point", "coordinates": [ -47.8477186, -15.637896 ] } },
{ "type": "Feature", "properties": { "id_osm": 10010079065, "nome": null, "tipo": "platform", "ref": null }, "geometry": { "type": "Point", "coordinates": [ -47.8493476, -15.637887 ] } },
{ "type": "Feature", "properties": { "id_osm": 10010079066, "nome": null, "tipo": "platform", "ref": null }, "geometry": { "type": "Point", "coordinates": [ -47.8505163, -15.638404 ] } },
{ "type": "Feature", "properties": { "id_osm": 10010079067, "nome": null, "tipo": "platform", "ref": null }, "geometry": { "type": "Point", "coordinates": [ -47.850229, -15.6401146 ] } },
{ "type": "Feature", "properties": { "id_osm": 10010079068, "nome": null, "tipo": "platform", "ref": null }, "geometry": { "type": "Point", "coordinates": [ -47.8529534, -15.636847 ] } },
{ "type": "Feature", "properties": { "id_osm": 10010079069, "nome": null, "tipo": "platform", "ref": null }, "geometry": { "type": "Point", "coordinates": [ -47.846302, -15.651071 ] } },
{ "type": "Feature", "properties": { "id_osm": 10010079070, "nome": null, "tipo": "platform", "ref": null }, "geometry": { "type": "Point", "coordinates": [ -47.8459767, -15.6516487 ] } },
{ "type": "Feature", "properties": { "id_osm": 10010079071, "nome": null, "tipo": "platform", "ref": null }, "geometry": { "type": "Point", "coordinates": [ -47.8468259, -15.6548402 ] } },
{ "type": "Feature", "properties": { "id_osm": 10010079072, "nome": null, "tipo": "platform", "ref": null }, "geometry": { "type": "Point", "coordinates": [ -47.8461755, -15.6547834 ] } },
{ "type": "Feature", "properties": { "id_osm": 10010079073, "nome": null, "tipo": "platform", "ref": null }, "geometry": { "type": "Point", "coordinates": [ -47.8445781, -15.6593015 ] } },
{ "type": "Feature", "properties": { "id_osm": 10010079074, "nome": null, "tipo": "platform", "ref": null }, "geometry": { "type": "Point", "coordinates": [ -47.8428412, -15.664045 ] } },
{ "type": "Feature", "properties": { "id_osm": 10010079075, "nome": null, "tipo": "platform", "ref": null }, "geometry": { "type": "Point", "coordinates": [ -47.8417332, -15.6648446 ] } },
{ "type": "Feature", "properties": { "id_osm": 10010079076, "nome": null, "tipo": "platform", "ref": null }, "geometry": { "type": "Point", "coordinates": [ -47.845242, -15.6589342 ] } },
{ "type": "Feature", "properties": { "id_osm": 10010079077, "nome": null, "tipo": "platform", "ref": null }, "geometry": { "type": "Point", "coordinates": [ -47.8488267, -15.642631 ] } },
{ "type": "Feature", "properties": { "id_osm": 10010079078, "nome": null, "tipo": "platform", "ref": null }, "geometry": { "type": "Point", "coordinates": [ -47.8485955, -15.6424826 ] } },
{ "type": "Feature", "properties": { "id_osm": 10010079079, "nome": null, "tipo": "platform", "ref": null }, "geometry": { "type": "Point", "coordinates": [ -47.8421476, -15.6384846 ] } },
{ "type": "Feature", "properties": { "id_osm": 10010079080, "nome": null, "tipo": "platform", "ref": null }, "geometry": { "type": "Point", "coordinates": [ -47.8414426, -15.6386168 ] } },
{ "type": "Feature", "properties": { "id_osm": 10010079081, "nome": null, "tipo": "platform", "ref": null }, "geometry": { "type": "Point", "coordinates": [ -47.8372604, -15.6377504 ] } },
{ "type": "Feature", "properties": { "id_osm": 10010079082, "nome": null, "tipo": "platform", "ref": null }, "geometry": { "type": "Point", "coordinates": [ -47.8371495, -15.6374514 ] } },
{ "type": "Feature", "properties": { "id_osm": 10010079083, "nome": null, "tipo": "platform", "ref": null }, "geometry": { "type": "Point", "coordinates": [ -47.8332769, -15.636648 ] } },
{ "type": "Feature", "properties": { "id_osm": 10010079084, "nome": null, "tipo": "platform", "ref": null }, "geometry": { "type": "Point", "coordinates": [ -47.8336949, -15.6370223 ] } },
{ "type": "Feature", "properties": { "id_osm": 10010079085, "nome": null, "tipo": "platform", "ref": null }, "geometry": { "type": "Point", "coordinates": [ -47.831252, -15.636094 ] } },
{ "type": "Feature", "properties": { "id_osm": 10010079086, "nome": null, "tipo": "platform", "ref": null }, "geometry": { "type": "Point", "coordinates": [ -47.8299736, -15.6359108 ] } },
{ "type": "Feature", "properties": { "id_osm": 10010079087, "nome": null, "tipo": "platform", "ref": null }, "geometry": { "type": "Point", "coordinates": [ -47.8270165, -15.6344823 ] } },
{ "type": "Feature", "properties": { "id_osm": 10010079088, "nome": null, "tipo": "platform", "ref": null }, "geometry": { "type": "Point", "coordinates": [ -47.8268347, -15.6339734 ] } },
{ "type": "Feature", "properties": { "id_osm": 10010079089, "nome": null, "tipo": "platform", "ref": null }, "geometry": { "type": "Point", "coordinates": [ -47.8230816, -15.6354057 ] } },
{ "type": "Feature", "properties": { "id_osm": 10010079090, "nome": null, "tipo": "platform", "ref": null }, "geometry": { "type": "Point", "coordinates": [ -47.8234774, -15.6346164 ] } },
{ "type": "Feature", "properties": { "id_osm": 10010079091, "nome": null, "tipo": "platform", "ref": null }, "geometry": { "type": "Point", "coordinates": [ -47.8215613, -15.6385863 ] } },
{ "type": "Feature", "properties": { "id_osm": 10010079092, "nome": "UPA e Clínica da Familia - Sobradinho", "tipo": "platform", "ref": "7650" }, "geometry": { "type": "Point", "coordinates": [ -47.8202689, -15.6405552 ] } },
{ "type": "Feature", "properties": { "id_osm": 10010079093, "nome": null, "tipo": "platform", "ref": null }, "geometry": { "type": "Point", "coordinates": [ -47.8180942, -15.6420123 ] } },
{ "type": "Feature", "properties": { "id_osm": 10010079094, "nome": null, "tipo": "platform", "ref": null }, "geometry": { "type": "Point", "coordinates": [ -47.8180339, -15.6416191 ] } },
{ "type": "Feature", "properties": { "id_osm": 10010079095, "nome": null, "tipo": "platform", "ref": null }, "geometry": { "type": "Point", "coordinates": [ -47.8148769, -15.642525 ] } },
{ "type": "Feature", "properties": { "id_osm": 10012606766, "nome": null, "tipo": "platform", "ref": null }, "geometry": { "type": "Point", "coordinates": [ -47.8815994, -15.7780669 ] } },
{ "type": "Feature", "properties": { "id_osm": 10042676407, "nome": null, "tipo": "platform", "ref": null }, "geometry": { "type": "Point", "coordinates": [ -48.0653005, -15.8197604 ] } },
{ "type": "Feature", "properties": { "id_osm": 10048500503, "nome": null, "tipo": "platform", "ref": null }, "geometry": { "type": "Point", "coordinates": [ -47.871397, -15.7668919 ] } },
{ "type": "Feature", "properties": { "id_osm": 10055131733, "nome": null, "tipo": "stop_position", "ref": null }, "geometry": { "type": "Point", "coordinates": [ -47.7726313, -15.9013042 ] } },
{ "type": "Feature", "properties": { "id_osm": 10055131741, "nome": null, "tipo": "stop_position", "ref": null }, "geometry": { "type": "Point", "coordinates": [ -47.7726236, -15.9013042 ] } },
{ "type": "Feature", "properties": { "id_osm": 10055242909, "nome": "102 Sul", "tipo": "platform", "ref": null }, "geometry": { "type": "Point", "coordinates": [ -47.8887777, -15.806652 ] } },
{ "type": "Feature", "properties": { "id_osm": 10055242910, "nome": "102 Sul - BRT Expresso DF", "tipo": "platform", "ref": null }, "geometry": { "type": "Point", "coordinates": [ -47.88842, -15.8062536 ] } },
{ "type": "Feature", "properties": { "id_osm": 10055242916, "nome": "102 Sul", "tipo": "platform", "ref": null }, "geometry": { "type": "Point", "coordinates": [ -47.8885956, -15.806452 ] } },
{ "type": "Feature", "properties": { "id_osm": 10055243321, "nome": "102 Sul - BRT Expresso DF", "tipo": "platform", "ref": "3349" }, "geometry": { "type": "Point", "coordinates": [ -47.8899969, -15.8056544 ] } },
{ "type": "Feature", "properties": { "id_osm": 10055243322, "nome": "102 Sul", "tipo": "platform", "ref": null }, "geometry": { "type": "Point", "coordinates": [ -47.889815, -15.8054392 ] } },
{ "type": "Feature", "properties": { "id_osm": 10055243323, "nome": "102 Sul", "tipo": "platform", "ref": null }, "geometry": { "type": "Point", "coordinates": [ -47.8896615, -15.805272 ] } },
{ "type": "Feature", "properties": { "id_osm": 10055243337, "nome": "104 Sul - BRT Expresso DF", "tipo": "platform", "ref": "3345" }, "geometry": { "type": "Point", "coordinates": [ -47.8942927, -15.8103014 ] } },
{ "type": "Feature", "properties": { "id_osm": 10055243338, "nome": "104 Sul", "tipo": "platform", "ref": null }, "geometry": { "type": "Point", "coordinates": [ -47.8941309, -15.8101576 ] } },
{ "type": "Feature", "properties": { "id_osm": 10055243339, "nome": "104 Sul", "tipo": "platform", "ref": null }, "geometry": { "type": "Point", "coordinates": [ -47.8930731, -15.8113723 ] } },
{ "type": "Feature", "properties": { "id_osm": 10055243341, "nome": "104 Sul - BRT Expresso DF", "tipo": "platform", "ref": null }, "geometry": { "type": "Point", "coordinates": [ -47.8928781, -15.8111612 ] } },
{ "type": "Feature", "properties": { "id_osm": 10055243348, "nome": "106 Sul - BRT Expresso DF", "tipo": "platform", "ref": "3291" }, "geometry": { "type": "Point", "coordinates": [ -47.8992517, -15.8148342 ] } },
{ "type": "Feature", "properties": { "id_osm": 10055243349, "nome": "106 Sul", "tipo": "platform", "ref": null }, "geometry": { "type": "Point", "coordinates": [ -47.8988792, -15.8145473 ] } },
{ "type": "Feature", "properties": { "id_osm": 10055243355, "nome": "106 Sul - BRT Expresso DF", "tipo": "platform", "ref": null }, "geometry": { "type": "Point", "coordinates": [ -47.8978413, -15.8157264 ] } },
{ "type": "Feature", "properties": { "id_osm": 10055243357, "nome": "106 Sul", "tipo": "platform", "ref": null }, "geometry": { "type": "Point", "coordinates": [ -47.8982253, -15.8160329 ] } },
{ "type": "Feature", "properties": { "id_osm": 10055243364, "nome": "108 Sul - BRT Expresso DF", "tipo": "platform", "ref": "3365" }, "geometry": { "type": "Point", "coordinates": [ -47.9045682, -15.8187668 ] } },
{ "type": "Feature", "properties": { "id_osm": 10055243365, "nome": "108 Sul", "tipo": "platform", "ref": null }, "geometry": { "type": "Point", "coordinates": [ -47.9043491, -15.8186231 ] } },
{ "type": "Feature", "properties": { "id_osm": 10055243366, "nome": "108 Sul", "tipo": "platform", "ref": null }, "geometry": { "type": "Point", "coordinates": [ -47.9041361, -15.8184629 ] } },
{ "type": "Feature", "properties": { "id_osm": 10055243381, "nome": "108 Sul", "tipo": "platform", "ref": null }, "geometry": { "type": "Point", "coordinates": [ -47.9033963, -15.8198585 ] } },
{ "type": "Feature", "properties": { "id_osm": 10055243382, "nome": "108 Sul - BRT Expresso DF", "tipo": "platform", "ref": null }, "geometry": { "type": "Point", "coordinates": [ -47.9032193, -15.8197316 ] } },
{ "type": "Feature", "properties": { "id_osm": 10055243383, "nome": "108 Sul", "tipo": "platform", "ref": null }, "geometry": { "type": "Point", "coordinates": [ -47.9035714, -15.8199794 ] } },
{ "type": "Feature", "properties": { "id_osm": 10055243404, "nome": "110 Sul - BRT Expresso DF", "tipo": "platform", "ref": "3361" }, "geometry": { "type": "Point", "coordinates": [ -47.9099313, -15.8226383 ] } },
{ "type": "Feature", "properties": { "id_osm": 10055243405, "nome": "110 Sul", "tipo": "platform", "ref": null }, "geometry": { "type": "Point", "coordinates": [ -47.9095263, -15.8223544 ] } },
{ "type": "Feature", "properties": { "id_osm": 10055243426, "nome": "110 Sul - BRT Expresso DF", "tipo": "platform", "ref": null }, "geometry": { "type": "Point", "coordinates": [ -47.908592, -15.8236221 ] } },
{ "type": "Feature", "properties": { "id_osm": 10055243427, "nome": "110 Sul", "tipo": "platform", "ref": null }, "geometry": { "type": "Point", "coordinates": [ -47.9089556, -15.8238807 ] } },
{ "type": "Feature", "properties": { "id_osm": 10055243435, "nome": "112 Sul - BRT Expresso DF", "tipo": "platform", "ref": "3357" }, "geometry": { "type": "Point", "coordinates": [ -47.9150955, -15.8263786 ] } },
{ "type": "Feature", "properties": { "id_osm": 10055243436, "nome": "112 Sul", "tipo": "platform", "ref": null }, "geometry": { "type": "Point", "coordinates": [ -47.9149332, -15.8262572 ] } },
{ "type": "Feature", "properties": { "id_osm": 10055243447, "nome": "112 Sul - BRT Expresso DF", "tipo": "platform", "ref": null }, "geometry": { "type": "Point", "coordinates": [ -47.9139359, -15.8274825 ] } },
{ "type": "Feature", "properties": { "id_osm": 10055243448, "nome": "112 Sul", "tipo": "platform", "ref": null }, "geometry": { "type": "Point", "coordinates": [ -47.9143906, -15.8278135 ] } },
{ "type": "Feature", "properties": { "id_osm": 10055243471, "nome": "114 Sul - BRT Expresso DF", "tipo": "platform", "ref": "3398" }, "geometry": { "type": "Point", "coordinates": [ -47.9205779, -15.8303646 ] } },
{ "type": "Feature", "properties": { "id_osm": 10055243472, "nome": "114 Sul", "tipo": "platform", "ref": null }, "geometry": { "type": "Point", "coordinates": [ -47.9203528, -15.8302022 ] } },
{ "type": "Feature", "properties": { "id_osm": 10055243485, "nome": "114 Sul - BRT Expresso DF", "tipo": "platform", "ref": null }, "geometry": { "type": "Point", "coordinates": [ -47.9194444, -15.8314183 ] } },
{ "type": "Feature", "properties": { "id_osm": 10055243486, "nome": "114 Sul", "tipo": "platform", "ref": null }, "geometry": { "type": "Point", "coordinates": [ -47.9196425, -15.831555 ] } },
{ "type": "Feature", "properties": { "id_osm": 10164645887, "nome": "Av. das Palmeiras C7", "tipo": "platform", "ref": "5184" }, "geometry": { "type": "Point", "coordinates": [ -48.0562944, -15.8310991 ] } },
{ "type": "Feature", "properties": { "id_osm": 10164645888, "nome": "Av. das Palmeiras C4", "tipo": "platform", "ref": "5178" }, "geometry": { "type": "Point", "coordinates": [ -48.0547411, -15.8305955 ] } },
{ "type": "Feature", "properties": { "id_osm": 10188902978, "nome": null, "tipo": "platform", "ref": null }, "geometry": { "type": "Point", "coordinates": [ -47.7709577, -15.804265 ] } },
{ "type": "Feature", "properties": { "id_osm": 10238988174, "nome": "Box 8", "tipo": "platform", "ref": null }, "geometry": { "type": "Point", "coordinates": [ -47.7859144, -15.6500781 ] } },
{ "type": "Feature", "properties": { "id_osm": 10238988175, "nome": "Box 9", "tipo": "platform", "ref": null }, "geometry": { "type": "Point", "coordinates": [ -47.7860464, -15.6498156 ] } },
{ "type": "Feature", "properties": { "id_osm": 10303038429, "nome": "ponto de ônibus", "tipo": "platform", "ref": "2" }, "geometry": { "type": "Point", "coordinates": [ -47.9854158, -15.8100143 ] } },
{ "type": "Feature", "properties": { "id_osm": 10303038430, "nome": null, "tipo": "platform", "ref": "3" }, "geometry": { "type": "Point", "coordinates": [ -47.9859891, -15.8076033 ] } },
{ "type": "Feature", "properties": { "id_osm": 10303038431, "nome": null, "tipo": "platform", "ref": "4" }, "geometry": { "type": "Point", "coordinates": [ -47.987518, -15.8073751 ] } },
{ "type": "Feature", "properties": { "id_osm": 10303038432, "nome": null, "tipo": "platform", "ref": "5" }, "geometry": { "type": "Point", "coordinates": [ -47.9903038, -15.8069624 ] } },
{ "type": "Feature", "properties": { "id_osm": 10303050099, "nome": "Ponto de Onibus", "tipo": "platform", "ref": "1" }, "geometry": { "type": "Point", "coordinates": [ -48.0605201, -15.8485092 ] } },
{ "type": "Feature", "properties": { "id_osm": 10303050606, "nome": null, "tipo": "platform", "ref": "7" }, "geometry": { "type": "Point", "coordinates": [ -47.9883881, -15.8106643 ] } },
{ "type": "Feature", "properties": { "id_osm": 10303572582, "nome": null, "tipo": "platform", "ref": null }, "geometry": { "type": "Point", "coordinates": [ -47.6828219, -15.6019424 ] } },
{ "type": "Feature", "properties": { "id_osm": 10303572583, "nome": null, "tipo": "platform", "ref": null }, "geometry": { "type": "Point", "coordinates": [ -47.6854044, -15.6033696 ] } },
{ "type": "Feature", "properties": { "id_osm": 10303572584, "nome": null, "tipo": "platform", "ref": null }, "geometry": { "type": "Point", "coordinates": [ -47.6855795, -15.6034685 ] } },
{ "type": "Feature", "properties": { "id_osm": 10303572585, "nome": null, "tipo": "platform", "ref": null }, "geometry": { "type": "Point", "coordinates": [ -47.6822352, -15.6007948 ] } },
{ "type": "Feature", "properties": { "id_osm": 10303572586, "nome": null, "tipo": "platform", "ref": null }, "geometry": { "type": "Point", "coordinates": [ -47.6823052, -15.600833 ] } },
{ "type": "Feature", "properties": { "id_osm": 10303572587, "nome": null, "tipo": "platform", "ref": null }, "geometry": { "type": "Point", "coordinates": [ -47.6829754, -15.5987516 ] } },
{ "type": "Feature", "properties": { "id_osm": 10303572588, "nome": null, "tipo": "platform", "ref": null }, "geometry": { "type": "Point", "coordinates": [ -47.6847873, -15.599731 ] } },
{ "type": "Feature", "properties": { "id_osm": 10303572589, "nome": null, "tipo": "platform", "ref": null }, "geometry": { "type": "Point", "coordinates": [ -47.6863611, -15.6006149 ] } },
{ "type": "Feature", "properties": { "id_osm": 10303572590, "nome": null, "tipo": "platform", "ref": null }, "geometry": { "type": "Point", "coordinates": [ -47.6883727, -15.6017202 ] } },
{ "type": "Feature", "properties": { "id_osm": 10303572591, "nome": null, "tipo": "platform", "ref": null }, "geometry": { "type": "Point", "coordinates": [ -47.690424, -15.6028616 ] } },
{ "type": "Feature", "properties": { "id_osm": 10303572592, "nome": null, "tipo": "platform", "ref": null }, "geometry": { "type": "Point", "coordinates": [ -47.6879664, -15.6024208 ] } },
{ "type": "Feature", "properties": { "id_osm": 10303572593, "nome": null, "tipo": "platform", "ref": null }, "geometry": { "type": "Point", "coordinates": [ -47.6859752, -15.6012714 ] } },
{ "type": "Feature", "properties": { "id_osm": 10303572594, "nome": null, "tipo": "platform", "ref": null }, "geometry": { "type": "Point", "coordinates": [ -47.6843967, -15.6003898 ] } },
{ "type": "Feature", "properties": { "id_osm": 10303572595, "nome": null, "tipo": "platform", "ref": null }, "geometry": { "type": "Point", "coordinates": [ -47.6818391, -15.6018787 ] } },
{ "type": "Feature", "properties": { "id_osm": 10303572596, "nome": null, "tipo": "platform", "ref": null }, "geometry": { "type": "Point", "coordinates": [ -47.6848801, -15.6035939 ] } },
{ "type": "Feature", "properties": { "id_osm": 10312419823, "nome": null, "tipo": "platform", "ref": null }, "geometry": { "type": "Point", "coordinates": [ -47.9698346, -15.871976 ] } },
{ "type": "Feature", "properties": { "id_osm": 10313491044, "nome": null, "tipo": "platform", "ref": null }, "geometry": { "type": "Point", "coordinates": [ -48.1943642, -15.6578843 ] } },
{ "type": "Feature", "properties": { "id_osm": 10315473485, "nome": "Lúcio Costa (Marginal EPTG)", "tipo": "platform", "ref": null }, "geometry": { "type": "Point", "coordinates": [ -47.9880299, -15.8110665 ] } },
{ "type": "Feature", "properties": { "id_osm": 10602904617, "nome": "EPDB, km 22 leste", "tipo": "platform", "ref": null }, "geometry": { "type": "Point", "coordinates": [ -47.8185105, -15.8352962 ] } },
{ "type": "Feature", "properties": { "id_osm": 10602904619, "nome": "EPDB, km 22,8 leste", "tipo": "platform", "ref": null }, "geometry": { "type": "Point", "coordinates": [ -47.8127374, -15.8313788 ] } },
{ "type": "Feature", "properties": { "id_osm": 10602904620, "nome": "EPDB, km 22,6 oeste", "tipo": "platform", "ref": null }, "geometry": { "type": "Point", "coordinates": [ -47.8139677, -15.8319399 ] } },
{ "type": "Feature", "properties": { "id_osm": 10602904621, "nome": "EPDB, km 23,1 leste", "tipo": "platform", "ref": null }, "geometry": { "type": "Point", "coordinates": [ -47.8105658, -15.8293763 ] } },
{ "type": "Feature", "properties": { "id_osm": 10602904622, "nome": "EPDB, km 23,1 oeste", "tipo": "platform", "ref": null }, "geometry": { "type": "Point", "coordinates": [ -47.810802, -15.8290112 ] } },
{ "type": "Feature", "properties": { "id_osm": 10602904623, "nome": "EPDB, km 23,6 leste", "tipo": "platform", "ref": null }, "geometry": { "type": "Point", "coordinates": [ -47.8071199, -15.8261983 ] } },
{ "type": "Feature", "properties": { "id_osm": 10602904624, "nome": "EPDB, km 23,7 oeste", "tipo": "platform", "ref": null }, "geometry": { "type": "Point", "coordinates": [ -47.8067675, -15.8252861 ] } },
{ "type": "Feature", "properties": { "id_osm": 10602904627, "nome": "EPDB, km 24,3 oeste", "tipo": "platform", "ref": null }, "geometry": { "type": "Point", "coordinates": [ -47.8054234, -15.8205839 ] } },
{ "type": "Feature", "properties": { "id_osm": 10602904628, "nome": "EPDB, km 24,4 leste", "tipo": "platform", "ref": null }, "geometry": { "type": "Point", "coordinates": [ -47.8050518, -15.8201425 ] } },
{ "type": "Feature", "properties": { "id_osm": 10602904629, "nome": "Epdb, SHIS QI 29", "tipo": "platform", "ref": null }, "geometry": { "type": "Point", "coordinates": [ -47.8057503, -15.8174667 ] } },
{ "type": "Feature", "properties": { "id_osm": 10602904630, "nome": "EPDB, km 24,6 oeste", "tipo": "platform", "ref": null }, "geometry": { "type": "Point", "coordinates": [ -47.8060128, -15.8182029 ] } },
{ "type": "Feature", "properties": { "id_osm": 10719940694, "nome": null, "tipo": "platform", "ref": null }, "geometry": { "type": "Point", "coordinates": [ -47.7809667, -15.7308153 ] } },
{ "type": "Feature", "properties": { "id_osm": 10719940695, "nome": null, "tipo": "platform", "ref": null }, "geometry": { "type": "Point", "coordinates": [ -47.7792325, -15.7301261 ] } },
{ "type": "Feature", "properties": { "id_osm": 10720088676, "nome": null, "tipo": "platform", "ref": null }, "geometry": { "type": "Point", "coordinates": [ -47.7838876, -15.7314943 ] } },
{ "type": "Feature", "properties": { "id_osm": 10742935705, "nome": "Entrada L2 Norte", "tipo": "platform", "ref": "3431" }, "geometry": { "type": "Point", "coordinates": [ -47.8750832, -15.794187 ] } },
{ "type": "Feature", "properties": { "id_osm": 10742935713, "nome": "CDT/UnB", "tipo": "stop_position", "ref": "5774" }, "geometry": { "type": "Point", "coordinates": [ -47.8663919, -15.7746291 ] } },
{ "type": "Feature", "properties": { "id_osm": 10742935751, "nome": "ICC Sul (Sentido Sul)", "tipo": "platform", "ref": "3414" }, "geometry": { "type": "Point", "coordinates": [ -47.86962, -15.7664822 ] } },
{ "type": "Feature", "properties": { "id_osm": 10742935763, "nome": "ICC Norte (Sentido Sul)", "tipo": "platform", "ref": "3429" }, "geometry": { "type": "Point", "coordinates": [ -47.8719674, -15.7632282 ] } },
{ "type": "Feature", "properties": { "id_osm": 10742935767, "nome": "Postinho (Sentido L3 Norte)", "tipo": "platform", "ref": "3428" }, "geometry": { "type": "Point", "coordinates": [ -47.8739529, -15.7609049 ] } },
{ "type": "Feature", "properties": { "id_osm": 10743914859, "nome": "ICC Sul/FS/BSAS S", "tipo": "platform", "ref": "3416" }, "geometry": { "type": "Point", "coordinates": [ -47.8676735, -15.7674409 ] } },
{ "type": "Feature", "properties": { "id_osm": 10743914860, "nome": "ICC Sul/IB", "tipo": "platform", "ref": "3418" }, "geometry": { "type": "Point", "coordinates": [ -47.8661435, -15.7654049 ] } },
{ "type": "Feature", "properties": { "id_osm": 10743914873, "nome": "Hospital Veterinário/UnB", "tipo": "platform", "ref": null }, "geometry": { "type": "Point", "coordinates": [ -47.8763385, -15.748605 ] } },
{ "type": "Feature", "properties": { "id_osm": 10743914880, "nome": "Reitoria (Sentindo ICC Norte)", "tipo": "platform", "ref": "3420" }, "geometry": { "type": "Point", "coordinates": [ -47.865525, -15.7621624 ] } },
{ "type": "Feature", "properties": { "id_osm": 10744412785, "nome": "Retorno Pistão Sul", "tipo": "platform", "ref": "4974" }, "geometry": { "type": "Point", "coordinates": [ -48.0297726, -15.8724912 ] } },
{ "type": "Feature", "properties": { "id_osm": 10744412789, "nome": "Retorno Pistão Sul (Sentido Taguatinga)", "tipo": "platform", "ref": "4975" }, "geometry": { "type": "Point", "coordinates": [ -48.0295475, -15.8722231 ] } },
{ "type": "Feature", "properties": { "id_osm": 10744412798, "nome": "Católica (Sentido Taguatinga)", "tipo": "platform", "ref": "4976" }, "geometry": { "type": "Point", "coordinates": [ -48.0319404, -15.8677717 ] } },
{ "type": "Feature", "properties": { "id_osm": 10744481923, "nome": "Caixa Econômica", "tipo": "platform", "ref": "5322" }, "geometry": { "type": "Point", "coordinates": [ -48.0153439, -15.8377187 ] } },
{ "type": "Feature", "properties": { "id_osm": 10744481924, "nome": null, "tipo": "platform", "ref": null }, "geometry": { "type": "Point", "coordinates": [ -48.010157, -15.8301376 ] } },
{ "type": "Feature", "properties": { "id_osm": 10744481925, "nome": null, "tipo": "platform", "ref": "6429" }, "geometry": { "type": "Point", "coordinates": [ -48.0125203, -15.8283583 ] } },
{ "type": "Feature", "properties": { "id_osm": 10744481926, "nome": "Estação Arniqueiras", "tipo": "platform", "ref": "5388" }, "geometry": { "type": "Point", "coordinates": [ -48.0163173, -15.8346522 ] } },
{ "type": "Feature", "properties": { "id_osm": 10744481927, "nome": "Parque de Águas Claras", "tipo": "platform", "ref": "5289" }, "geometry": { "type": "Point", "coordinates": [ -48.0191053, -15.8358657 ] } },
{ "type": "Feature", "properties": { "id_osm": 10744481928, "nome": "CAESB", "tipo": "platform", "ref": "5291" }, "geometry": { "type": "Point", "coordinates": [ -48.0220511, -15.837139 ] } },
{ "type": "Feature", "properties": { "id_osm": 10744481929, "nome": "Faculdae UNIPLAN", "tipo": "platform", "ref": "5304" }, "geometry": { "type": "Point", "coordinates": [ -48.026929, -15.8384664 ] } },
{ "type": "Feature", "properties": { "id_osm": 10744481930, "nome": "Conteiner", "tipo": "platform", "ref": "5294" }, "geometry": { "type": "Point", "coordinates": [ -48.0293543, -15.8384134 ] } },
{ "type": "Feature", "properties": { "id_osm": 10744481931, "nome": null, "tipo": "platform", "ref": "5295" }, "geometry": { "type": "Point", "coordinates": [ -48.0330006, -15.8373785 ] } },
{ "type": "Feature", "properties": { "id_osm": 10744481933, "nome": null, "tipo": "platform", "ref": "5296" }, "geometry": { "type": "Point", "coordinates": [ -48.034185, -15.8364353 ] } },
{ "type": "Feature", "properties": { "id_osm": 10744481934, "nome": "CEUB", "tipo": "platform", "ref": "5322" }, "geometry": { "type": "Point", "coordinates": [ -48.045767, -15.8349118 ] } },
{ "type": "Feature", "properties": { "id_osm": 10744495207, "nome": "Católica (Sentido Pistão Sul)", "tipo": "platform", "ref": "4973" }, "geometry": { "type": "Point", "coordinates": [ -48.0323534, -15.8676122 ] } },
{ "type": "Feature", "properties": { "id_osm": 10744495208, "nome": "Católica (Sentido Pistão Sul)", "tipo": "platform", "ref": "4977" }, "geometry": { "type": "Point", "coordinates": [ -48.0335526, -15.8647786 ] } },
{ "type": "Feature", "properties": { "id_osm": 10744495209, "nome": "Colégio Católica (Sentido Pistão Sul)", "tipo": "platform", "ref": "4978" }, "geometry": { "type": "Point", "coordinates": [ -48.0342594, -15.8634412 ] } },
{ "type": "Feature", "properties": { "id_osm": 10744495210, "nome": "QSF 5", "tipo": "platform", "ref": "4176" }, "geometry": { "type": "Point", "coordinates": [ -48.0359313, -15.8637011 ] } },
{ "type": "Feature", "properties": { "id_osm": 10744495211, "nome": "QSF 5", "tipo": "platform", "ref": "4973" }, "geometry": { "type": "Point", "coordinates": [ -48.0371948, -15.8613743 ] } },
{ "type": "Feature", "properties": { "id_osm": 10744495212, "nome": "Acesso CEM 3", "tipo": "platform", "ref": "4170" }, "geometry": { "type": "Point", "coordinates": [ -48.0390756, -15.8601001 ] } },
{ "type": "Feature", "properties": { "id_osm": 10744495213, "nome": "CEM 3", "tipo": "platform", "ref": "5171" }, "geometry": { "type": "Point", "coordinates": [ -48.0403068, -15.8593721 ] } },
{ "type": "Feature", "properties": { "id_osm": 10744495214, "nome": "CEF 10", "tipo": "platform", "ref": "5172" }, "geometry": { "type": "Point", "coordinates": [ -48.0413362, -15.8574478 ] } },
{ "type": "Feature", "properties": { "id_osm": 10744495215, "nome": "Boca da Mata", "tipo": "platform", "ref": "5173" }, "geometry": { "type": "Point", "coordinates": [ -48.0423237, -15.8568281 ] } },
{ "type": "Feature", "properties": { "id_osm": 10744495216, "nome": "EC 11", "tipo": "platform", "ref": "5174" }, "geometry": { "type": "Point", "coordinates": [ -48.044316, -15.8554301 ] } },
{ "type": "Feature", "properties": { "id_osm": 10744495217, "nome": "Escola Classe 11", "tipo": "platform", "ref": "5160" }, "geometry": { "type": "Point", "coordinates": [ -48.0445329, -15.8561989 ] } },
{ "type": "Feature", "properties": { "id_osm": 10744495218, "nome": "Quadras QSE", "tipo": "platform", "ref": "5161" }, "geometry": { "type": "Point", "coordinates": [ -48.043697, -15.8577602 ] } },
{ "type": "Feature", "properties": { "id_osm": 10744495219, "nome": "Fim da Samdu Sul (Sentido Norte)", "tipo": "platform", "ref": "5037" }, "geometry": { "type": "Point", "coordinates": [ -48.0456744, -15.8529922 ] } },
{ "type": "Feature", "properties": { "id_osm": 10744495221, "nome": "Fim da Samdu Sul (Sentido Sul)", "tipo": "platform", "ref": null }, "geometry": { "type": "Point", "coordinates": [ -48.0457972, -15.8530353 ] } },
{ "type": "Feature", "properties": { "id_osm": 10744495222, "nome": "Centro de Saúde 5(Sentido Norte)", "tipo": "platform", "ref": "5038" }, "geometry": { "type": "Point", "coordinates": [ -48.0466341, -15.8511915 ] } },
{ "type": "Feature", "properties": { "id_osm": 10744495223, "nome": "Centro de Saúde 5(Sentido Sul)", "tipo": "platform", "ref": "5055" }, "geometry": { "type": "Point", "coordinates": [ -48.0468639, -15.8507292 ] } },
{ "type": "Feature", "properties": { "id_osm": 10744495224, "nome": "EC 10", "tipo": "platform", "ref": "5054" }, "geometry": { "type": "Point", "coordinates": [ -48.0476301, -15.8494327 ] } },
{ "type": "Feature", "properties": { "id_osm": 10744495226, "nome": "Samdu Sul/QSD 13(Sentido Norte)", "tipo": "platform", "ref": "5040" }, "geometry": { "type": "Point", "coordinates": [ -48.0492778, -15.8457918 ] } },
{ "type": "Feature", "properties": { "id_osm": 10744495230, "nome": "Samdu Sul/QSD 13(Sentido Sul)", "tipo": "platform", "ref": "5053" }, "geometry": { "type": "Point", "coordinates": [ -48.049439, -15.8458669 ] } },
{ "type": "Feature", "properties": { "id_osm": 10744495232, "nome": null, "tipo": "platform", "ref": "5042" }, "geometry": { "type": "Point", "coordinates": [ -48.0521741, -15.842921 ] } },
{ "type": "Feature", "properties": { "id_osm": 10744495233, "nome": "Mercado Sul", "tipo": "platform", "ref": "5044" }, "geometry": { "type": "Point", "coordinates": [ -48.0548418, -15.8414863 ] } },
{ "type": "Feature", "properties": { "id_osm": 10744495234, "nome": "Samdu Sul CSC 5 /QSB 7", "tipo": "platform", "ref": "5045" }, "geometry": { "type": "Point", "coordinates": [ -48.0573054, -15.8397283 ] } },
{ "type": "Feature", "properties": { "id_osm": 10744495235, "nome": "CILT/Adventista", "tipo": "platform", "ref": "5047" }, "geometry": { "type": "Point", "coordinates": [ -48.0590178, -15.8376058 ] } },
{ "type": "Feature", "properties": { "id_osm": 10744495240, "nome": "CEMEIT", "tipo": "platform", "ref": "5183" }, "geometry": { "type": "Point", "coordinates": [ -48.0595173, -15.8320801 ] } },
{ "type": "Feature", "properties": { "id_osm": 10744495241, "nome": "Av. das Palmeiras C7", "tipo": "platform", "ref": null }, "geometry": { "type": "Point", "coordinates": [ -48.054781, -15.8305476 ] } },
{ "type": "Feature", "properties": { "id_osm": 10744495243, "nome": "Espazzio Duo/LS/Smart Fit", "tipo": "platform", "ref": "4965" }, "geometry": { "type": "Point", "coordinates": [ -48.0467345, -15.8408662 ] } },
{ "type": "Feature", "properties": { "id_osm": 10744495244, "nome": "Pistão Sul", "tipo": "platform", "ref": null }, "geometry": { "type": "Point", "coordinates": [ -48.0433714, -15.8465357 ] } },
{ "type": "Feature", "properties": { "id_osm": 10744495249, "nome": "Praça 34/35 Sul", "tipo": "platform", "ref": "5316" }, "geometry": { "type": "Point", "coordinates": [ -48.0381029, -15.8377234 ] } },
{ "type": "Feature", "properties": { "id_osm": 10744495250, "nome": "Praça 30/31 Sul/Smart Fit", "tipo": "platform", "ref": null }, "geometry": { "type": "Point", "coordinates": [ -48.0357312, -15.8395562 ] } },
{ "type": "Feature", "properties": { "id_osm": 10744495251, "nome": "Águas Claras Shopping", "tipo": "platform", "ref": "5317" }, "geometry": { "type": "Point", "coordinates": [ -48.0260318, -15.8416528 ] } },
{ "type": "Feature", "properties": { "id_osm": 10744495252, "nome": "Faisão", "tipo": "platform", "ref": "5319" }, "geometry": { "type": "Point", "coordinates": [ -48.0219982, -15.8406223 ] } },
{ "type": "Feature", "properties": { "id_osm": 10744495253, "nome": "Praça 16 Sul/Praça João de Barro", "tipo": "platform", "ref": null }, "geometry": { "type": "Point", "coordinates": [ -48.0201769, -15.8398434 ] } },
{ "type": "Feature", "properties": { "id_osm": 10746626310, "nome": "Comercial Sul", "tipo": "platform", "ref": "5063" }, "geometry": { "type": "Point", "coordinates": [ -48.0527474, -15.8388892 ] } },
{ "type": "Feature", "properties": { "id_osm": 10746626311, "nome": "CE2/CEF3/Marista", "tipo": "platform", "ref": "5064" }, "geometry": { "type": "Point", "coordinates": [ -48.0484011, -15.8415749 ] } },
{ "type": "Feature", "properties": { "id_osm": 10746626312, "nome": "HSM", "tipo": "platform", "ref": "5163" }, "geometry": { "type": "Point", "coordinates": [ -48.042283, -15.8604369 ] } },
{ "type": "Feature", "properties": { "id_osm": 10749761837, "nome": null, "tipo": "platform", "ref": null }, "geometry": { "type": "Point", "coordinates": [ -47.7774619, -15.7510614 ] } },
{ "type": "Feature", "properties": { "id_osm": 10749761838, "nome": null, "tipo": "platform", "ref": null }, "geometry": { "type": "Point", "coordinates": [ -47.7774524, -15.7509581 ] } },
{ "type": "Feature", "properties": { "id_osm": 10749761840, "nome": null, "tipo": "platform", "ref": null }, "geometry": { "type": "Point", "coordinates": [ -47.7789986, -15.7514913 ] } },
{ "type": "Feature", "properties": { "id_osm": 10749761841, "nome": null, "tipo": "platform", "ref": null }, "geometry": { "type": "Point", "coordinates": [ -47.7788129, -15.7515462 ] } },
{ "type": "Feature", "properties": { "id_osm": 10749784839, "nome": null, "tipo": "platform", "ref": null }, "geometry": { "type": "Point", "coordinates": [ -47.7810908, -15.7812883 ] } },
{ "type": "Feature", "properties": { "id_osm": 10749784856, "nome": null, "tipo": "platform", "ref": null }, "geometry": { "type": "Point", "coordinates": [ -47.7825766, -15.7816869 ] } },
{ "type": "Feature", "properties": { "id_osm": 10749784878, "nome": null, "tipo": "platform", "ref": null }, "geometry": { "type": "Point", "coordinates": [ -47.7830433, -15.7768991 ] } },
{ "type": "Feature", "properties": { "id_osm": 10749784879, "nome": null, "tipo": "platform", "ref": null }, "geometry": { "type": "Point", "coordinates": [ -47.7826965, -15.7775339 ] } },
{ "type": "Feature", "properties": { "id_osm": 10749784881, "nome": null, "tipo": "platform", "ref": null }, "geometry": { "type": "Point", "coordinates": [ -47.7755081, -15.7772225 ] } },
{ "type": "Feature", "properties": { "id_osm": 10749784882, "nome": null, "tipo": "platform", "ref": null }, "geometry": { "type": "Point", "coordinates": [ -47.7758065, -15.7777555 ] } },
{ "type": "Feature", "properties": { "id_osm": 10749784883, "nome": null, "tipo": "platform", "ref": null }, "geometry": { "type": "Point", "coordinates": [ -47.7750252, -15.7750627 ] } },
{ "type": "Feature", "properties": { "id_osm": 10749784884, "nome": null, "tipo": "platform", "ref": null }, "geometry": { "type": "Point", "coordinates": [ -47.7751658, -15.7747048 ] } },
{ "type": "Feature", "properties": { "id_osm": 10749784885, "nome": null, "tipo": "platform", "ref": null }, "geometry": { "type": "Point", "coordinates": [ -47.7742301, -15.7713036 ] } },
{ "type": "Feature", "properties": { "id_osm": 10749784886, "nome": null, "tipo": "platform", "ref": null }, "geometry": { "type": "Point", "coordinates": [ -47.7742771, -15.770556 ] } },
{ "type": "Feature", "properties": { "id_osm": 10749784887, "nome": null, "tipo": "platform", "ref": null }, "geometry": { "type": "Point", "coordinates": [ -47.7756481, -15.7650462 ] } },
{ "type": "Feature", "properties": { "id_osm": 10749784888, "nome": null, "tipo": "platform", "ref": null }, "geometry": { "type": "Point", "coordinates": [ -47.7754718, -15.7651468 ] } },
{ "type": "Feature", "properties": { "id_osm": 10749784889, "nome": null, "tipo": "platform", "ref": null }, "geometry": { "type": "Point", "coordinates": [ -47.7769293, -15.7616801 ] } },
{ "type": "Feature", "properties": { "id_osm": 10749784890, "nome": null, "tipo": "platform", "ref": null }, "geometry": { "type": "Point", "coordinates": [ -47.776714, -15.7617675 ] } },
{ "type": "Feature", "properties": { "id_osm": 10765607290, "nome": "UPA Gama", "tipo": "platform", "ref": "1895" }, "geometry": { "type": "Point", "coordinates": [ -48.054013, -16.0147936 ] } },
{ "type": "Feature", "properties": { "id_osm": 10767401079, "nome": null, "tipo": "platform", "ref": null }, "geometry": { "type": "Point", "coordinates": [ -47.7817025, -15.7792147 ] } },
{ "type": "Feature", "properties": { "id_osm": 10767735616, "nome": "UPA - Planaltina", "tipo": "platform", "ref": "3099/7772" }, "geometry": { "type": "Point", "coordinates": [ -47.6904748, -15.6161632 ] } },
{ "type": "Feature", "properties": { "id_osm": 10767735655, "nome": "UPA - Recanto das Emas", "tipo": "platform", "ref": "7891" }, "geometry": { "type": "Point", "coordinates": [ -48.0576326, -15.9113888 ] } },
{ "type": "Feature", "properties": { "id_osm": 10767825346, "nome": "UPA - Vicente Pires", "tipo": "platform", "ref": "7792" }, "geometry": { "type": "Point", "coordinates": [ -48.0226044, -15.7975592 ] } },
{ "type": "Feature", "properties": { "id_osm": 10767883605, "nome": "UPA - São Sebastião", "tipo": "platform", "ref": "4448" }, "geometry": { "type": "Point", "coordinates": [ -47.7768551, -15.9023155 ] } },
{ "type": "Feature", "properties": { "id_osm": 10767883606, "nome": "UPA - São Sebastião", "tipo": "platform", "ref": "4449" }, "geometry": { "type": "Point", "coordinates": [ -47.7796826, -15.9002168 ] } },
{ "type": "Feature", "properties": { "id_osm": 10767883607, "nome": null, "tipo": "platform", "ref": "4438" }, "geometry": { "type": "Point", "coordinates": [ -47.7797288, -15.9003086 ] } },
{ "type": "Feature", "properties": { "id_osm": 10774189928, "nome": null, "tipo": "platform", "ref": null }, "geometry": { "type": "Point", "coordinates": [ -47.7954185, -15.7654784 ] } },
{ "type": "Feature", "properties": { "id_osm": 10774189929, "nome": null, "tipo": "platform", "ref": null }, "geometry": { "type": "Point", "coordinates": [ -47.7939597, -15.7647618 ] } },
{ "type": "Feature", "properties": { "id_osm": 10774189930, "nome": null, "tipo": "platform", "ref": null }, "geometry": { "type": "Point", "coordinates": [ -47.7937106, -15.7642034 ] } },
{ "type": "Feature", "properties": { "id_osm": 10774189935, "nome": null, "tipo": "platform", "ref": null }, "geometry": { "type": "Point", "coordinates": [ -47.7956613, -15.7648909 ] } },
{ "type": "Feature", "properties": { "id_osm": 10774189936, "nome": null, "tipo": "platform", "ref": null }, "geometry": { "type": "Point", "coordinates": [ -47.7948356, -15.7627172 ] } },
{ "type": "Feature", "properties": { "id_osm": 10774189939, "nome": null, "tipo": "platform", "ref": null }, "geometry": { "type": "Point", "coordinates": [ -47.7928254, -15.7630078 ] } },
{ "type": "Feature", "properties": { "id_osm": 10774189942, "nome": null, "tipo": "platform", "ref": null }, "geometry": { "type": "Point", "coordinates": [ -47.790151, -15.7627738 ] } },
{ "type": "Feature", "properties": { "id_osm": 10774189943, "nome": null, "tipo": "platform", "ref": null }, "geometry": { "type": "Point", "coordinates": [ -47.7894103, -15.7630335 ] } },
{ "type": "Feature", "properties": { "id_osm": 10774189946, "nome": null, "tipo": "platform", "ref": null }, "geometry": { "type": "Point", "coordinates": [ -47.7868531, -15.7630707 ] } },
{ "type": "Feature", "properties": { "id_osm": 10774189954, "nome": null, "tipo": "platform", "ref": null }, "geometry": { "type": "Point", "coordinates": [ -47.785712, -15.7626456 ] } },
{ "type": "Feature", "properties": { "id_osm": 10774189955, "nome": null, "tipo": "platform", "ref": null }, "geometry": { "type": "Point", "coordinates": [ -47.7848238, -15.7626066 ] } },
{ "type": "Feature", "properties": { "id_osm": 10774189956, "nome": null, "tipo": "platform", "ref": null }, "geometry": { "type": "Point", "coordinates": [ -47.788732, -15.7700059 ] } },
{ "type": "Feature", "properties": { "id_osm": 10774189957, "nome": null, "tipo": "platform", "ref": null }, "geometry": { "type": "Point", "coordinates": [ -47.7884891, -15.7703601 ] } },
{ "type": "Feature", "properties": { "id_osm": 10774189958, "nome": null, "tipo": "platform", "ref": null }, "geometry": { "type": "Point", "coordinates": [ -47.7886457, -15.7674937 ] } },
{ "type": "Feature", "properties": { "id_osm": 10774189959, "nome": null, "tipo": "platform", "ref": null }, "geometry": { "type": "Point", "coordinates": [ -47.7884538, -15.7679461 ] } },
{ "type": "Feature", "properties": { "id_osm": 10774189962, "nome": null, "tipo": "platform", "ref": null }, "geometry": { "type": "Point", "coordinates": [ -47.7886377, -15.7642246 ] } },
{ "type": "Feature", "properties": { "id_osm": 10774189963, "nome": null, "tipo": "platform", "ref": null }, "geometry": { "type": "Point", "coordinates": [ -47.7884208, -15.7643786 ] } },
{ "type": "Feature", "properties": { "id_osm": 10774517135, "nome": null, "tipo": "platform", "ref": null }, "geometry": { "type": "Point", "coordinates": [ -47.9230863, -15.8451463 ] } },
{ "type": "Feature", "properties": { "id_osm": 10774517136, "nome": null, "tipo": "platform", "ref": null }, "geometry": { "type": "Point", "coordinates": [ -47.9227235, -15.8455677 ] } },
{ "type": "Feature", "properties": { "id_osm": 10774517137, "nome": null, "tipo": "platform", "ref": null }, "geometry": { "type": "Point", "coordinates": [ -47.9226879, -15.8456694 ] } },
{ "type": "Feature", "properties": { "id_osm": 10774517138, "nome": null, "tipo": "platform", "ref": null }, "geometry": { "type": "Point", "coordinates": [ -47.9236845, -15.8473187 ] } },
{ "type": "Feature", "properties": { "id_osm": 10774517139, "nome": null, "tipo": "platform", "ref": null }, "geometry": { "type": "Point", "coordinates": [ -47.9222458, -15.847031 ] } },
{ "type": "Feature", "properties": { "id_osm": 10774517140, "nome": null, "tipo": "platform", "ref": null }, "geometry": { "type": "Point", "coordinates": [ -47.9204077, -15.8465609 ] } },
{ "type": "Feature", "properties": { "id_osm": 10774794231, "nome": null, "tipo": "platform", "ref": null }, "geometry": { "type": "Point", "coordinates": [ -47.9211932, -15.8399438 ] } },
{ "type": "Feature", "properties": { "id_osm": 10774794232, "nome": null, "tipo": "platform", "ref": null }, "geometry": { "type": "Point", "coordinates": [ -47.9210274, -15.8411361 ] } },
{ "type": "Feature", "properties": { "id_osm": 10774831488, "nome": null, "tipo": "platform", "ref": null }, "geometry": { "type": "Point", "coordinates": [ -47.9147142, -15.8352767 ] } },
{ "type": "Feature", "properties": { "id_osm": 10790910734, "nome": null, "tipo": "platform", "ref": null }, "geometry": { "type": "Point", "coordinates": [ -47.9073147, -15.838766 ] } },
{ "type": "Feature", "properties": { "id_osm": 10844964846, "nome": "BRT Granja do Ipê", "tipo": "platform", "ref": null }, "geometry": { "type": "Point", "coordinates": [ -47.9752788, -15.9225847 ] } },
{ "type": "Feature", "properties": { "id_osm": 10844971229, "nome": "BRT CAUB I", "tipo": "platform", "ref": "7020" }, "geometry": { "type": "Point", "coordinates": [ -48.0073664, -15.9540224 ] } },
{ "type": "Feature", "properties": { "id_osm": 10844971234, "nome": "BRT Periquito(Sentido Gama)", "tipo": "platform", "ref": "7022" }, "geometry": { "type": "Point", "coordinates": [ -48.0220969, -15.9672177 ] } },
{ "type": "Feature", "properties": { "id_osm": 10846348210, "nome": "BRT Gama", "tipo": "platform", "ref": "7024" }, "geometry": { "type": "Point", "coordinates": [ -48.0491559, -15.9912474 ] } },
{ "type": "Feature", "properties": { "id_osm": 10846348218, "nome": "BRT Periquito(Sentido Plano Piloto)", "tipo": "platform", "ref": "7022" }, "geometry": { "type": "Point", "coordinates": [ -48.0226567, -15.9679498 ] } },
{ "type": "Feature", "properties": { "id_osm": 10846348230, "nome": "BRT CAUB I", "tipo": "platform", "ref": "7020" }, "geometry": { "type": "Point", "coordinates": [ -48.007928, -15.9547154 ] } },
{ "type": "Feature", "properties": { "id_osm": 10846348233, "nome": "BRT Gama", "tipo": "platform", "ref": "7024" }, "geometry": { "type": "Point", "coordinates": [ -48.0503397, -15.9929412 ] } },
{ "type": "Feature", "properties": { "id_osm": 10860565405, "nome": null, "tipo": "platform", "ref": null }, "geometry": { "type": "Point", "coordinates": [ -47.88795, -15.7897452 ] } },
{ "type": "Feature", "properties": { "id_osm": 10864953343, "nome": "BRT Catetinho", "tipo": "platform", "ref": null }, "geometry": { "type": "Point", "coordinates": [ -47.9885226, -15.9426263 ] } },
{ "type": "Feature", "properties": { "id_osm": 10864953359, "nome": "BRT Vargem Bonita", "tipo": "platform", "ref": null }, "geometry": { "type": "Point", "coordinates": [ -47.9614222, -15.8916073 ] } },
{ "type": "Feature", "properties": { "id_osm": 10864953366, "nome": "BRT Park Way", "tipo": "platform", "ref": null }, "geometry": { "type": "Point", "coordinates": [ -47.9598244, -15.8806801 ] } },
{ "type": "Feature", "properties": { "id_osm": 10864953368, "nome": "Box BRT Santa Maria", "tipo": "platform", "ref": null }, "geometry": { "type": "Point", "coordinates": [ -47.9599079, -15.8804064 ] } },
{ "type": "Feature", "properties": { "id_osm": 10864953369, "nome": "Box BRT Gama", "tipo": "platform", "ref": null }, "geometry": { "type": "Point", "coordinates": [ -47.9598344, -15.879948 ] } },
{ "type": "Feature", "properties": { "id_osm": 10892455803, "nome": null, "tipo": "platform", "ref": "7565" }, "geometry": { "type": "Point", "coordinates": [ -47.9861326, -16.0030716 ] } },
{ "type": "Feature", "properties": { "id_osm": 10923266048, "nome": null, "tipo": "platform", "ref": null }, "geometry": { "type": "Point", "coordinates": [ -48.0179822, -15.8127523 ] } },
{ "type": "Feature", "properties": { "id_osm": 10966542625, "nome": null, "tipo": "platform", "ref": null }, "geometry": { "type": "Point", "coordinates": [ -48.1051101, -15.8114977 ] } },
{ "type": "Feature", "properties": { "id_osm": 11062183857, "nome": null, "tipo": "platform", "ref": null }, "geometry": { "type": "Point", "coordinates": [ -47.7636656, -15.7515769 ] } },
{ "type": "Feature", "properties": { "id_osm": 11165630810, "nome": null, "tipo": "platform", "ref": "1" }, "geometry": { "type": "Point", "coordinates": [ -48.0481585, -15.9120332 ] } },
{ "type": "Feature", "properties": { "id_osm": 11165633938, "nome": null, "tipo": "platform", "ref": "1" }, "geometry": { "type": "Point", "coordinates": [ -48.0484266, -15.91205 ] } },
{ "type": "Feature", "properties": { "id_osm": 11175204774, "nome": null, "tipo": "platform", "ref": null }, "geometry": { "type": "Point", "coordinates": [ -47.7810582, -15.7600369 ] } },
{ "type": "Feature", "properties": { "id_osm": 11178112587, "nome": null, "tipo": "platform", "ref": null }, "geometry": { "type": "Point", "coordinates": [ -47.8746272, -15.7150659 ] } },
{ "type": "Feature", "properties": { "id_osm": 11221543110, "nome": null, "tipo": "platform", "ref": null }, "geometry": { "type": "Point", "coordinates": [ -47.7798015, -15.7722394 ] } },
{ "type": "Feature", "properties": { "id_osm": 11221615052, "nome": null, "tipo": "platform", "ref": null }, "geometry": { "type": "Point", "coordinates": [ -47.7799594, -15.7653593 ] } },
{ "type": "Feature", "properties": { "id_osm": 11233546339, "nome": null, "tipo": "platform", "ref": null }, "geometry": { "type": "Point", "coordinates": [ -47.7831845, -15.7448725 ] } },
{ "type": "Feature", "properties": { "id_osm": 11233575937, "nome": null, "tipo": "platform", "ref": null }, "geometry": { "type": "Point", "coordinates": [ -47.7874245, -15.7340637 ] } },
{ "type": "Feature", "properties": { "id_osm": 11233575956, "nome": null, "tipo": "platform", "ref": null }, "geometry": { "type": "Point", "coordinates": [ -47.7811529, -15.7305554 ] } },
{ "type": "Feature", "properties": { "id_osm": 11233577238, "nome": null, "tipo": "platform", "ref": null }, "geometry": { "type": "Point", "coordinates": [ -47.7834895, -15.7317008 ] } },
{ "type": "Feature", "properties": { "id_osm": 11263141237, "nome": null, "tipo": "bus_stop", "ref": null }, "geometry": { "type": "Point", "coordinates": [ -47.8947438, -15.7882732 ] } },
{ "type": "Feature", "properties": { "id_osm": 11301229458, "nome": "UBS 16 / CEPI / Escola Classe", "tipo": "platform", "ref": "7743" }, "geometry": { "type": "Point", "coordinates": [ -48.1339383, -15.8343283 ] } },
{ "type": "Feature", "properties": { "id_osm": 11331850887, "nome": null, "tipo": "platform", "ref": null }, "geometry": { "type": "Point", "coordinates": [ -47.8019952, -15.6627574 ] } },
{ "type": "Feature", "properties": { "id_osm": 11345604273, "nome": "Av. das Araucárias - Av. Pau Brasil, Lote 13 (próximo ao Metrô Águas Claras)", "tipo": "platform", "ref": null }, "geometry": { "type": "Point", "coordinates": [ -48.0285906, -15.8416771 ] } },
{ "type": "Feature", "properties": { "id_osm": 11851392388, "nome": null, "tipo": "platform", "ref": null }, "geometry": { "type": "Point", "coordinates": [ -47.7800301, -15.7545747 ] } },
{ "type": "Feature", "properties": { "id_osm": 11867337619, "nome": "Boulevard Tag. Centro | Santander/Universal", "tipo": "platform", "ref": null }, "geometry": { "type": "Point", "coordinates": [ -48.0545961, -15.8331057 ] } },
{ "type": "Feature", "properties": { "id_osm": 11867337620, "nome": "Boulevard Tag. Centro | C9 (Discodil)", "tipo": "platform", "ref": null }, "geometry": { "type": "Point", "coordinates": [ -48.0584114, -15.833893 ] } },
{ "type": "Feature", "properties": { "id_osm": 11867337621, "nome": "Boulevard Tag. Centro | Polyélle / Óticas Fluminense", "tipo": "platform", "ref": null }, "geometry": { "type": "Point", "coordinates": [ -48.0576626, -15.8340936 ] } },
{ "type": "Feature", "properties": { "id_osm": 11879033770, "nome": "5029", "tipo": "bus_stop", "ref": null }, "geometry": { "type": "Point", "coordinates": [ -48.0688002, -15.8098303 ] } },
{ "type": "Feature", "properties": { "id_osm": 11879096369, "nome": "5027", "tipo": "bus_stop", "ref": null }, "geometry": { "type": "Point", "coordinates": [ -48.0702059, -15.8056124 ] } },
{ "type": "Feature", "properties": { "id_osm": 11879096469, "nome": "5104 e", "tipo": "bus_stop", "ref": null }, "geometry": { "type": "Point", "coordinates": [ -48.0720747, -15.8041747 ] } },
{ "type": "Feature", "properties": { "id_osm": 11879106969, "nome": "5109 e", "tipo": "bus_stop", "ref": null }, "geometry": { "type": "Point", "coordinates": [ -48.0868781, -15.8088874 ] } },
{ "type": "Feature", "properties": { "id_osm": 12048177342, "nome": "Praça do Relógio", "tipo": "platform", "ref": null }, "geometry": { "type": "Point", "coordinates": [ -48.0564768, -15.8333651 ] } },
{ "type": "Feature", "properties": { "id_osm": 12048177344, "nome": "Estação Estrada Parque - Sentido Plano Piloto", "tipo": "platform", "ref": null }, "geometry": { "type": "Point", "coordinates": [ -48.0471239, -15.8314416 ] } },
{ "type": "Feature", "properties": { "id_osm": 12048177348, "nome": "DF Plaza Shopping - Sentido Plano Piloto", "tipo": "platform", "ref": null }, "geometry": { "type": "Point", "coordinates": [ -48.0433662, -15.8309556 ] } },
{ "type": "Feature", "properties": { "id_osm": 12048186269, "nome": "Residência Oficial / Acesso Vicente Pires - Sentido Plano Piloto", "tipo": "platform", "ref": null }, "geometry": { "type": "Point", "coordinates": [ -48.0259385, -15.8244351 ] } },
{ "type": "Feature", "properties": { "id_osm": 12048186319, "nome": "Florida Mall - Sentido Plano Piloto", "tipo": "platform", "ref": null }, "geometry": { "type": "Point", "coordinates": [ -47.9939559, -15.8109841 ] } },
{ "type": "Feature", "properties": { "id_osm": 12048186392, "nome": "Unieuro/Águas Claras  - Sentido Plano Piloto", "tipo": "platform", "ref": null }, "geometry": { "type": "Point", "coordinates": [ -48.0358329, -15.8299091 ] } },
{ "type": "Feature", "properties": { "id_osm": 12048186393, "nome": "Postos  - Sentido Plano Piloto", "tipo": "platform", "ref": null }, "geometry": { "type": "Point", "coordinates": [ -48.0297683, -15.8267112 ] } },
{ "type": "Feature", "properties": { "id_osm": 12048186394, "nome": "Churrascaria - Sentido Plano Piloto", "tipo": "platform", "ref": null }, "geometry": { "type": "Point", "coordinates": [ -48.0216857, -15.8218595 ] } },
{ "type": "Feature", "properties": { "id_osm": 12048186395, "nome": "Ultrabox - Sentido Plano Piloto", "tipo": "platform", "ref": null }, "geometry": { "type": "Point", "coordinates": [ -48.0086017, -15.8160381 ] } },
{ "type": "Feature", "properties": { "id_osm": 12048186396, "nome": "Costa Atacadista - Sentido Plano Piloto", "tipo": "platform", "ref": null }, "geometry": { "type": "Point", "coordinates": [ -48.0058569, -15.8150124 ] } },
{ "type": "Feature", "properties": { "id_osm": 12048186397, "nome": "Jóquei Clube - Sentido Plano Piloto", "tipo": "platform", "ref": null }, "geometry": { "type": "Point", "coordinates": [ -47.997775, -15.8120407 ] } },
{ "type": "Feature", "properties": { "id_osm": 12048186398, "nome": "Lúcio Costa - Sentido Plano Piloto", "tipo": "platform", "ref": null }, "geometry": { "type": "Point", "coordinates": [ -47.988889, -15.8116134 ] } },
{ "type": "Feature", "properties": { "id_osm": 12048186399, "nome": "Guará I/Escola Classe 2 - Sentido Plano Piloto", "tipo": "platform", "ref": null }, "geometry": { "type": "Point", "coordinates": [ -47.9853025, -15.8120916 ] } },
{ "type": "Feature", "properties": { "id_osm": 12048186400, "nome": "Guará I - Sentido Plano Piloto", "tipo": "platform", "ref": null }, "geometry": { "type": "Point", "coordinates": [ -47.9768927, -15.8109747 ] } },
{ "type": "Feature", "properties": { "id_osm": 12048186401, "nome": "SIA/Caesb - Sentido Plano Piloto", "tipo": "platform", "ref": null }, "geometry": { "type": "Point", "coordinates": [ -47.9664662, -15.8074323 ] } },
{ "type": "Feature", "properties": { "id_osm": 12048186402, "nome": "Praça Capital / CEB - Sentido Plano Piloto", "tipo": "platform", "ref": null }, "geometry": { "type": "Point", "coordinates": [ -47.9582958, -15.8086848 ] } },
{ "type": "Feature", "properties": { "id_osm": 12063384302, "nome": "Churrascaria - Sentido Taguatinga", "tipo": "platform", "ref": null }, "geometry": { "type": "Point", "coordinates": [ -48.0219416, -15.8218457 ] } },
{ "type": "Feature", "properties": { "id_osm": 12063384303, "nome": "Churrascaria / Vicente Pires (Marginal EPTG)", "tipo": "platform", "ref": null }, "geometry": { "type": "Point", "coordinates": [ -48.0230258, -15.8221734 ] } },
{ "type": "Feature", "properties": { "id_osm": 12063384305, "nome": "Churrascaria / Acesso Águas Claras (Marginal EPTG)", "tipo": "platform", "ref": null }, "geometry": { "type": "Point", "coordinates": [ -48.0226023, -15.8227865 ] } },
{ "type": "Feature", "properties": { "id_osm": 12063384306, "nome": "Residência Oficial / Acesso Vicente Pires - Sentido Taguatinga", "tipo": "platform", "ref": null }, "geometry": { "type": "Point", "coordinates": [ -48.0262066, -15.8244084 ] } },
{ "type": "Feature", "properties": { "id_osm": 12063384307, "nome": "Residência Oficial Oposto (Marginal Norte EPTG)", "tipo": "platform", "ref": null }, "geometry": { "type": "Point", "coordinates": [ -48.0273137, -15.8247053 ] } },
{ "type": "Feature", "properties": { "id_osm": 12063384308, "nome": "Residência Oficial (Marginal EPTG)", "tipo": "platform", "ref": null }, "geometry": { "type": "Point", "coordinates": [ -48.0261964, -15.8249629 ] } },
{ "type": "Feature", "properties": { "id_osm": 12063384309, "nome": "Postos - Sentido Taguatinga", "tipo": "platform", "ref": null }, "geometry": { "type": "Point", "coordinates": [ -48.0300134, -15.8266845 ] } },
{ "type": "Feature", "properties": { "id_osm": 12063384310, "nome": "Estação Estrada Parque / Acesso Pistão Norte (Marginal EPTG)", "tipo": "platform", "ref": null }, "geometry": { "type": "Point", "coordinates": [ -48.0460434, -15.8308276 ] } },
{ "type": "Feature", "properties": { "id_osm": 12063384311, "nome": "Estação Estrada Parque - Sentido Taguatinga", "tipo": "platform", "ref": null }, "geometry": { "type": "Point", "coordinates": [ -48.0460031, -15.8312096 ] } },
{ "type": "Feature", "properties": { "id_osm": 12063384312, "nome": "DF Plaza Shopping - Sentido Taguatinga", "tipo": "platform", "ref": null }, "geometry": { "type": "Point", "coordinates": [ -48.0422946, -15.8307273 ] } },
{ "type": "Feature", "properties": { "id_osm": 12063384321, "nome": "Unieuro (Marginal EPTG)", "tipo": "platform", "ref": null }, "geometry": { "type": "Point", "coordinates": [ -48.0361823, -15.8304127 ] } },
{ "type": "Feature", "properties": { "id_osm": 12063384322, "nome": "Unieuro/Águas Claras (Marginal EPTG)", "tipo": "platform", "ref": null }, "geometry": { "type": "Point", "coordinates": [ -48.0362217, -15.8294611 ] } },
{ "type": "Feature", "properties": { "id_osm": 12063384331, "nome": "Unieuro/Águas Claras  - Sentido Taguatinga", "tipo": "platform", "ref": null }, "geometry": { "type": "Point", "coordinates": [ -48.0360345, -15.8297978 ] } },
{ "type": "Feature", "properties": { "id_osm": 12063384332, "nome": "Postos (Marginal EPTG)", "tipo": "platform", "ref": null }, "geometry": { "type": "Point", "coordinates": [ -48.0307078, -15.8276775 ] } },
{ "type": "Feature", "properties": { "id_osm": 12063549237, "nome": "Ultrabox - Sentido Taguatinga", "tipo": "platform", "ref": null }, "geometry": { "type": "Point", "coordinates": [ -48.0090606, -15.8160197 ] } },
{ "type": "Feature", "properties": { "id_osm": 12063549242, "nome": "Ultrabox / Vicente Pires (Marginal EPTG)", "tipo": "platform", "ref": null }, "geometry": { "type": "Point", "coordinates": [ -48.0093778, -15.8157503 ] } },
{ "type": "Feature", "properties": { "id_osm": 12063549243, "nome": "Ultrabox / Vicente Pires (Marginal EPTG)", "tipo": "platform", "ref": null }, "geometry": { "type": "Point", "coordinates": [ -48.0085674, -15.8163125 ] } },
{ "type": "Feature", "properties": { "id_osm": 12063549244, "nome": "Costa Atacadista - Sentido Taguatinga", "tipo": "platform", "ref": null }, "geometry": { "type": "Point", "coordinates": [ -48.0061139, -15.8149305 ] } },
{ "type": "Feature", "properties": { "id_osm": 12066416558, "nome": "Costa Atacadista - Sentido Taguatinga", "tipo": "platform", "ref": null }, "geometry": { "type": "Point", "coordinates": [ -48.0070993, -15.8149555 ] } },
{ "type": "Feature", "properties": { "id_osm": 12066416559, "nome": "Costa Atacadista (Marginal EPTG)", "tipo": "platform", "ref": null }, "geometry": { "type": "Point", "coordinates": [ -48.0070153, -15.8157978 ] } },
{ "type": "Feature", "properties": { "id_osm": 12066424893, "nome": "Florida Mall - Sentido Taguatinga", "tipo": "platform", "ref": null }, "geometry": { "type": "Point", "coordinates": [ -47.994117, -15.810843 ] } },
{ "type": "Feature", "properties": { "id_osm": 12066424894, "nome": "Florida Mall (Marginal EPTG)", "tipo": "platform", "ref": null }, "geometry": { "type": "Point", "coordinates": [ -47.9937858, -15.8105236 ] } },
{ "type": "Feature", "properties": { "id_osm": 12066424895, "nome": "Florida Mall (Marginal EPTG)", "tipo": "platform", "ref": null }, "geometry": { "type": "Point", "coordinates": [ -47.9931444, -15.8112747 ] } },
{ "type": "Feature", "properties": { "id_osm": 12066424903, "nome": "Lúcio Costa - Sentido Taguatinga", "tipo": "platform", "ref": null }, "geometry": { "type": "Point", "coordinates": [ -47.9890369, -15.8114258 ] } },
{ "type": "Feature", "properties": { "id_osm": 12066424918, "nome": "Guará I/Escola Classe 2 - Sentido Taguatinga", "tipo": "platform", "ref": null }, "geometry": { "type": "Point", "coordinates": [ -47.9842027, -15.8121069 ] } },
{ "type": "Feature", "properties": { "id_osm": 12066823687, "nome": "Guará I - Sentido Taguatinga", "tipo": "platform", "ref": null }, "geometry": { "type": "Point", "coordinates": [ -47.9771075, -15.8109647 ] } },
{ "type": "Feature", "properties": { "id_osm": 12066823688, "nome": "Guará I (Marginal EPTG)", "tipo": "platform", "ref": null }, "geometry": { "type": "Point", "coordinates": [ -47.9766382, -15.8111223 ] } },
{ "type": "Feature", "properties": { "id_osm": 12066823720, "nome": "SIA/Caesb (Marginal EPTG)", "tipo": "platform", "ref": null }, "geometry": { "type": "Point", "coordinates": [ -47.9668059, -15.807115 ] } },
{ "type": "Feature", "properties": { "id_osm": 12066823723, "nome": "SIA/Caesb - Sentido Taguatinga", "tipo": "platform", "ref": null }, "geometry": { "type": "Point", "coordinates": [ -47.9654406, -15.8075001 ] } },
{ "type": "Feature", "properties": { "id_osm": 12066823724, "nome": "SIA/Caesb (Marginal EPTG)", "tipo": "platform", "ref": null }, "geometry": { "type": "Point", "coordinates": [ -47.9664205, -15.8076907 ] } },
{ "type": "Feature", "properties": { "id_osm": 12066823730, "nome": "Praça Capital / CEB - Sentido Taguatinga", "tipo": "platform", "ref": null }, "geometry": { "type": "Point", "coordinates": [ -47.9571703, -15.8087709 ] } },
{ "type": "Feature", "properties": { "id_osm": 12066823735, "nome": "CEB (Marginal EPTG)", "tipo": "platform", "ref": null }, "geometry": { "type": "Point", "coordinates": [ -47.9580839, -15.808977 ] } },
{ "type": "Feature", "properties": { "id_osm": 12124904422, "nome": null, "tipo": "platform", "ref": null }, "geometry": { "type": "Point", "coordinates": [ -47.6583056, -15.6014821 ] } },
{ "type": "Feature", "properties": { "id_osm": 12136995837, "nome": "EQNN 24/26 (Sentido Ceilândia)", "tipo": "platform", "ref": "1694" }, "geometry": { "type": "Point", "coordinates": [ -48.106456, -15.841388 ] } },
{ "type": "Feature", "properties": { "id_osm": 12136995838, "nome": "EQNN 24/26 (Sentido Samambaia/Taguatinga)", "tipo": "platform", "ref": "1693" }, "geometry": { "type": "Point", "coordinates": [ -48.106616, -15.8416679 ] } },
{ "type": "Feature", "properties": { "id_osm": 12152230593, "nome": null, "tipo": "platform", "ref": null }, "geometry": { "type": "Point", "coordinates": [ -47.8173358, -16.0558525 ] } },
{ "type": "Feature", "properties": { "id_osm": 12157961565, "nome": null, "tipo": "platform", "ref": null }, "geometry": { "type": "Point", "coordinates": [ -47.8105953, -16.0417593 ] } },
{ "type": "Feature", "properties": { "id_osm": 12161977876, "nome": null, "tipo": "platform", "ref": null }, "geometry": { "type": "Point", "coordinates": [ -47.8197082, -16.060598 ] } },
{ "type": "Feature", "properties": { "id_osm": 12162208697, "nome": null, "tipo": "platform", "ref": null }, "geometry": { "type": "Point", "coordinates": [ -47.921906, -15.8696475 ] } },
{ "type": "Feature", "properties": { "id_osm": 12162208698, "nome": null, "tipo": "platform", "ref": null }, "geometry": { "type": "Point", "coordinates": [ -47.9218925, -15.8697872 ] } },
{ "type": "Feature", "properties": { "id_osm": 12164187601, "nome": null, "tipo": "platform", "ref": null }, "geometry": { "type": "Point", "coordinates": [ -47.8138872, -16.0486572 ] } },
{ "type": "Feature", "properties": { "id_osm": 12165555177, "nome": null, "tipo": "platform", "ref": null }, "geometry": { "type": "Point", "coordinates": [ -47.8182555, -16.0578654 ] } },
{ "type": "Feature", "properties": { "id_osm": 12165555178, "nome": null, "tipo": "platform", "ref": null }, "geometry": { "type": "Point", "coordinates": [ -47.8185112, -16.0577684 ] } },
{ "type": "Feature", "properties": { "id_osm": 12194827200, "nome": null, "tipo": "platform", "ref": null }, "geometry": { "type": "Point", "coordinates": [ -48.0443013, -15.8947695 ] } },
{ "type": "Feature", "properties": { "id_osm": 12213946104, "nome": "Ponto de Ônibus", "tipo": "platform", "ref": "1" }, "geometry": { "type": "Point", "coordinates": [ -48.0451059, -15.8943044 ] } },
{ "type": "Feature", "properties": { "id_osm": 12421583336, "nome": null, "tipo": "platform", "ref": null }, "geometry": { "type": "Point", "coordinates": [ -47.9363488, -15.7818932 ] } },
{ "type": "Feature", "properties": { "id_osm": 12467495436, "nome": null, "tipo": "platform", "ref": null }, "geometry": { "type": "Point", "coordinates": [ -47.8568889, -15.766095 ] } },
{ "type": "Feature", "properties": { "id_osm": 12467685173, "nome": null, "tipo": "platform", "ref": null }, "geometry": { "type": "Point", "coordinates": [ -47.8577942, -15.7651804 ] } },
{ "type": "Feature", "properties": { "id_osm": 12505668958, "nome": null, "tipo": "platform", "ref": null }, "geometry": { "type": "Point", "coordinates": [ -47.7224656, -15.6239033 ] } },
{ "type": "Feature", "properties": { "id_osm": 12505668959, "nome": null, "tipo": "platform", "ref": null }, "geometry": { "type": "Point", "coordinates": [ -47.7221947, -15.6243812 ] } },
{ "type": "Feature", "properties": { "id_osm": 12505668960, "nome": null, "tipo": "platform", "ref": null }, "geometry": { "type": "Point", "coordinates": [ -47.723147, -15.6252474 ] } },
{ "type": "Feature", "properties": { "id_osm": 12505668961, "nome": null, "tipo": "platform", "ref": null }, "geometry": { "type": "Point", "coordinates": [ -47.7212725, -15.6262713 ] } },
{ "type": "Feature", "properties": { "id_osm": 12505668962, "nome": null, "tipo": "platform", "ref": null }, "geometry": { "type": "Point", "coordinates": [ -47.7202821, -15.6275688 ] } },
{ "type": "Feature", "properties": { "id_osm": 12505668963, "nome": null, "tipo": "platform", "ref": null }, "geometry": { "type": "Point", "coordinates": [ -47.7194716, -15.629014 ] } },
{ "type": "Feature", "properties": { "id_osm": 12505668972, "nome": null, "tipo": "platform", "ref": null }, "geometry": { "type": "Point", "coordinates": [ -47.7189018, -15.6313282 ] } },
{ "type": "Feature", "properties": { "id_osm": 12559023270, "nome": null, "tipo": "platform", "ref": null }, "geometry": { "type": "Point", "coordinates": [ -47.946709, -15.852468 ] } },
{ "type": "Feature", "properties": { "id_osm": 12624582340, "nome": null, "tipo": "platform", "ref": null }, "geometry": { "type": "Point", "coordinates": [ -48.1399214, -15.8321045 ] } },
{ "type": "Feature", "properties": { "id_osm": 12624582341, "nome": null, "tipo": "platform", "ref": null }, "geometry": { "type": "Point", "coordinates": [ -48.1378475, -15.8317232 ] } },
{ "type": "Feature", "properties": { "id_osm": 12624582342, "nome": null, "tipo": "platform", "ref": null }, "geometry": { "type": "Point", "coordinates": [ -48.1388312, -15.8310642 ] } },
{ "type": "Feature", "properties": { "id_osm": 12624582343, "nome": null, "tipo": "platform", "ref": null }, "geometry": { "type": "Point", "coordinates": [ -48.1416687, -15.8296257 ] } },
{ "type": "Feature", "properties": { "id_osm": 12624582344, "nome": null, "tipo": "platform", "ref": null }, "geometry": { "type": "Point", "coordinates": [ -48.1433634, -15.8287629 ] } },
{ "type": "Feature", "properties": { "id_osm": 12624582345, "nome": null, "tipo": "platform", "ref": null }, "geometry": { "type": "Point", "coordinates": [ -48.1449539, -15.827963 ] } },
{ "type": "Feature", "properties": { "id_osm": 12624582346, "nome": null, "tipo": "platform", "ref": null }, "geometry": { "type": "Point", "coordinates": [ -48.1442795, -15.8329531 ] } },
{ "type": "Feature", "properties": { "id_osm": 12624582347, "nome": null, "tipo": "platform", "ref": null }, "geometry": { "type": "Point", "coordinates": [ -48.1398912, -15.831857 ] } },
{ "type": "Feature", "properties": { "id_osm": 12627525446, "nome": null, "tipo": "platform", "ref": null }, "geometry": { "type": "Point", "coordinates": [ -48.1385609, -15.8315433 ] } },
{ "type": "Feature", "properties": { "id_osm": 12627525870, "nome": null, "tipo": "platform", "ref": null }, "geometry": { "type": "Point", "coordinates": [ -48.1387256, -15.8311783 ] } },
{ "type": "Feature", "properties": { "id_osm": 12627525871, "nome": null, "tipo": "platform", "ref": null }, "geometry": { "type": "Point", "coordinates": [ -48.1415133, -15.8297583 ] } },
{ "type": "Feature", "properties": { "id_osm": 12627525872, "nome": null, "tipo": "platform", "ref": null }, "geometry": { "type": "Point", "coordinates": [ -48.1433691, -15.8288287 ] } },
{ "type": "Feature", "properties": { "id_osm": 12627525873, "nome": null, "tipo": "platform", "ref": null }, "geometry": { "type": "Point", "coordinates": [ -48.1449615, -15.8280268 ] } },
{ "type": "Feature", "properties": { "id_osm": 12628511285, "nome": null, "tipo": "platform", "ref": null }, "geometry": { "type": "Point", "coordinates": [ -48.144152, -15.8269206 ] } },
{ "type": "Feature", "properties": { "id_osm": 12628511286, "nome": null, "tipo": "platform", "ref": null }, "geometry": { "type": "Point", "coordinates": [ -48.1442174, -15.8268285 ] } },
{ "type": "Feature", "properties": { "id_osm": 12628511287, "nome": null, "tipo": "platform", "ref": null }, "geometry": { "type": "Point", "coordinates": [ -48.1426255, -15.8277087 ] } },
{ "type": "Feature", "properties": { "id_osm": 12628511288, "nome": null, "tipo": "platform", "ref": null }, "geometry": { "type": "Point", "coordinates": [ -48.1425988, -15.8276245 ] } },
{ "type": "Feature", "properties": { "id_osm": 12628511289, "nome": null, "tipo": "platform", "ref": null }, "geometry": { "type": "Point", "coordinates": [ -48.1405412, -15.8287673 ] } },
{ "type": "Feature", "properties": { "id_osm": 12628511290, "nome": null, "tipo": "platform", "ref": null }, "geometry": { "type": "Point", "coordinates": [ -48.1403702, -15.8287495 ] } },
{ "type": "Feature", "properties": { "id_osm": 12628511291, "nome": null, "tipo": "platform", "ref": null }, "geometry": { "type": "Point", "coordinates": [ -48.1386716, -15.8297308 ] } },
{ "type": "Feature", "properties": { "id_osm": 12628511292, "nome": null, "tipo": "platform", "ref": null }, "geometry": { "type": "Point", "coordinates": [ -48.1386504, -15.829632 ] } },
{ "type": "Feature", "properties": { "id_osm": 12628511293, "nome": null, "tipo": "platform", "ref": null }, "geometry": { "type": "Point", "coordinates": [ -48.1366403, -15.8290928 ] } },
{ "type": "Feature", "properties": { "id_osm": 12628511294, "nome": null, "tipo": "platform", "ref": null }, "geometry": { "type": "Point", "coordinates": [ -48.1368536, -15.8290583 ] } },
{ "type": "Feature", "properties": { "id_osm": 12628511295, "nome": null, "tipo": "platform", "ref": null }, "geometry": { "type": "Point", "coordinates": [ -48.1364718, -15.830504 ] } },
{ "type": "Feature", "properties": { "id_osm": 12628511296, "nome": null, "tipo": "platform", "ref": null }, "geometry": { "type": "Point", "coordinates": [ -48.136767, -15.8307363 ] } },
{ "type": "Feature", "properties": { "id_osm": 12628511297, "nome": null, "tipo": "platform", "ref": null }, "geometry": { "type": "Point", "coordinates": [ -48.1371245, -15.826023 ] } },
{ "type": "Feature", "properties": { "id_osm": 12628511298, "nome": null, "tipo": "platform", "ref": null }, "geometry": { "type": "Point", "coordinates": [ -48.1372484, -15.8256842 ] } },
{ "type": "Feature", "properties": { "id_osm": 12628511299, "nome": null, "tipo": "platform", "ref": null }, "geometry": { "type": "Point", "coordinates": [ -48.1359058, -15.823736 ] } },
{ "type": "Feature", "properties": { "id_osm": 12628511300, "nome": null, "tipo": "platform", "ref": null }, "geometry": { "type": "Point", "coordinates": [ -48.1359921, -15.8233091 ] } },
{ "type": "Feature", "properties": { "id_osm": 12628511301, "nome": null, "tipo": "platform", "ref": null }, "geometry": { "type": "Point", "coordinates": [ -48.1349555, -15.8219405 ] } },
{ "type": "Feature", "properties": { "id_osm": 12628511302, "nome": null, "tipo": "platform", "ref": null }, "geometry": { "type": "Point", "coordinates": [ -48.1352117, -15.8218772 ] } },
{ "type": "Feature", "properties": { "id_osm": 12628511303, "nome": null, "tipo": "platform", "ref": null }, "geometry": { "type": "Point", "coordinates": [ -48.1331012, -15.8199624 ] } },
{ "type": "Feature", "properties": { "id_osm": 12628511304, "nome": null, "tipo": "platform", "ref": null }, "geometry": { "type": "Point", "coordinates": [ -48.1333042, -15.819818 ] } },
{ "type": "Feature", "properties": { "id_osm": 12628511305, "nome": null, "tipo": "platform", "ref": null }, "geometry": { "type": "Point", "coordinates": [ -48.1302953, -15.8195198 ] } },
{ "type": "Feature", "properties": { "id_osm": 12628511306, "nome": null, "tipo": "platform", "ref": null }, "geometry": { "type": "Point", "coordinates": [ -48.1299202, -15.8183949 ] } },
{ "type": "Feature", "properties": { "id_osm": 12628853736, "nome": null, "tipo": "platform", "ref": null }, "geometry": { "type": "Point", "coordinates": [ -48.1280849, -15.8207919 ] } },
{ "type": "Feature", "properties": { "id_osm": 12663722997, "nome": null, "tipo": "platform", "ref": null }, "geometry": { "type": "Point", "coordinates": [ -48.054058, -15.8602561 ] } },
{ "type": "Feature", "properties": { "id_osm": 12663722998, "nome": null, "tipo": "platform", "ref": null }, "geometry": { "type": "Point", "coordinates": [ -48.0568858, -15.8643028 ] } },
{ "type": "Feature", "properties": { "id_osm": 12663723014, "nome": null, "tipo": "platform", "ref": null }, "geometry": { "type": "Point", "coordinates": [ -48.1270106, -15.8236512 ] } },
{ "type": "Feature", "properties": { "id_osm": 12663723019, "nome": null, "tipo": "platform", "ref": null }, "geometry": { "type": "Point", "coordinates": [ -48.1203706, -15.825862 ] } },
{ "type": "Feature", "properties": { "id_osm": 12663723020, "nome": null, "tipo": "platform", "ref": null }, "geometry": { "type": "Point", "coordinates": [ -48.112887, -15.8219735 ] } },
{ "type": "Feature", "properties": { "id_osm": 12663723021, "nome": null, "tipo": "platform", "ref": null }, "geometry": { "type": "Point", "coordinates": [ -48.1102848, -15.8205868 ] } },
{ "type": "Feature", "properties": { "id_osm": 12663723022, "nome": null, "tipo": "platform", "ref": null }, "geometry": { "type": "Point", "coordinates": [ -48.106429, -15.8185644 ] } },
{ "type": "Feature", "properties": { "id_osm": 12663723032, "nome": null, "tipo": "platform", "ref": null }, "geometry": { "type": "Point", "coordinates": [ -48.1030081, -15.8167762 ] } },
{ "type": "Feature", "properties": { "id_osm": 12663723033, "nome": null, "tipo": "platform", "ref": null }, "geometry": { "type": "Point", "coordinates": [ -48.0874745, -15.8095731 ] } },
{ "type": "Feature", "properties": { "id_osm": 12677042317, "nome": null, "tipo": "platform", "ref": null }, "geometry": { "type": "Point", "coordinates": [ -48.0405412, -15.8031577 ] } },
{ "type": "Feature", "properties": { "id_osm": 12748382308, "nome": null, "tipo": "platform", "ref": null }, "geometry": { "type": "Point", "coordinates": [ -47.6284901, -15.6320419 ] } },
{ "type": "Feature", "properties": { "id_osm": 12748382309, "nome": null, "tipo": "platform", "ref": null }, "geometry": { "type": "Point", "coordinates": [ -47.6264936, -15.6332861 ] } },
{ "type": "Feature", "properties": { "id_osm": 12752988250, "nome": null, "tipo": "platform", "ref": null }, "geometry": { "type": "Point", "coordinates": [ -47.8408507, -15.6727761 ] } },
{ "type": "Feature", "properties": { "id_osm": 12752988259, "nome": null, "tipo": "platform", "ref": null }, "geometry": { "type": "Point", "coordinates": [ -47.8431648, -15.6715547 ] } },
{ "type": "Feature", "properties": { "id_osm": 12752988260, "nome": null, "tipo": "platform", "ref": null }, "geometry": { "type": "Point", "coordinates": [ -47.843056, -15.6714882 ] } },
{ "type": "Feature", "properties": { "id_osm": 12853586512, "nome": "Boulevard - Sentido Taguatinga", "tipo": "platform", "ref": null }, "geometry": { "type": "Point", "coordinates": [ -48.0557338, -15.8332578 ] } },
{ "type": "Feature", "properties": { "id_osm": 12869175965, "nome": null, "tipo": "platform", "ref": null }, "geometry": { "type": "Point", "coordinates": [ -48.0084826, -15.8805361 ] } },
{ "type": "Feature", "properties": { "id_osm": 12869218130, "nome": null, "tipo": "platform", "ref": null }, "geometry": { "type": "Point", "coordinates": [ -48.0986266, -15.8366307 ] } },
{ "type": "Feature", "properties": { "id_osm": 12873326172, "nome": "Boulevard - Sentido Brasília", "tipo": "platform", "ref": null }, "geometry": { "type": "Point", "coordinates": [ -48.055693, -15.8333613 ] } },
{ "type": "Feature", "properties": { "id_osm": 12879427620, "nome": null, "tipo": "platform", "ref": null }, "geometry": { "type": "Point", "coordinates": [ -48.0328024, -15.8087219 ] } },
{ "type": "Feature", "properties": { "id_osm": 12879436302, "nome": null, "tipo": "platform", "ref": null }, "geometry": { "type": "Point", "coordinates": [ -48.0315827, -15.8030857 ] } },
{ "type": "Feature", "properties": { "id_osm": 12879436303, "nome": null, "tipo": "platform", "ref": null }, "geometry": { "type": "Point", "coordinates": [ -48.0314635, -15.8032331 ] } },
{ "type": "Feature", "properties": { "id_osm": 12879455222, "nome": null, "tipo": "platform", "ref": null }, "geometry": { "type": "Point", "coordinates": [ -48.034059, -15.8032233 ] } },
{ "type": "Feature", "properties": { "id_osm": 12899679653, "nome": null, "tipo": "platform", "ref": null }, "geometry": { "type": "Point", "coordinates": [ -47.8171298, -15.8852127 ] } },
{ "type": "Feature", "properties": { "id_osm": 12899679654, "nome": null, "tipo": "platform", "ref": null }, "geometry": { "type": "Point", "coordinates": [ -47.7957193, -15.8917704 ] } },
{ "type": "Feature", "properties": { "id_osm": 12899679655, "nome": null, "tipo": "platform", "ref": null }, "geometry": { "type": "Point", "coordinates": [ -47.7856578, -15.8972962 ] } },
{ "type": "Feature", "properties": { "id_osm": 12899679656, "nome": null, "tipo": "platform", "ref": null }, "geometry": { "type": "Point", "coordinates": [ -47.7824121, -15.8984504 ] } },
{ "type": "Feature", "properties": { "id_osm": 12899679657, "nome": null, "tipo": "platform", "ref": null }, "geometry": { "type": "Point", "coordinates": [ -47.7823024, -15.8981798 ] } },
{ "type": "Feature", "properties": { "id_osm": 12899679658, "nome": null, "tipo": "platform", "ref": null }, "geometry": { "type": "Point", "coordinates": [ -47.7796322, -15.9001779 ] } },
{ "type": "Feature", "properties": { "id_osm": 12899679659, "nome": null, "tipo": "platform", "ref": null }, "geometry": { "type": "Point", "coordinates": [ -47.7797331, -15.9004315 ] } },
{ "type": "Feature", "properties": { "id_osm": 12899679660, "nome": null, "tipo": "platform", "ref": null }, "geometry": { "type": "Point", "coordinates": [ -47.7744313, -15.9043526 ] } },
{ "type": "Feature", "properties": { "id_osm": 12899679661, "nome": null, "tipo": "platform", "ref": null }, "geometry": { "type": "Point", "coordinates": [ -47.7741588, -15.9042147 ] } },
{ "type": "Feature", "properties": { "id_osm": 12899679662, "nome": null, "tipo": "platform", "ref": null }, "geometry": { "type": "Point", "coordinates": [ -48.0168957, -16.0165805 ] } },
{ "type": "Feature", "properties": { "id_osm": 12899679663, "nome": null, "tipo": "platform", "ref": null }, "geometry": { "type": "Point", "coordinates": [ -48.0189081, -16.0175008 ] } },
{ "type": "Feature", "properties": { "id_osm": 12899679664, "nome": null, "tipo": "platform", "ref": null }, "geometry": { "type": "Point", "coordinates": [ -48.018963, -16.017956 ] } },
{ "type": "Feature", "properties": { "id_osm": 12899679665, "nome": null, "tipo": "platform", "ref": null }, "geometry": { "type": "Point", "coordinates": [ -48.0208676, -16.018802 ] } },
{ "type": "Feature", "properties": { "id_osm": 12899679666, "nome": null, "tipo": "platform", "ref": null }, "geometry": { "type": "Point", "coordinates": [ -48.0206623, -16.0190795 ] } },
{ "type": "Feature", "properties": { "id_osm": 12899679667, "nome": null, "tipo": "platform", "ref": null }, "geometry": { "type": "Point", "coordinates": [ -48.0237114, -16.0210469 ] } },
{ "type": "Feature", "properties": { "id_osm": 12899679668, "nome": null, "tipo": "platform", "ref": null }, "geometry": { "type": "Point", "coordinates": [ -48.024429, -16.0211231 ] } },
{ "type": "Feature", "properties": { "id_osm": 12899679669, "nome": null, "tipo": "platform", "ref": null }, "geometry": { "type": "Point", "coordinates": [ -48.0258702, -16.022481 ] } },
{ "type": "Feature", "properties": { "id_osm": 12899679670, "nome": null, "tipo": "platform", "ref": null }, "geometry": { "type": "Point", "coordinates": [ -48.0279599, -16.0234266 ] } },
{ "type": "Feature", "properties": { "id_osm": 12899679671, "nome": null, "tipo": "platform", "ref": null }, "geometry": { "type": "Point", "coordinates": [ -48.0277487, -16.0236575 ] } },
{ "type": "Feature", "properties": { "id_osm": 12899679672, "nome": null, "tipo": "platform", "ref": null }, "geometry": { "type": "Point", "coordinates": [ -48.0330535, -16.0302802 ] } },
{ "type": "Feature", "properties": { "id_osm": 12899679673, "nome": null, "tipo": "platform", "ref": null }, "geometry": { "type": "Point", "coordinates": [ -48.0333178, -16.0300223 ] } },
{ "type": "Feature", "properties": { "id_osm": 12899679674, "nome": null, "tipo": "platform", "ref": null }, "geometry": { "type": "Point", "coordinates": [ -48.0338463, -16.0331482 ] } },
{ "type": "Feature", "properties": { "id_osm": 12899679675, "nome": null, "tipo": "platform", "ref": null }, "geometry": { "type": "Point", "coordinates": [ -48.0343829, -16.0392651 ] } },
{ "type": "Feature", "properties": { "id_osm": 12899679676, "nome": null, "tipo": "platform", "ref": null }, "geometry": { "type": "Point", "coordinates": [ -48.0340249, -16.0433098 ] } },
{ "type": "Feature", "properties": { "id_osm": 12899679677, "nome": null, "tipo": "platform", "ref": null }, "geometry": { "type": "Point", "coordinates": [ -48.0343355, -16.0436576 ] } },
{ "type": "Feature", "properties": { "id_osm": 12899679678, "nome": null, "tipo": "platform", "ref": null }, "geometry": { "type": "Point", "coordinates": [ -48.0339829, -16.0457693 ] } },
{ "type": "Feature", "properties": { "id_osm": 12899679679, "nome": null, "tipo": "platform", "ref": null }, "geometry": { "type": "Point", "coordinates": [ -48.0343168, -16.0457109 ] } },
{ "type": "Feature", "properties": { "id_osm": 12899679680, "nome": null, "tipo": "platform", "ref": null }, "geometry": { "type": "Point", "coordinates": [ -48.031858, -16.0471045 ] } },
{ "type": "Feature", "properties": { "id_osm": 12899679681, "nome": null, "tipo": "platform", "ref": null }, "geometry": { "type": "Point", "coordinates": [ -48.0320518, -16.0474209 ] } },
{ "type": "Feature", "properties": { "id_osm": 12899679682, "nome": null, "tipo": "platform", "ref": null }, "geometry": { "type": "Point", "coordinates": [ -48.0471076, -16.0151987 ] } },
{ "type": "Feature", "properties": { "id_osm": 12899679683, "nome": null, "tipo": "platform", "ref": null }, "geometry": { "type": "Point", "coordinates": [ -48.0340994, -16.03274 ] } },
{ "type": "Feature", "properties": { "id_osm": 12899682408, "nome": null, "tipo": "platform", "ref": null }, "geometry": { "type": "Point", "coordinates": [ -48.0519888, -15.9090525 ] } },
{ "type": "Feature", "properties": { "id_osm": 12899682409, "nome": null, "tipo": "platform", "ref": null }, "geometry": { "type": "Point", "coordinates": [ -48.0515932, -15.9089323 ] } },
{ "type": "Feature", "properties": { "id_osm": 12899682410, "nome": null, "tipo": "platform", "ref": null }, "geometry": { "type": "Point", "coordinates": [ -48.0500043, -15.9139067 ] } },
{ "type": "Feature", "properties": { "id_osm": 12899682411, "nome": null, "tipo": "platform", "ref": null }, "geometry": { "type": "Point", "coordinates": [ -48.0504228, -15.9139858 ] } },
{ "type": "Feature", "properties": { "id_osm": 12899682412, "nome": null, "tipo": "platform", "ref": null }, "geometry": { "type": "Point", "coordinates": [ -48.0492279, -15.9177173 ] } },
{ "type": "Feature", "properties": { "id_osm": 12899682413, "nome": null, "tipo": "platform", "ref": null }, "geometry": { "type": "Point", "coordinates": [ -48.0479117, -15.9204479 ] } },
{ "type": "Feature", "properties": { "id_osm": 12899682414, "nome": null, "tipo": "platform", "ref": null }, "geometry": { "type": "Point", "coordinates": [ -48.0482771, -15.9206895 ] } },
{ "type": "Feature", "properties": { "id_osm": 12899682415, "nome": null, "tipo": "platform", "ref": null }, "geometry": { "type": "Point", "coordinates": [ -48.0474607, -15.9218954 ] } },
{ "type": "Feature", "properties": { "id_osm": 12899682416, "nome": null, "tipo": "platform", "ref": null }, "geometry": { "type": "Point", "coordinates": [ -48.0479195, -15.9219066 ] } },
{ "type": "Feature", "properties": { "id_osm": 12899682417, "nome": null, "tipo": "platform", "ref": null }, "geometry": { "type": "Point", "coordinates": [ -48.0462297, -15.9257165 ] } },
{ "type": "Feature", "properties": { "id_osm": 12899682418, "nome": null, "tipo": "platform", "ref": null }, "geometry": { "type": "Point", "coordinates": [ -48.0465468, -15.9260958 ] } },
{ "type": "Feature", "properties": { "id_osm": 12899682419, "nome": null, "tipo": "platform", "ref": null }, "geometry": { "type": "Point", "coordinates": [ -48.0436808, -15.9336774 ] } },
{ "type": "Feature", "properties": { "id_osm": 12899682420, "nome": null, "tipo": "platform", "ref": null }, "geometry": { "type": "Point", "coordinates": [ -48.0437316, -15.9348445 ] } },
{ "type": "Feature", "properties": { "id_osm": 12899682421, "nome": null, "tipo": "platform", "ref": null }, "geometry": { "type": "Point", "coordinates": [ -48.0404848, -15.932818 ] } },
{ "type": "Feature", "properties": { "id_osm": 12899682422, "nome": null, "tipo": "platform", "ref": null }, "geometry": { "type": "Point", "coordinates": [ -48.0404278, -15.9336696 ] } },
{ "type": "Feature", "properties": { "id_osm": 12899682423, "nome": null, "tipo": "platform", "ref": null }, "geometry": { "type": "Point", "coordinates": [ -48.0424209, -15.9279481 ] } },
{ "type": "Feature", "properties": { "id_osm": 12899682424, "nome": null, "tipo": "platform", "ref": null }, "geometry": { "type": "Point", "coordinates": [ -48.0471734, -15.9150988 ] } },
{ "type": "Feature", "properties": { "id_osm": 12899682425, "nome": null, "tipo": "platform", "ref": null }, "geometry": { "type": "Point", "coordinates": [ -48.0468989, -15.9063161 ] } },
{ "type": "Feature", "properties": { "id_osm": 12899682426, "nome": null, "tipo": "platform", "ref": null }, "geometry": { "type": "Point", "coordinates": [ -48.0470571, -15.906734 ] } },
{ "type": "Feature", "properties": { "id_osm": 12899682427, "nome": null, "tipo": "platform", "ref": null }, "geometry": { "type": "Point", "coordinates": [ -48.0424169, -15.9053565 ] } },
{ "type": "Feature", "properties": { "id_osm": 12899682428, "nome": null, "tipo": "platform", "ref": null }, "geometry": { "type": "Point", "coordinates": [ -48.043074, -15.9051837 ] } },
{ "type": "Feature", "properties": { "id_osm": 12899682429, "nome": null, "tipo": "platform", "ref": null }, "geometry": { "type": "Point", "coordinates": [ -48.0397374, -15.9031716 ] } },
{ "type": "Feature", "properties": { "id_osm": 12899682430, "nome": null, "tipo": "platform", "ref": null }, "geometry": { "type": "Point", "coordinates": [ -48.0401397, -15.9029962 ] } },
{ "type": "Feature", "properties": { "id_osm": 12899682431, "nome": null, "tipo": "platform", "ref": null }, "geometry": { "type": "Point", "coordinates": [ -48.0421084, -15.899212 ] } },
{ "type": "Feature", "properties": { "id_osm": 12899682432, "nome": null, "tipo": "platform", "ref": null }, "geometry": { "type": "Point", "coordinates": [ -48.0506057, -15.8997331 ] } },
{ "type": "Feature", "properties": { "id_osm": 12899682433, "nome": null, "tipo": "platform", "ref": null }, "geometry": { "type": "Point", "coordinates": [ -48.0470887, -15.8921388 ] } },
{ "type": "Feature", "properties": { "id_osm": 12899682434, "nome": null, "tipo": "platform", "ref": null }, "geometry": { "type": "Point", "coordinates": [ -48.046554, -15.8930281 ] } },
{ "type": "Feature", "properties": { "id_osm": 12899682435, "nome": null, "tipo": "platform", "ref": null }, "geometry": { "type": "Point", "coordinates": [ -48.042731, -15.8914111 ] } },
{ "type": "Feature", "properties": { "id_osm": 12899682436, "nome": null, "tipo": "platform", "ref": null }, "geometry": { "type": "Point", "coordinates": [ -48.0573602, -15.892336 ] } },
{ "type": "Feature", "properties": { "id_osm": 12899682437, "nome": null, "tipo": "platform", "ref": null }, "geometry": { "type": "Point", "coordinates": [ -48.057038, -15.8919558 ] } },
{ "type": "Feature", "properties": { "id_osm": 12899682438, "nome": null, "tipo": "platform", "ref": null }, "geometry": { "type": "Point", "coordinates": [ -48.0586004, -15.8870308 ] } },
{ "type": "Feature", "properties": { "id_osm": 12899682439, "nome": null, "tipo": "platform", "ref": null }, "geometry": { "type": "Point", "coordinates": [ -48.0589997, -15.8872397 ] } },
{ "type": "Feature", "properties": { "id_osm": 12899682440, "nome": null, "tipo": "platform", "ref": null }, "geometry": { "type": "Point", "coordinates": [ -48.0479993, -15.8762484 ] } },
{ "type": "Feature", "properties": { "id_osm": 12899743263, "nome": null, "tipo": "platform", "ref": null }, "geometry": { "type": "Point", "coordinates": [ -47.9238007, -15.7643498 ] } },
{ "type": "Feature", "properties": { "id_osm": 12899743264, "nome": null, "tipo": "platform", "ref": null }, "geometry": { "type": "Point", "coordinates": [ -47.9201778, -15.7620653 ] } },
{ "type": "Feature", "properties": { "id_osm": 12899743265, "nome": null, "tipo": "platform", "ref": null }, "geometry": { "type": "Point", "coordinates": [ -47.9203313, -15.7614647 ] } },
{ "type": "Feature", "properties": { "id_osm": 12899743266, "nome": null, "tipo": "platform", "ref": null }, "geometry": { "type": "Point", "coordinates": [ -47.9257269, -15.7814212 ] } },
{ "type": "Feature", "properties": { "id_osm": 12899743267, "nome": null, "tipo": "platform", "ref": null }, "geometry": { "type": "Point", "coordinates": [ -47.9253871, -15.7793249 ] } },
{ "type": "Feature", "properties": { "id_osm": 12899743268, "nome": null, "tipo": "platform", "ref": null }, "geometry": { "type": "Point", "coordinates": [ -47.9200747, -15.780998 ] } },
{ "type": "Feature", "properties": { "id_osm": 12899743269, "nome": null, "tipo": "platform", "ref": null }, "geometry": { "type": "Point", "coordinates": [ -47.9204741, -15.7830776 ] } },
{ "type": "Feature", "properties": { "id_osm": 12899743270, "nome": null, "tipo": "platform", "ref": null }, "geometry": { "type": "Point", "coordinates": [ -47.9126392, -15.7833516 ] } },
{ "type": "Feature", "properties": { "id_osm": 12899743271, "nome": null, "tipo": "platform", "ref": null }, "geometry": { "type": "Point", "coordinates": [ -47.9117515, -15.7858186 ] } },
{ "type": "Feature", "properties": { "id_osm": 12899743272, "nome": null, "tipo": "platform", "ref": null }, "geometry": { "type": "Point", "coordinates": [ -47.9183798, -15.8010775 ] } },
{ "type": "Feature", "properties": { "id_osm": 12899743273, "nome": null, "tipo": "platform", "ref": null }, "geometry": { "type": "Point", "coordinates": [ -47.9244572, -15.8050074 ] } },
{ "type": "Feature", "properties": { "id_osm": 12899743274, "nome": null, "tipo": "platform", "ref": null }, "geometry": { "type": "Point", "coordinates": [ -47.9254108, -15.8047791 ] } },
{ "type": "Feature", "properties": { "id_osm": 12899743275, "nome": null, "tipo": "platform", "ref": null }, "geometry": { "type": "Point", "coordinates": [ -47.9314377, -15.8081865 ] } },
{ "type": "Feature", "properties": { "id_osm": 12899743276, "nome": null, "tipo": "platform", "ref": null }, "geometry": { "type": "Point", "coordinates": [ -47.9317687, -15.8075395 ] } },
{ "type": "Feature", "properties": { "id_osm": 12899743277, "nome": null, "tipo": "platform", "ref": null }, "geometry": { "type": "Point", "coordinates": [ -47.9488182, -15.8157716 ] } },
{ "type": "Feature", "properties": { "id_osm": 12899743278, "nome": null, "tipo": "platform", "ref": null }, "geometry": { "type": "Point", "coordinates": [ -47.9497498, -15.8158817 ] } },
{ "type": "Feature", "properties": { "id_osm": 12899743279, "nome": null, "tipo": "platform", "ref": null }, "geometry": { "type": "Point", "coordinates": [ -47.9496471, -15.8208803 ] } },
{ "type": "Feature", "properties": { "id_osm": 12899743280, "nome": null, "tipo": "platform", "ref": null }, "geometry": { "type": "Point", "coordinates": [ -47.9513729, -15.8254673 ] } },
{ "type": "Feature", "properties": { "id_osm": 12899743281, "nome": null, "tipo": "platform", "ref": null }, "geometry": { "type": "Point", "coordinates": [ -47.9505302, -15.8256118 ] } },
{ "type": "Feature", "properties": { "id_osm": 12899743282, "nome": null, "tipo": "platform", "ref": null }, "geometry": { "type": "Point", "coordinates": [ -47.9525208, -15.8317161 ] } },
{ "type": "Feature", "properties": { "id_osm": 12899743283, "nome": null, "tipo": "platform", "ref": null }, "geometry": { "type": "Point", "coordinates": [ -47.9514325, -15.832758 ] } },
{ "type": "Feature", "properties": { "id_osm": 12899743284, "nome": null, "tipo": "platform", "ref": null }, "geometry": { "type": "Point", "coordinates": [ -47.9416218, -15.8436348 ] } },
{ "type": "Feature", "properties": { "id_osm": 12899743285, "nome": null, "tipo": "platform", "ref": null }, "geometry": { "type": "Point", "coordinates": [ -47.9416484, -15.8448247 ] } },
{ "type": "Feature", "properties": { "id_osm": 12899743286, "nome": null, "tipo": "platform", "ref": null }, "geometry": { "type": "Point", "coordinates": [ -47.9199142, -15.8446494 ] } },
{ "type": "Feature", "properties": { "id_osm": 12899743287, "nome": null, "tipo": "platform", "ref": null }, "geometry": { "type": "Point", "coordinates": [ -47.9163944, -15.8426134 ] } },
{ "type": "Feature", "properties": { "id_osm": 12899743288, "nome": null, "tipo": "platform", "ref": null }, "geometry": { "type": "Point", "coordinates": [ -47.9161945, -15.8430134 ] } },
{ "type": "Feature", "properties": { "id_osm": 12899743289, "nome": null, "tipo": "platform", "ref": null }, "geometry": { "type": "Point", "coordinates": [ -47.9115316, -15.8405126 ] } },
{ "type": "Feature", "properties": { "id_osm": 12899743290, "nome": null, "tipo": "platform", "ref": null }, "geometry": { "type": "Point", "coordinates": [ -47.9052123, -15.837799 ] } },
{ "type": "Feature", "properties": { "id_osm": 12899743291, "nome": null, "tipo": "platform", "ref": null }, "geometry": { "type": "Point", "coordinates": [ -47.9043789, -15.8379862 ] } },
{ "type": "Feature", "properties": { "id_osm": 12899743292, "nome": null, "tipo": "platform", "ref": null }, "geometry": { "type": "Point", "coordinates": [ -47.8750655, -15.8166947 ] } },
{ "type": "Feature", "properties": { "id_osm": 12899743293, "nome": null, "tipo": "platform", "ref": null }, "geometry": { "type": "Point", "coordinates": [ -47.8737428, -15.8166122 ] } },
{ "type": "Feature", "properties": { "id_osm": 12899743294, "nome": null, "tipo": "platform", "ref": null }, "geometry": { "type": "Point", "coordinates": [ -47.8560845, -15.8070216 ] } },
{ "type": "Feature", "properties": { "id_osm": 12899743295, "nome": null, "tipo": "platform", "ref": null }, "geometry": { "type": "Point", "coordinates": [ -47.8621684, -15.7785774 ] } },
{ "type": "Feature", "properties": { "id_osm": 12899743296, "nome": null, "tipo": "platform", "ref": null }, "geometry": { "type": "Point", "coordinates": [ -47.8625648, -15.7791036 ] } },
{ "type": "Feature", "properties": { "id_osm": 12899743297, "nome": null, "tipo": "platform", "ref": null }, "geometry": { "type": "Point", "coordinates": [ -47.8633454, -15.7667855 ] } },
{ "type": "Feature", "properties": { "id_osm": 12899743298, "nome": null, "tipo": "platform", "ref": null }, "geometry": { "type": "Point", "coordinates": [ -47.86922, -15.7549987 ] } },
{ "type": "Feature", "properties": { "id_osm": 12899743299, "nome": null, "tipo": "platform", "ref": null }, "geometry": { "type": "Point", "coordinates": [ -47.8693887, -15.7556913 ] } },
{ "type": "Feature", "properties": { "id_osm": 12899743300, "nome": null, "tipo": "platform", "ref": null }, "geometry": { "type": "Point", "coordinates": [ -47.8723445, -15.7518372 ] } },
{ "type": "Feature", "properties": { "id_osm": 12899747438, "nome": null, "tipo": "platform", "ref": null }, "geometry": { "type": "Point", "coordinates": [ -47.6545878, -15.6041088 ] } },
{ "type": "Feature", "properties": { "id_osm": 12899747439, "nome": null, "tipo": "platform", "ref": null }, "geometry": { "type": "Point", "coordinates": [ -47.6543062, -15.605261 ] } },
{ "type": "Feature", "properties": { "id_osm": 12899747440, "nome": null, "tipo": "platform", "ref": null }, "geometry": { "type": "Point", "coordinates": [ -47.6546844, -15.6063331 ] } },
{ "type": "Feature", "properties": { "id_osm": 12899747441, "nome": null, "tipo": "platform", "ref": null }, "geometry": { "type": "Point", "coordinates": [ -47.6548319, -15.6086142 ] } },
{ "type": "Feature", "properties": { "id_osm": 12899747442, "nome": null, "tipo": "platform", "ref": null }, "geometry": { "type": "Point", "coordinates": [ -47.6517329, -15.630988 ] } },
{ "type": "Feature", "properties": { "id_osm": 12899747443, "nome": null, "tipo": "platform", "ref": null }, "geometry": { "type": "Point", "coordinates": [ -47.6474578, -15.6478545 ] } },
{ "type": "Feature", "properties": { "id_osm": 12899747444, "nome": null, "tipo": "platform", "ref": null }, "geometry": { "type": "Point", "coordinates": [ -47.6467739, -15.647623 ] } },
{ "type": "Feature", "properties": { "id_osm": 12899747445, "nome": null, "tipo": "platform", "ref": null }, "geometry": { "type": "Point", "coordinates": [ -47.6413513, -15.6476654 ] } },
{ "type": "Feature", "properties": { "id_osm": 12899747446, "nome": null, "tipo": "platform", "ref": null }, "geometry": { "type": "Point", "coordinates": [ -47.6410711, -15.6474811 ] } },
{ "type": "Feature", "properties": { "id_osm": 12899747447, "nome": null, "tipo": "platform", "ref": null }, "geometry": { "type": "Point", "coordinates": [ -47.6357894, -15.6473012 ] } },
{ "type": "Feature", "properties": { "id_osm": 12899747448, "nome": null, "tipo": "platform", "ref": null }, "geometry": { "type": "Point", "coordinates": [ -47.6353504, -15.647499 ] } },
{ "type": "Feature", "properties": { "id_osm": 12899747449, "nome": null, "tipo": "platform", "ref": null }, "geometry": { "type": "Point", "coordinates": [ -47.624997, -15.6471348 ] } },
{ "type": "Feature", "properties": { "id_osm": 12899747450, "nome": null, "tipo": "platform", "ref": null }, "geometry": { "type": "Point", "coordinates": [ -47.5690971, -15.6523377 ] } },
{ "type": "Feature", "properties": { "id_osm": 12899747451, "nome": null, "tipo": "platform", "ref": null }, "geometry": { "type": "Point", "coordinates": [ -47.6493517, -15.6564117 ] } },
{ "type": "Feature", "properties": { "id_osm": 12899747452, "nome": null, "tipo": "platform", "ref": null }, "geometry": { "type": "Point", "coordinates": [ -47.6443024, -15.6708483 ] } },
{ "type": "Feature", "properties": { "id_osm": 12899747453, "nome": null, "tipo": "platform", "ref": null }, "geometry": { "type": "Point", "coordinates": [ -47.6492216, -15.6783951 ] } },
{ "type": "Feature", "properties": { "id_osm": 12899747454, "nome": null, "tipo": "platform", "ref": null }, "geometry": { "type": "Point", "coordinates": [ -47.6512503, -15.6828533 ] } },
{ "type": "Feature", "properties": { "id_osm": 12899747455, "nome": null, "tipo": "platform", "ref": null }, "geometry": { "type": "Point", "coordinates": [ -47.8674538, -15.8338072 ] } },
{ "type": "Feature", "properties": { "id_osm": 12899747456, "nome": null, "tipo": "platform", "ref": null }, "geometry": { "type": "Point", "coordinates": [ -47.8663439, -15.8360562 ] } },
{ "type": "Feature", "properties": { "id_osm": 12899747457, "nome": null, "tipo": "platform", "ref": null }, "geometry": { "type": "Point", "coordinates": [ -47.8693206, -15.8411786 ] } },
{ "type": "Feature", "properties": { "id_osm": 12899747458, "nome": null, "tipo": "platform", "ref": null }, "geometry": { "type": "Point", "coordinates": [ -47.8689242, -15.8414778 ] } },
{ "type": "Feature", "properties": { "id_osm": 12899747459, "nome": null, "tipo": "platform", "ref": null }, "geometry": { "type": "Point", "coordinates": [ -47.8675297, -15.8397784 ] } },
{ "type": "Feature", "properties": { "id_osm": 12899747460, "nome": null, "tipo": "platform", "ref": null }, "geometry": { "type": "Point", "coordinates": [ -47.8707452, -15.8436377 ] } },
{ "type": "Feature", "properties": { "id_osm": 12899747461, "nome": null, "tipo": "platform", "ref": null }, "geometry": { "type": "Point", "coordinates": [ -47.8716745, -15.8439634 ] } },
{ "type": "Feature", "properties": { "id_osm": 12899747462, "nome": null, "tipo": "platform", "ref": null }, "geometry": { "type": "Point", "coordinates": [ -47.8730241, -15.8463624 ] } },
{ "type": "Feature", "properties": { "id_osm": 12899747463, "nome": null, "tipo": "platform", "ref": null }, "geometry": { "type": "Point", "coordinates": [ -47.8742687, -15.8470722 ] } },
{ "type": "Feature", "properties": { "id_osm": 12899747464, "nome": null, "tipo": "platform", "ref": null }, "geometry": { "type": "Point", "coordinates": [ -47.8750275, -15.8491186 ] } },
{ "type": "Feature", "properties": { "id_osm": 12899747465, "nome": null, "tipo": "platform", "ref": null }, "geometry": { "type": "Point", "coordinates": [ -47.8761063, -15.8522498 ] } },
{ "type": "Feature", "properties": { "id_osm": 12899747466, "nome": null, "tipo": "platform", "ref": null }, "geometry": { "type": "Point", "coordinates": [ -47.8697551, -15.8592578 ] } },
{ "type": "Feature", "properties": { "id_osm": 12899747467, "nome": null, "tipo": "platform", "ref": null }, "geometry": { "type": "Point", "coordinates": [ -47.8665528, -15.858358 ] } },
{ "type": "Feature", "properties": { "id_osm": 12899747468, "nome": null, "tipo": "platform", "ref": null }, "geometry": { "type": "Point", "coordinates": [ -47.8642117, -15.8579775 ] } },
{ "type": "Feature", "properties": { "id_osm": 12899747469, "nome": null, "tipo": "platform", "ref": null }, "geometry": { "type": "Point", "coordinates": [ -47.861178, -15.8563163 ] } },
{ "type": "Feature", "properties": { "id_osm": 12899747470, "nome": null, "tipo": "platform", "ref": null }, "geometry": { "type": "Point", "coordinates": [ -47.8603374, -15.8564982 ] } },
{ "type": "Feature", "properties": { "id_osm": 12899747471, "nome": null, "tipo": "platform", "ref": null }, "geometry": { "type": "Point", "coordinates": [ -47.857038, -15.8527763 ] } },
{ "type": "Feature", "properties": { "id_osm": 12899747472, "nome": null, "tipo": "platform", "ref": null }, "geometry": { "type": "Point", "coordinates": [ -47.856125, -15.8513298 ] } },
{ "type": "Feature", "properties": { "id_osm": 12899747473, "nome": null, "tipo": "platform", "ref": null }, "geometry": { "type": "Point", "coordinates": [ -47.8561694, -15.8491981 ] } },
{ "type": "Feature", "properties": { "id_osm": 12899747474, "nome": null, "tipo": "platform", "ref": null }, "geometry": { "type": "Point", "coordinates": [ -47.8519063, -15.8434269 ] } },
{ "type": "Feature", "properties": { "id_osm": 12899747475, "nome": null, "tipo": "platform", "ref": null }, "geometry": { "type": "Point", "coordinates": [ -47.8516461, -15.8438346 ] } },
{ "type": "Feature", "properties": { "id_osm": 12899747476, "nome": null, "tipo": "platform", "ref": null }, "geometry": { "type": "Point", "coordinates": [ -47.8376182, -15.8384649 ] } },
{ "type": "Feature", "properties": { "id_osm": 12899747477, "nome": null, "tipo": "platform", "ref": null }, "geometry": { "type": "Point", "coordinates": [ -47.8359286, -15.8360705 ] } },
{ "type": "Feature", "properties": { "id_osm": 12899747478, "nome": null, "tipo": "platform", "ref": null }, "geometry": { "type": "Point", "coordinates": [ -47.8341181, -15.8346862 ] } },
{ "type": "Feature", "properties": { "id_osm": 12899747479, "nome": null, "tipo": "platform", "ref": null }, "geometry": { "type": "Point", "coordinates": [ -47.8279713, -15.8348251 ] } },
{ "type": "Feature", "properties": { "id_osm": 12899747480, "nome": null, "tipo": "platform", "ref": null }, "geometry": { "type": "Point", "coordinates": [ -47.8285376, -15.8343637 ] } },
{ "type": "Feature", "properties": { "id_osm": 12899747481, "nome": null, "tipo": "platform", "ref": null }, "geometry": { "type": "Point", "coordinates": [ -47.8050019, -15.8229161 ] } },
{ "type": "Feature", "properties": { "id_osm": 12899789643, "nome": null, "tipo": "platform", "ref": null }, "geometry": { "type": "Point", "coordinates": [ -48.0086288, -15.8357108 ] } },
{ "type": "Feature", "properties": { "id_osm": 12899789644, "nome": null, "tipo": "platform", "ref": null }, "geometry": { "type": "Point", "coordinates": [ -48.0094086, -15.8375952 ] } },
{ "type": "Feature", "properties": { "id_osm": 12899789645, "nome": null, "tipo": "platform", "ref": null }, "geometry": { "type": "Point", "coordinates": [ -48.0117303, -15.8372121 ] } },
{ "type": "Feature", "properties": { "id_osm": 12899789646, "nome": null, "tipo": "platform", "ref": null }, "geometry": { "type": "Point", "coordinates": [ -48.021919, -15.8406679 ] } },
{ "type": "Feature", "properties": { "id_osm": 12899789647, "nome": null, "tipo": "platform", "ref": null }, "geometry": { "type": "Point", "coordinates": [ -48.0260111, -15.8417652 ] } },
{ "type": "Feature", "properties": { "id_osm": 12899789648, "nome": null, "tipo": "platform", "ref": null }, "geometry": { "type": "Point", "coordinates": [ -48.0357539, -15.83962 ] } },
{ "type": "Feature", "properties": { "id_osm": 12899789649, "nome": null, "tipo": "platform", "ref": null }, "geometry": { "type": "Point", "coordinates": [ -48.0381245, -15.8377911 ] } },
{ "type": "Feature", "properties": { "id_osm": 12899789650, "nome": null, "tipo": "platform", "ref": null }, "geometry": { "type": "Point", "coordinates": [ -48.0396728, -15.8366104 ] } },
{ "type": "Feature", "properties": { "id_osm": 12899789651, "nome": null, "tipo": "platform", "ref": null }, "geometry": { "type": "Point", "coordinates": [ -48.0293221, -15.8383347 ] } },
{ "type": "Feature", "properties": { "id_osm": 12899789652, "nome": null, "tipo": "platform", "ref": null }, "geometry": { "type": "Point", "coordinates": [ -48.0269299, -15.8383324 ] } },
{ "type": "Feature", "properties": { "id_osm": 12899789653, "nome": null, "tipo": "platform", "ref": null }, "geometry": { "type": "Point", "coordinates": [ -48.0220661, -15.8370554 ] } },
{ "type": "Feature", "properties": { "id_osm": 12899789654, "nome": null, "tipo": "platform", "ref": null }, "geometry": { "type": "Point", "coordinates": [ -48.0191194, -15.8357761 ] } },
{ "type": "Feature", "properties": { "id_osm": 12899789655, "nome": null, "tipo": "platform", "ref": null }, "geometry": { "type": "Point", "coordinates": [ -48.0163827, -15.8345956 ] } },
{ "type": "Feature", "properties": { "id_osm": 12899789656, "nome": null, "tipo": "platform", "ref": null }, "geometry": { "type": "Point", "coordinates": [ -48.0100386, -15.8339453 ] } },
{ "type": "Feature", "properties": { "id_osm": 12899789657, "nome": null, "tipo": "platform", "ref": null }, "geometry": { "type": "Point", "coordinates": [ -48.0075961, -15.8357929 ] } },
{ "type": "Feature", "properties": { "id_osm": 12899804565, "nome": null, "tipo": "platform", "ref": null }, "geometry": { "type": "Point", "coordinates": [ -48.1157589, -15.8518785 ] } },
{ "type": "Feature", "properties": { "id_osm": 12899804566, "nome": null, "tipo": "platform", "ref": null }, "geometry": { "type": "Point", "coordinates": [ -48.1153178, -15.851945 ] } },
{ "type": "Feature", "properties": { "id_osm": 12899804567, "nome": null, "tipo": "platform", "ref": null }, "geometry": { "type": "Point", "coordinates": [ -48.1128765, -15.8498292 ] } },
{ "type": "Feature", "properties": { "id_osm": 12899804568, "nome": null, "tipo": "platform", "ref": null }, "geometry": { "type": "Point", "coordinates": [ -48.1106059, -15.8486032 ] } },
{ "type": "Feature", "properties": { "id_osm": 12899804569, "nome": null, "tipo": "platform", "ref": null }, "geometry": { "type": "Point", "coordinates": [ -48.110982, -15.8484193 ] } },
{ "type": "Feature", "properties": { "id_osm": 12899804570, "nome": null, "tipo": "platform", "ref": null }, "geometry": { "type": "Point", "coordinates": [ -48.1080609, -15.8467943 ] } },
{ "type": "Feature", "properties": { "id_osm": 12899804571, "nome": null, "tipo": "platform", "ref": null }, "geometry": { "type": "Point", "coordinates": [ -48.1082113, -15.8464815 ] } },
{ "type": "Feature", "properties": { "id_osm": 12899804572, "nome": null, "tipo": "platform", "ref": null }, "geometry": { "type": "Point", "coordinates": [ -48.1026463, -15.8428321 ] } },
{ "type": "Feature", "properties": { "id_osm": 12899804573, "nome": null, "tipo": "platform", "ref": null }, "geometry": { "type": "Point", "coordinates": [ -48.1021179, -15.8419806 ] } },
{ "type": "Feature", "properties": { "id_osm": 12899804574, "nome": null, "tipo": "platform", "ref": null }, "geometry": { "type": "Point", "coordinates": [ -48.1031747, -15.8390416 ] } },
{ "type": "Feature", "properties": { "id_osm": 12899804575, "nome": null, "tipo": "platform", "ref": null }, "geometry": { "type": "Point", "coordinates": [ -48.1025337, -15.8386158 ] } },
{ "type": "Feature", "properties": { "id_osm": 12899804576, "nome": null, "tipo": "platform", "ref": null }, "geometry": { "type": "Point", "coordinates": [ -48.1065892, -15.8345672 ] } },
{ "type": "Feature", "properties": { "id_osm": 12899804577, "nome": null, "tipo": "platform", "ref": null }, "geometry": { "type": "Point", "coordinates": [ -48.1066133, -15.8339169 ] } },
{ "type": "Feature", "properties": { "id_osm": 12899804578, "nome": null, "tipo": "platform", "ref": null }, "geometry": { "type": "Point", "coordinates": [ -48.1097703, -15.8298785 ] } },
{ "type": "Feature", "properties": { "id_osm": 12899804579, "nome": null, "tipo": "platform", "ref": null }, "geometry": { "type": "Point", "coordinates": [ -48.1100144, -15.8300875 ] } },
{ "type": "Feature", "properties": { "id_osm": 12899804580, "nome": null, "tipo": "platform", "ref": null }, "geometry": { "type": "Point", "coordinates": [ -48.1132089, -15.8253935 ] } },
{ "type": "Feature", "properties": { "id_osm": 12899804581, "nome": null, "tipo": "platform", "ref": null }, "geometry": { "type": "Point", "coordinates": [ -48.1134369, -15.8255974 ] } },
{ "type": "Feature", "properties": { "id_osm": 12899804582, "nome": null, "tipo": "platform", "ref": null }, "geometry": { "type": "Point", "coordinates": [ -48.113485, -15.8217479 ] } },
{ "type": "Feature", "properties": { "id_osm": 12899804583, "nome": null, "tipo": "platform", "ref": null }, "geometry": { "type": "Point", "coordinates": [ -48.110505, -15.8202294 ] } },
{ "type": "Feature", "properties": { "id_osm": 12899804584, "nome": null, "tipo": "platform", "ref": null }, "geometry": { "type": "Point", "coordinates": [ -48.1067231, -15.8182501 ] } },
{ "type": "Feature", "properties": { "id_osm": 12920341005, "nome": "Parada 10", "tipo": "platform", "ref": null }, "geometry": { "type": "Point", "coordinates": [ -48.033151, -16.0736369 ] } },
{ "type": "Feature", "properties": { "id_osm": 12920341006, "nome": "Parada 11", "tipo": "platform", "ref": null }, "geometry": { "type": "Point", "coordinates": [ -48.034701, -16.0761724 ] } },
{ "type": "Feature", "properties": { "id_osm": 12920341007, "nome": "Parada 12", "tipo": "platform", "ref": null }, "geometry": { "type": "Point", "coordinates": [ -48.0361198, -16.0784934 ] } },
{ "type": "Feature", "properties": { "id_osm": 12920341008, "nome": "PARADA 13", "tipo": "platform", "ref": null }, "geometry": { "type": "Point", "coordinates": [ -48.0380997, -16.0825764 ] } },
{ "type": "Feature", "properties": { "id_osm": 12920400665, "nome": "PARADA 14", "tipo": "platform", "ref": null }, "geometry": { "type": "Point", "coordinates": [ -48.0367799, -16.086323 ] } },
{ "type": "Feature", "properties": { "id_osm": 12943680391, "nome": null, "tipo": "platform", "ref": null }, "geometry": { "type": "Point", "coordinates": [ -48.0295807, -16.0552023 ] } },
{ "type": "Feature", "properties": { "id_osm": 12943758984, "nome": "Parada 15", "tipo": "platform", "ref": null }, "geometry": { "type": "Point", "coordinates": [ -48.0354237, -16.0901493 ] } },
{ "type": "Feature", "properties": { "id_osm": 12966124877, "nome": null, "tipo": "platform", "ref": null }, "geometry": { "type": "Point", "coordinates": [ -47.650543, -15.6459988 ] } },
{ "type": "Feature", "properties": { "id_osm": 12966124878, "nome": null, "tipo": "platform", "ref": null }, "geometry": { "type": "Point", "coordinates": [ -47.6502955, -15.6460763 ] } },
{ "type": "Feature", "properties": { "id_osm": 12966124879, "nome": null, "tipo": "platform", "ref": null }, "geometry": { "type": "Point", "coordinates": [ -47.6506893, -15.644268 ] } },
{ "type": "Feature", "properties": { "id_osm": 12966124880, "nome": null, "tipo": "platform", "ref": null }, "geometry": { "type": "Point", "coordinates": [ -47.650478, -15.6440236 ] } },
{ "type": "Feature", "properties": { "id_osm": 12966124881, "nome": null, "tipo": "platform", "ref": null }, "geometry": { "type": "Point", "coordinates": [ -47.6508655, -15.6435138 ] } },
{ "type": "Feature", "properties": { "id_osm": 12966124882, "nome": null, "tipo": "platform", "ref": null }, "geometry": { "type": "Point", "coordinates": [ -47.6510608, -15.6478692 ] } },
{ "type": "Feature", "properties": { "id_osm": 12966124883, "nome": null, "tipo": "platform", "ref": null }, "geometry": { "type": "Point", "coordinates": [ -47.6512616, -15.6477534 ] } },
{ "type": "Feature", "properties": { "id_osm": 12966124884, "nome": null, "tipo": "platform", "ref": null }, "geometry": { "type": "Point", "coordinates": [ -47.6507929, -15.6403602 ] } },
{ "type": "Feature", "properties": { "id_osm": 12966124885, "nome": null, "tipo": "platform", "ref": null }, "geometry": { "type": "Point", "coordinates": [ -47.651236, -15.6398124 ] } },
{ "type": "Feature", "properties": { "id_osm": 12966124886, "nome": null, "tipo": "platform", "ref": null }, "geometry": { "type": "Point", "coordinates": [ -47.6512383, -15.6362492 ] } },
{ "type": "Feature", "properties": { "id_osm": 12966124887, "nome": null, "tipo": "platform", "ref": null }, "geometry": { "type": "Point", "coordinates": [ -47.6516891, -15.6357073 ] } },
{ "type": "Feature", "properties": { "id_osm": 12966227049, "nome": null, "tipo": "platform", "ref": null }, "geometry": { "type": "Point", "coordinates": [ -47.6491106, -15.6351029 ] } },
{ "type": "Feature", "properties": { "id_osm": 12966227050, "nome": null, "tipo": "platform", "ref": null }, "geometry": { "type": "Point", "coordinates": [ -47.6489082, -15.6351167 ] } },
{ "type": "Feature", "properties": { "id_osm": 12966227051, "nome": null, "tipo": "platform", "ref": null }, "geometry": { "type": "Point", "coordinates": [ -47.6464781, -15.6341747 ] } },
{ "type": "Feature", "properties": { "id_osm": 12966227052, "nome": null, "tipo": "platform", "ref": null }, "geometry": { "type": "Point", "coordinates": [ -47.6455918, -15.6339378 ] } },
{ "type": "Feature", "properties": { "id_osm": 12966227058, "nome": null, "tipo": "platform", "ref": null }, "geometry": { "type": "Point", "coordinates": [ -47.6433515, -15.6328124 ] } },
{ "type": "Feature", "properties": { "id_osm": 12966227059, "nome": null, "tipo": "platform", "ref": null }, "geometry": { "type": "Point", "coordinates": [ -47.6440038, -15.6352051 ] } },
{ "type": "Feature", "properties": { "id_osm": 12966227060, "nome": null, "tipo": "platform", "ref": null }, "geometry": { "type": "Point", "coordinates": [ -47.6424322, -15.6345977 ] } },
{ "type": "Feature", "properties": { "id_osm": 12966227062, "nome": ".", "tipo": "platform", "ref": null }, "geometry": { "type": "Point", "coordinates": [ -47.6423294, -15.6346899 ] } },
{ "type": "Feature", "properties": { "id_osm": 12966227063, "nome": null, "tipo": "platform", "ref": null }, "geometry": { "type": "Point", "coordinates": [ -47.6400749, -15.6340294 ] } },
{ "type": "Feature", "properties": { "id_osm": 12966227064, "nome": null, "tipo": "platform", "ref": null }, "geometry": { "type": "Point", "coordinates": [ -47.6400112, -15.6340891 ] } },
{ "type": "Feature", "properties": { "id_osm": 12966227065, "nome": null, "tipo": "platform", "ref": null }, "geometry": { "type": "Point", "coordinates": [ -47.6386503, -15.6337523 ] } },
{ "type": "Feature", "properties": { "id_osm": 12966227066, "nome": null, "tipo": "platform", "ref": null }, "geometry": { "type": "Point", "coordinates": [ -47.6386323, -15.6338333 ] } },
{ "type": "Feature", "properties": { "id_osm": 12966227067, "nome": null, "tipo": "platform", "ref": null }, "geometry": { "type": "Point", "coordinates": [ -47.6368519, -15.6336316 ] } },
{ "type": "Feature", "properties": { "id_osm": 12966227068, "nome": null, "tipo": "platform", "ref": null }, "geometry": { "type": "Point", "coordinates": [ -47.6373518, -15.6340952 ] } },
{ "type": "Feature", "properties": { "id_osm": 12966227069, "nome": null, "tipo": "platform", "ref": null }, "geometry": { "type": "Point", "coordinates": [ -47.6369818, -15.6357594 ] } },
{ "type": "Feature", "properties": { "id_osm": 12966227070, "nome": null, "tipo": "platform", "ref": null }, "geometry": { "type": "Point", "coordinates": [ -47.6368066, -15.6358326 ] } },
{ "type": "Feature", "properties": { "id_osm": 12966227071, "nome": null, "tipo": "platform", "ref": null }, "geometry": { "type": "Point", "coordinates": [ -47.63855, -15.6358104 ] } },
{ "type": "Feature", "properties": { "id_osm": 12966227072, "nome": null, "tipo": "platform", "ref": null }, "geometry": { "type": "Point", "coordinates": [ -47.6386519, -15.6358866 ] } },
{ "type": "Feature", "properties": { "id_osm": 12966227073, "nome": null, "tipo": "platform", "ref": null }, "geometry": { "type": "Point", "coordinates": [ -47.6407, -15.635888 ] } },
{ "type": "Feature", "properties": { "id_osm": 12966227074, "nome": null, "tipo": "platform", "ref": null }, "geometry": { "type": "Point", "coordinates": [ -47.6406272, -15.6359566 ] } },
{ "type": "Feature", "properties": { "id_osm": 12966227075, "nome": null, "tipo": "platform", "ref": null }, "geometry": { "type": "Point", "coordinates": [ -47.6422914, -15.6359395 ] } },
{ "type": "Feature", "properties": { "id_osm": 12966227076, "nome": null, "tipo": "platform", "ref": null }, "geometry": { "type": "Point", "coordinates": [ -47.6422476, -15.6360152 ] } },
{ "type": "Feature", "properties": { "id_osm": 12966227077, "nome": null, "tipo": "platform", "ref": null }, "geometry": { "type": "Point", "coordinates": [ -47.6439789, -15.6367286 ] } },
{ "type": "Feature", "properties": { "id_osm": 12966227078, "nome": null, "tipo": "platform", "ref": null }, "geometry": { "type": "Point", "coordinates": [ -47.6439034, -15.6367294 ] } },
{ "type": "Feature", "properties": { "id_osm": 12966227079, "nome": null, "tipo": "platform", "ref": null }, "geometry": { "type": "Point", "coordinates": [ -47.6438284, -15.6384217 ] } },
{ "type": "Feature", "properties": { "id_osm": 12966227080, "nome": null, "tipo": "platform", "ref": null }, "geometry": { "type": "Point", "coordinates": [ -47.6439274, -15.6388273 ] } },
{ "type": "Feature", "properties": { "id_osm": 12966227081, "nome": null, "tipo": "platform", "ref": null }, "geometry": { "type": "Point", "coordinates": [ -47.6418951, -15.6378202 ] } },
{ "type": "Feature", "properties": { "id_osm": 12966227082, "nome": null, "tipo": "platform", "ref": null }, "geometry": { "type": "Point", "coordinates": [ -47.6393118, -15.6377394 ] } },
{ "type": "Feature", "properties": { "id_osm": 12966227083, "nome": null, "tipo": "platform", "ref": null }, "geometry": { "type": "Point", "coordinates": [ -47.6390718, -15.6377898 ] } },
{ "type": "Feature", "properties": { "id_osm": 12966227084, "nome": null, "tipo": "platform", "ref": null }, "geometry": { "type": "Point", "coordinates": [ -47.6342231, -15.6376412 ] } },
{ "type": "Feature", "properties": { "id_osm": 12966227085, "nome": null, "tipo": "platform", "ref": null }, "geometry": { "type": "Point", "coordinates": [ -47.633428, -15.6372432 ] } },
{ "type": "Feature", "properties": { "id_osm": 12966227086, "nome": null, "tipo": "platform", "ref": null }, "geometry": { "type": "Point", "coordinates": [ -47.6333715, -15.6372623 ] } },
{ "type": "Feature", "properties": { "id_osm": 12966227087, "nome": null, "tipo": "platform", "ref": null }, "geometry": { "type": "Point", "coordinates": [ -47.6348367, -15.635756 ] } },
{ "type": "Feature", "properties": { "id_osm": 12966227088, "nome": null, "tipo": "platform", "ref": null }, "geometry": { "type": "Point", "coordinates": [ -47.6349161, -15.6356885 ] } },
{ "type": "Feature", "properties": { "id_osm": 12966227089, "nome": null, "tipo": "platform", "ref": null }, "geometry": { "type": "Point", "coordinates": [ -47.6279101, -15.6343297 ] } },
{ "type": "Feature", "properties": { "id_osm": 12966227090, "nome": null, "tipo": "platform", "ref": null }, "geometry": { "type": "Point", "coordinates": [ -47.6532499, -15.636899 ] } },
{ "type": "Feature", "properties": { "id_osm": 12966227091, "nome": null, "tipo": "platform", "ref": null }, "geometry": { "type": "Point", "coordinates": [ -47.6532494, -15.6369565 ] } },
{ "type": "Feature", "properties": { "id_osm": 12966227092, "nome": null, "tipo": "platform", "ref": null }, "geometry": { "type": "Point", "coordinates": [ -47.6548492, -15.6373017 ] } },
{ "type": "Feature", "properties": { "id_osm": 12966227093, "nome": null, "tipo": "platform", "ref": null }, "geometry": { "type": "Point", "coordinates": [ -47.6547861, -15.6373172 ] } },
{ "type": "Feature", "properties": { "id_osm": 12966227094, "nome": null, "tipo": "platform", "ref": null }, "geometry": { "type": "Point", "coordinates": [ -47.654773, -15.6387597 ] } },
{ "type": "Feature", "properties": { "id_osm": 12966227095, "nome": null, "tipo": "platform", "ref": null }, "geometry": { "type": "Point", "coordinates": [ -47.6548465, -15.6389306 ] } },
{ "type": "Feature", "properties": { "id_osm": 12966227096, "nome": null, "tipo": "platform", "ref": null }, "geometry": { "type": "Point", "coordinates": [ -47.6547492, -15.6407844 ] } },
{ "type": "Feature", "properties": { "id_osm": 12966227097, "nome": null, "tipo": "platform", "ref": null }, "geometry": { "type": "Point", "coordinates": [ -47.6548325, -15.6407805 ] } },
{ "type": "Feature", "properties": { "id_osm": 12966264483, "nome": null, "tipo": "platform", "ref": null }, "geometry": { "type": "Point", "coordinates": [ -47.6484498, -15.6399561 ] } },
{ "type": "Feature", "properties": { "id_osm": 12966264484, "nome": null, "tipo": "platform", "ref": null }, "geometry": { "type": "Point", "coordinates": [ -47.6469963, -15.6398627 ] } },
{ "type": "Feature", "properties": { "id_osm": 12966264485, "nome": null, "tipo": "platform", "ref": null }, "geometry": { "type": "Point", "coordinates": [ -47.6469039, -15.6399664 ] } },
{ "type": "Feature", "properties": { "id_osm": 12966264486, "nome": null, "tipo": "platform", "ref": null }, "geometry": { "type": "Point", "coordinates": [ -47.6445127, -15.6397951 ] } },
{ "type": "Feature", "properties": { "id_osm": 12966264487, "nome": null, "tipo": "platform", "ref": null }, "geometry": { "type": "Point", "coordinates": [ -47.6444452, -15.6398762 ] } },
{ "type": "Feature", "properties": { "id_osm": 12966264488, "nome": null, "tipo": "platform", "ref": null }, "geometry": { "type": "Point", "coordinates": [ -47.6333071, -15.639999 ] } },
{ "type": "Feature", "properties": { "id_osm": 12966264489, "nome": null, "tipo": "platform", "ref": null }, "geometry": { "type": "Point", "coordinates": [ -47.6333742, -15.6400421 ] } },
{ "type": "Feature", "properties": { "id_osm": 12966264490, "nome": null, "tipo": "platform", "ref": null }, "geometry": { "type": "Point", "coordinates": [ -47.6315145, -15.6411935 ] } },
{ "type": "Feature", "properties": { "id_osm": 12966264491, "nome": null, "tipo": "platform", "ref": null }, "geometry": { "type": "Point", "coordinates": [ -47.6315668, -15.6412712 ] } },
{ "type": "Feature", "properties": { "id_osm": 12966264492, "nome": null, "tipo": "platform", "ref": null }, "geometry": { "type": "Point", "coordinates": [ -47.6297672, -15.6411432 ] } },
{ "type": "Feature", "properties": { "id_osm": 12966264493, "nome": null, "tipo": "platform", "ref": null }, "geometry": { "type": "Point", "coordinates": [ -47.6295362, -15.6409133 ] } },
{ "type": "Feature", "properties": { "id_osm": 12966264494, "nome": null, "tipo": "platform", "ref": null }, "geometry": { "type": "Point", "coordinates": [ -47.6278732, -15.641093 ] } },
{ "type": "Feature", "properties": { "id_osm": 12966264495, "nome": null, "tipo": "platform", "ref": null }, "geometry": { "type": "Point", "coordinates": [ -47.6274766, -15.6425315 ] } },
{ "type": "Feature", "properties": { "id_osm": 12966264496, "nome": null, "tipo": "platform", "ref": null }, "geometry": { "type": "Point", "coordinates": [ -47.6273995, -15.6425834 ] } },
{ "type": "Feature", "properties": { "id_osm": 12966264497, "nome": null, "tipo": "platform", "ref": null }, "geometry": { "type": "Point", "coordinates": [ -47.6270991, -15.6426398 ] } },
{ "type": "Feature", "properties": { "id_osm": 12966264498, "nome": null, "tipo": "platform", "ref": null }, "geometry": { "type": "Point", "coordinates": [ -47.6270221, -15.6426902 ] } },
{ "type": "Feature", "properties": { "id_osm": 12966264499, "nome": null, "tipo": "platform", "ref": null }, "geometry": { "type": "Point", "coordinates": [ -47.6252191, -15.6415389 ] } },
{ "type": "Feature", "properties": { "id_osm": 12966264500, "nome": null, "tipo": "platform", "ref": null }, "geometry": { "type": "Point", "coordinates": [ -47.6291777, -15.6430397 ] } },
{ "type": "Feature", "properties": { "id_osm": 12966301601, "nome": null, "tipo": "platform", "ref": null }, "geometry": { "type": "Point", "coordinates": [ -47.6291281, -15.6430959 ] } },
{ "type": "Feature", "properties": { "id_osm": 12966301602, "nome": null, "tipo": "platform", "ref": null }, "geometry": { "type": "Point", "coordinates": [ -47.6309726, -15.6430784 ] } },
{ "type": "Feature", "properties": { "id_osm": 12966301603, "nome": null, "tipo": "platform", "ref": null }, "geometry": { "type": "Point", "coordinates": [ -47.6308909, -15.6431469 ] } },
{ "type": "Feature", "properties": { "id_osm": 12966301604, "nome": null, "tipo": "platform", "ref": null }, "geometry": { "type": "Point", "coordinates": [ -47.6328628, -15.6431345 ] } },
{ "type": "Feature", "properties": { "id_osm": 12966301605, "nome": null, "tipo": "platform", "ref": null }, "geometry": { "type": "Point", "coordinates": [ -47.6328258, -15.6432117 ] } },
{ "type": "Feature", "properties": { "id_osm": 12966301606, "nome": null, "tipo": "platform", "ref": null }, "geometry": { "type": "Point", "coordinates": [ -47.6344304, -15.6431937 ] } },
{ "type": "Feature", "properties": { "id_osm": 12966301607, "nome": null, "tipo": "platform", "ref": null }, "geometry": { "type": "Point", "coordinates": [ -47.6345259, -15.6432619 ] } },
{ "type": "Feature", "properties": { "id_osm": 12966301608, "nome": null, "tipo": "platform", "ref": null }, "geometry": { "type": "Point", "coordinates": [ -47.6332286, -15.6424904 ] } },
{ "type": "Feature", "properties": { "id_osm": 12966301609, "nome": null, "tipo": "platform", "ref": null }, "geometry": { "type": "Point", "coordinates": [ -47.633312, -15.642396 ] } },
{ "type": "Feature", "properties": { "id_osm": 12966301610, "nome": null, "tipo": "platform", "ref": null }, "geometry": { "type": "Point", "coordinates": [ -47.6369306, -15.6433186 ] } },
{ "type": "Feature", "properties": { "id_osm": 12966301611, "nome": null, "tipo": "platform", "ref": null }, "geometry": { "type": "Point", "coordinates": [ -47.6367956, -15.6432689 ] } },
{ "type": "Feature", "properties": { "id_osm": 12966301612, "nome": null, "tipo": "platform", "ref": null }, "geometry": { "type": "Point", "coordinates": [ -47.6396795, -15.6434273 ] } },
{ "type": "Feature", "properties": { "id_osm": 12966301613, "nome": null, "tipo": "platform", "ref": null }, "geometry": { "type": "Point", "coordinates": [ -47.639823, -15.6433498 ] } },
{ "type": "Feature", "properties": { "id_osm": 12966301614, "nome": null, "tipo": "platform", "ref": null }, "geometry": { "type": "Point", "coordinates": [ -47.6426096, -15.6435187 ] } },
{ "type": "Feature", "properties": { "id_osm": 12966301615, "nome": null, "tipo": "platform", "ref": null }, "geometry": { "type": "Point", "coordinates": [ -47.6428538, -15.6434607 ] } },
{ "type": "Feature", "properties": { "id_osm": 12966301616, "nome": null, "tipo": "platform", "ref": "." }, "geometry": { "type": "Point", "coordinates": [ -47.6487097, -15.6437371 ] } },
{ "type": "Feature", "properties": { "id_osm": 13065183280, "nome": null, "tipo": "platform", "ref": null }, "geometry": { "type": "Point", "coordinates": [ -47.9335911, -15.8068421 ] } },
{ "type": "Feature", "properties": { "id_osm": 13137198092, "nome": null, "tipo": "platform", "ref": null }, "geometry": { "type": "Point", "coordinates": [ -47.8975088, -15.7340949 ] } },
{ "type": "Feature", "properties": { "id_osm": 13143541658, "nome": "via w3 norte SHLN", "tipo": "platform", "ref": null }, "geometry": { "type": "Point", "coordinates": [ -47.8973148, -15.7354266 ] } },
{ "type": "Feature", "properties": { "id_osm": 13173679456, "nome": null, "tipo": "platform", "ref": null }, "geometry": { "type": "Point", "coordinates": [ -48.0161826, -15.894294 ] } },
{ "type": "Feature", "properties": { "id_osm": 13228375482, "nome": "Box 06", "tipo": "platform", "ref": null }, "geometry": { "type": "Point", "coordinates": [ -48.1426592, -15.8322479 ] } },
{ "type": "Feature", "properties": { "id_osm": 13228375484, "nome": "Box 05", "tipo": "platform", "ref": null }, "geometry": { "type": "Point", "coordinates": [ -48.142723, -15.8322712 ] } },
{ "type": "Feature", "properties": { "id_osm": 13228375486, "nome": "Box 04", "tipo": "platform", "ref": null }, "geometry": { "type": "Point", "coordinates": [ -48.1427931, -15.8322802 ] } },
{ "type": "Feature", "properties": { "id_osm": 13228375488, "nome": "Box 03", "tipo": "platform", "ref": null }, "geometry": { "type": "Point", "coordinates": [ -48.1428641, -15.8322899 ] } },
{ "type": "Feature", "properties": { "id_osm": 13228375490, "nome": "Box 02", "tipo": "platform", "ref": null }, "geometry": { "type": "Point", "coordinates": [ -48.1429333, -15.8323037 ] } },
{ "type": "Feature", "properties": { "id_osm": 13228375492, "nome": "Box 01", "tipo": "platform", "ref": null }, "geometry": { "type": "Point", "coordinates": [ -48.1430187, -15.8323175 ] } },
{ "type": "Feature", "properties": { "id_osm": 13286599490, "nome": "EPCT, km 78,2 norte", "tipo": "bus_stop", "ref": null }, "geometry": { "type": "Point", "coordinates": [ -48.0555484, -15.8233119 ] } },
{ "type": "Feature", "properties": { "id_osm": 13286599491, "nome": "EPCT, km 78,6 norte", "tipo": "bus_stop", "ref": null }, "geometry": { "type": "Point", "coordinates": [ -48.0569106, -15.8197787 ] } },
{ "type": "Feature", "properties": { "id_osm": 13286599492, "nome": "EPCT, km 80 norte", "tipo": "bus_stop", "ref": null }, "geometry": { "type": "Point", "coordinates": [ -48.058224, -15.807741 ] } },
{ "type": "Feature", "properties": { "id_osm": 13286599493, "nome": "EPCT, km 79,4 norte", "tipo": "bus_stop", "ref": null }, "geometry": { "type": "Point", "coordinates": [ -48.0582768, -15.8130011 ] } },
{ "type": "Feature", "properties": { "id_osm": 13286599494, "nome": "EPCT, km 79 norte", "tipo": "bus_stop", "ref": null }, "geometry": { "type": "Point", "coordinates": [ -48.0576512, -15.8166948 ] } },
{ "type": "Feature", "properties": { "id_osm": 13286599495, "nome": "EPCT, km 80,4 norte", "tipo": "bus_stop", "ref": null }, "geometry": { "type": "Point", "coordinates": [ -48.0574715, -15.8039263 ] } },
{ "type": "Feature", "properties": { "id_osm": 13286639386, "nome": "Av. Pernambuco - QNO 9 (Centro Olímpico do Setor O)", "tipo": "platform", "ref": null }, "geometry": { "type": "Point", "coordinates": [ -48.1239096, -15.8007732 ] } },
{ "type": "Feature", "properties": { "id_osm": 13289589079, "nome": null, "tipo": "platform", "ref": null }, "geometry": { "type": "Point", "coordinates": [ -48.1465804, -15.8334086 ] } },
{ "type": "Feature", "properties": { "id_osm": 13317996309, "nome": "BR-070, km 9,4 oeste - Passarela Condomínio Privê/Terminal Setor O", "tipo": "bus_stop", "ref": null }, "geometry": { "type": "Point", "coordinates": [ -48.1349666, -15.7853694 ] } },
{ "type": "Feature", "properties": { "id_osm": 13317996310, "nome": "BR-070, km 9,4 leste - Passarela Terminal Setor O/Condomínio Privê", "tipo": "bus_stop", "ref": null }, "geometry": { "type": "Point", "coordinates": [ -48.1347698, -15.7858385 ] } },
{ "type": "Feature", "properties": { "id_osm": 13318005328, "nome": "Eqno 13/15 Lateral ao Conjunto D Ceilandia", "tipo": "platform", "ref": null }, "geometry": { "type": "Point", "coordinates": [ -48.1314287, -15.7880543 ] } },
{ "type": "Feature", "properties": { "id_osm": 13318005329, "nome": "Eqno 13/15 Lateral a Escola Classe 33, Ceilandia", "tipo": "platform", "ref": null }, "geometry": { "type": "Point", "coordinates": [ -48.1313878, -15.7881685 ] } },
{ "type": "Feature", "properties": { "id_osm": 13320316293, "nome": null, "tipo": "platform", "ref": null }, "geometry": { "type": "Point", "coordinates": [ -48.1269157, -15.8244538 ] } },
{ "type": "Feature", "properties": { "id_osm": 13320316294, "nome": null, "tipo": "platform", "ref": null }, "geometry": { "type": "Point", "coordinates": [ -48.1272243, -15.8247136 ] } },
{ "type": "Feature", "properties": { "id_osm": 13320316295, "nome": null, "tipo": "platform", "ref": null }, "geometry": { "type": "Point", "coordinates": [ -48.1285001, -15.825929 ] } },
{ "type": "Feature", "properties": { "id_osm": 13320316296, "nome": null, "tipo": "platform", "ref": null }, "geometry": { "type": "Point", "coordinates": [ -48.1289311, -15.8262159 ] } },
{ "type": "Feature", "properties": { "id_osm": 13320316297, "nome": null, "tipo": "platform", "ref": null }, "geometry": { "type": "Point", "coordinates": [ -48.1302505, -15.8274552 ] } },
{ "type": "Feature", "properties": { "id_osm": 13320316298, "nome": null, "tipo": "platform", "ref": null }, "geometry": { "type": "Point", "coordinates": [ -48.1306718, -15.827702 ] } },
{ "type": "Feature", "properties": { "id_osm": 13320316299, "nome": null, "tipo": "platform", "ref": null }, "geometry": { "type": "Point", "coordinates": [ -48.1325607, -15.8294069 ] } },
{ "type": "Feature", "properties": { "id_osm": 13320316300, "nome": null, "tipo": "platform", "ref": null }, "geometry": { "type": "Point", "coordinates": [ -48.1323224, -15.8291076 ] } },
{ "type": "Feature", "properties": { "id_osm": 13320351701, "nome": null, "tipo": "platform", "ref": null }, "geometry": { "type": "Point", "coordinates": [ -48.1335652, -15.8285928 ] } },
{ "type": "Feature", "properties": { "id_osm": 13320351702, "nome": null, "tipo": "platform", "ref": null }, "geometry": { "type": "Point", "coordinates": [ -48.1338133, -15.8287443 ] } },
{ "type": "Feature", "properties": { "id_osm": 13321869556, "nome": null, "tipo": "platform", "ref": null }, "geometry": { "type": "Point", "coordinates": [ -48.1220368, -15.8269501 ] } },
{ "type": "Feature", "properties": { "id_osm": 13321869557, "nome": null, "tipo": "platform", "ref": null }, "geometry": { "type": "Point", "coordinates": [ -48.1224481, -15.8274932 ] } },
{ "type": "Feature", "properties": { "id_osm": 13321869558, "nome": null, "tipo": "platform", "ref": null }, "geometry": { "type": "Point", "coordinates": [ -48.1238358, -15.8286235 ] } },
{ "type": "Feature", "properties": { "id_osm": 13321869559, "nome": null, "tipo": "platform", "ref": null }, "geometry": { "type": "Point", "coordinates": [ -48.1247598, -15.8290197 ] } },
{ "type": "Feature", "properties": { "id_osm": 13321869560, "nome": null, "tipo": "platform", "ref": null }, "geometry": { "type": "Point", "coordinates": [ -48.1244313, -15.8291584 ] } },
{ "type": "Feature", "properties": { "id_osm": 13321869561, "nome": null, "tipo": "platform", "ref": null }, "geometry": { "type": "Point", "coordinates": [ -48.1244889, -15.8291829 ] } },
{ "type": "Feature", "properties": { "id_osm": 13321869562, "nome": null, "tipo": "platform", "ref": null }, "geometry": { "type": "Point", "coordinates": [ -48.1259019, -15.8297847 ] } },
{ "type": "Feature", "properties": { "id_osm": 13321869563, "nome": null, "tipo": "platform", "ref": null }, "geometry": { "type": "Point", "coordinates": [ -48.1259984, -15.8297395 ] } },
{ "type": "Feature", "properties": { "id_osm": 13321869564, "nome": null, "tipo": "platform", "ref": null }, "geometry": { "type": "Point", "coordinates": [ -48.1283386, -15.8307696 ] } },
{ "type": "Feature", "properties": { "id_osm": 13321869565, "nome": null, "tipo": "platform", "ref": null }, "geometry": { "type": "Point", "coordinates": [ -48.1285025, -15.8307534 ] } },
{ "type": "Feature", "properties": { "id_osm": 13321869566, "nome": null, "tipo": "platform", "ref": null }, "geometry": { "type": "Point", "coordinates": [ -48.1305434, -15.8318007 ] } },
{ "type": "Feature", "properties": { "id_osm": 13321869567, "nome": null, "tipo": "platform", "ref": null }, "geometry": { "type": "Point", "coordinates": [ -48.130611, -15.8317405 ] } },
{ "type": "Feature", "properties": { "id_osm": 13321869568, "nome": null, "tipo": "platform", "ref": null }, "geometry": { "type": "Point", "coordinates": [ -48.1322931, -15.8328766 ] } },
{ "type": "Feature", "properties": { "id_osm": 13321869569, "nome": null, "tipo": "platform", "ref": null }, "geometry": { "type": "Point", "coordinates": [ -48.1323937, -15.833074 ] } },
{ "type": "Feature", "properties": { "id_osm": 13321869570, "nome": null, "tipo": "platform", "ref": null }, "geometry": { "type": "Point", "coordinates": [ -48.1348164, -15.8351948 ] } },
{ "type": "Feature", "properties": { "id_osm": 13321869571, "nome": null, "tipo": "platform", "ref": null }, "geometry": { "type": "Point", "coordinates": [ -48.1348992, -15.8351403 ] } },
{ "type": "Feature", "properties": { "id_osm": 13321869572, "nome": null, "tipo": "platform", "ref": null }, "geometry": { "type": "Point", "coordinates": [ -48.1371396, -15.8368492 ] } },
{ "type": "Feature", "properties": { "id_osm": 13321869573, "nome": null, "tipo": "platform", "ref": null }, "geometry": { "type": "Point", "coordinates": [ -48.1371208, -15.8367498 ] } },
{ "type": "Feature", "properties": { "id_osm": 13321869574, "nome": null, "tipo": "platform", "ref": null }, "geometry": { "type": "Point", "coordinates": [ -48.1383141, -15.8376676 ] } },
{ "type": "Feature", "properties": { "id_osm": 13321869575, "nome": null, "tipo": "platform", "ref": null }, "geometry": { "type": "Point", "coordinates": [ -48.1386145, -15.8377218 ] } },
{ "type": "Feature", "properties": { "id_osm": 13321869576, "nome": null, "tipo": "platform", "ref": null }, "geometry": { "type": "Point", "coordinates": [ -48.1399286, -15.8392048 ] } },
{ "type": "Feature", "properties": { "id_osm": 13321869577, "nome": null, "tipo": "platform", "ref": null }, "geometry": { "type": "Point", "coordinates": [ -48.1399776, -15.8391138 ] } },
{ "type": "Feature", "properties": { "id_osm": 13321869578, "nome": null, "tipo": "platform", "ref": null }, "geometry": { "type": "Point", "coordinates": [ -48.1412517, -15.8405213 ] } },
{ "type": "Feature", "properties": { "id_osm": 13321869579, "nome": null, "tipo": "platform", "ref": null }, "geometry": { "type": "Point", "coordinates": [ -48.1413018, -15.8404639 ] } },
{ "type": "Feature", "properties": { "id_osm": 13321869580, "nome": null, "tipo": "platform", "ref": null }, "geometry": { "type": "Point", "coordinates": [ -48.142298, -15.8416446 ] } },
{ "type": "Feature", "properties": { "id_osm": 13321869581, "nome": null, "tipo": "platform", "ref": null }, "geometry": { "type": "Point", "coordinates": [ -48.1423926, -15.8416137 ] } },
{ "type": "Feature", "properties": { "id_osm": 13321869582, "nome": null, "tipo": "platform", "ref": null }, "geometry": { "type": "Point", "coordinates": [ -48.1435968, -15.8430483 ] } },
{ "type": "Feature", "properties": { "id_osm": 13321869583, "nome": null, "tipo": "platform", "ref": null }, "geometry": { "type": "Point", "coordinates": [ -48.1436492, -15.8430321 ] } },
{ "type": "Feature", "properties": { "id_osm": 13321869584, "nome": null, "tipo": "platform", "ref": null }, "geometry": { "type": "Point", "coordinates": [ -48.1457083, -15.8460066 ] } },
{ "type": "Feature", "properties": { "id_osm": 13321869585, "nome": null, "tipo": "platform", "ref": null }, "geometry": { "type": "Point", "coordinates": [ -48.1311094, -15.8335163 ] } },
{ "type": "Feature", "properties": { "id_osm": 13321869586, "nome": null, "tipo": "platform", "ref": null }, "geometry": { "type": "Point", "coordinates": [ -48.1312074, -15.8335602 ] } },
{ "type": "Feature", "properties": { "id_osm": 13321869587, "nome": null, "tipo": "platform", "ref": null }, "geometry": { "type": "Point", "coordinates": [ -48.1299573, -15.8352377 ] } },
{ "type": "Feature", "properties": { "id_osm": 13321869588, "nome": null, "tipo": "platform", "ref": null }, "geometry": { "type": "Point", "coordinates": [ -48.1300531, -15.8352797 ] } },
{ "type": "Feature", "properties": { "id_osm": 13321869589, "nome": null, "tipo": "platform", "ref": null }, "geometry": { "type": "Point", "coordinates": [ -48.1285819, -15.8374231 ] } },
{ "type": "Feature", "properties": { "id_osm": 13321869590, "nome": null, "tipo": "platform", "ref": null }, "geometry": { "type": "Point", "coordinates": [ -48.1286613, -15.8374654 ] } },
{ "type": "Feature", "properties": { "id_osm": 13321869591, "nome": null, "tipo": "platform", "ref": null }, "geometry": { "type": "Point", "coordinates": [ -48.1280503, -15.835675 ] } },
{ "type": "Feature", "properties": { "id_osm": 13321869592, "nome": null, "tipo": "platform", "ref": null }, "geometry": { "type": "Point", "coordinates": [ -48.1281376, -15.8356668 ] } },
{ "type": "Feature", "properties": { "id_osm": 13321869593, "nome": null, "tipo": "platform", "ref": null }, "geometry": { "type": "Point", "coordinates": [ -48.1257948, -15.8340046 ] } },
{ "type": "Feature", "properties": { "id_osm": 13321869594, "nome": null, "tipo": "platform", "ref": null }, "geometry": { "type": "Point", "coordinates": [ -48.1258693, -15.8339421 ] } },
{ "type": "Feature", "properties": { "id_osm": 13321869595, "nome": null, "tipo": "platform", "ref": null }, "geometry": { "type": "Point", "coordinates": [ -48.1236617, -15.8325071 ] } },
{ "type": "Feature", "properties": { "id_osm": 13321869596, "nome": null, "tipo": "platform", "ref": null }, "geometry": { "type": "Point", "coordinates": [ -48.1237274, -15.8324581 ] } },
{ "type": "Feature", "properties": { "id_osm": 13321869597, "nome": null, "tipo": "platform", "ref": null }, "geometry": { "type": "Point", "coordinates": [ -48.1199084, -15.8277048 ] } },
{ "type": "Feature", "properties": { "id_osm": 13321869598, "nome": null, "tipo": "platform", "ref": null }, "geometry": { "type": "Point", "coordinates": [ -48.1200751, -15.827842 ] } },
{ "type": "Feature", "properties": { "id_osm": 13321869599, "nome": null, "tipo": "platform", "ref": null }, "geometry": { "type": "Point", "coordinates": [ -48.1191067, -15.8291862 ] } },
{ "type": "Feature", "properties": { "id_osm": 13321869600, "nome": null, "tipo": "platform", "ref": null }, "geometry": { "type": "Point", "coordinates": [ -48.1188566, -15.8292221 ] } },
{ "type": "Feature", "properties": { "id_osm": 13321884701, "nome": null, "tipo": "platform", "ref": null }, "geometry": { "type": "Point", "coordinates": [ -48.1177837, -15.8306148 ] } },
{ "type": "Feature", "properties": { "id_osm": 13321884702, "nome": null, "tipo": "platform", "ref": null }, "geometry": { "type": "Point", "coordinates": [ -48.1179474, -15.830767 ] } },
{ "type": "Feature", "properties": { "id_osm": 13321884703, "nome": null, "tipo": "platform", "ref": null }, "geometry": { "type": "Point", "coordinates": [ -48.117937, -15.8340202 ] } },
{ "type": "Feature", "properties": { "id_osm": 13321884704, "nome": null, "tipo": "platform", "ref": null }, "geometry": { "type": "Point", "coordinates": [ -48.1179745, -15.8339299 ] } },
{ "type": "Feature", "properties": { "id_osm": 13321884705, "nome": null, "tipo": "platform", "ref": null }, "geometry": { "type": "Point", "coordinates": [ -48.1208862, -15.8344797 ] } },
{ "type": "Feature", "properties": { "id_osm": 13321884706, "nome": null, "tipo": "platform", "ref": null }, "geometry": { "type": "Point", "coordinates": [ -48.1209466, -15.83441 ] } },
{ "type": "Feature", "properties": { "id_osm": 13321884707, "nome": null, "tipo": "platform", "ref": null }, "geometry": { "type": "Point", "coordinates": [ -48.1225028, -15.8355331 ] } },
{ "type": "Feature", "properties": { "id_osm": 13321884708, "nome": null, "tipo": "platform", "ref": null }, "geometry": { "type": "Point", "coordinates": [ -48.1225805, -15.8357038 ] } },
{ "type": "Feature", "properties": { "id_osm": 13321884709, "nome": null, "tipo": "platform", "ref": null }, "geometry": { "type": "Point", "coordinates": [ -48.1210031, -15.8374587 ] } },
{ "type": "Feature", "properties": { "id_osm": 13321884710, "nome": null, "tipo": "platform", "ref": null }, "geometry": { "type": "Point", "coordinates": [ -48.1207274, -15.8374085 ] } },
{ "type": "Feature", "properties": { "id_osm": 13321884711, "nome": null, "tipo": "platform", "ref": null }, "geometry": { "type": "Point", "coordinates": [ -48.1177192, -15.8351109 ] } },
{ "type": "Feature", "properties": { "id_osm": 13321884712, "nome": null, "tipo": "platform", "ref": null }, "geometry": { "type": "Point", "coordinates": [ -48.1176202, -15.8351744 ] } },
{ "type": "Feature", "properties": { "id_osm": 13321884713, "nome": null, "tipo": "platform", "ref": null }, "geometry": { "type": "Point", "coordinates": [ -48.1304908, -15.8413392 ] } },
{ "type": "Feature", "properties": { "id_osm": 13321884714, "nome": null, "tipo": "platform", "ref": null }, "geometry": { "type": "Point", "coordinates": [ -48.1329444, -15.8403539 ] } },
{ "type": "Feature", "properties": { "id_osm": 13321884715, "nome": null, "tipo": "platform", "ref": null }, "geometry": { "type": "Point", "coordinates": [ -48.1330973, -15.8402068 ] } },
{ "type": "Feature", "properties": { "id_osm": 13324504246, "nome": "Av. Independência / UnB", "tipo": "platform", "ref": "3451" }, "geometry": { "type": "Point", "coordinates": [ -47.6543661, -15.6012278 ] } },
{ "type": "Feature", "properties": { "id_osm": 13325222467, "nome": "QNN 10 (Sentido Ceilândia)", "tipo": "platform", "ref": "2381" }, "geometry": { "type": "Point", "coordinates": [ -48.099426, -15.840537 ] } },
{ "type": "Feature", "properties": { "id_osm": 13325474501, "nome": "Detran/Estação Centro Metropolitano", "tipo": "platform", "ref": null }, "geometry": { "type": "Point", "coordinates": [ -48.0871066, -15.8352799 ] } },
{ "type": "Feature", "properties": { "id_osm": 13325474502, "nome": "Centro Administrativo/Estação Centro Metropolitano", "tipo": "platform", "ref": "2389" }, "geometry": { "type": "Point", "coordinates": [ -48.0867425, -15.83596 ] } },
{ "type": "Feature", "properties": { "id_osm": 13356633667, "nome": "Octogonal (Sentido EPTG)", "tipo": "platform", "ref": null }, "geometry": { "type": "Point", "coordinates": [ -47.9439872, -15.8107145 ] } },
{ "type": "Feature", "properties": { "id_osm": 13356633668, "nome": "Acesso EPIG/Octogonal", "tipo": "platform", "ref": null }, "geometry": { "type": "Point", "coordinates": [ -47.9439965, -15.8108476 ] } },
{ "type": "Feature", "properties": { "id_osm": 13356633688, "nome": "Polícia Rodoviária Federal/Agência Espacial Brasileira", "tipo": "platform", "ref": null }, "geometry": { "type": "Point", "coordinates": [ -47.9376771, -15.817456 ] } },
{ "type": "Feature", "properties": { "id_osm": 13356633689, "nome": "Polícia Rodoviária Federal/Agência Espacial Brasileira", "tipo": "platform", "ref": null }, "geometry": { "type": "Point", "coordinates": [ -47.9374741, -15.8176888 ] } },
{ "type": "Feature", "properties": { "id_osm": 13356635622, "nome": "Sede PMDF", "tipo": "platform", "ref": null }, "geometry": { "type": "Point", "coordinates": [ -47.9343582, -15.82466 ] } },
{ "type": "Feature", "properties": { "id_osm": 13356635623, "nome": "Sede PMDF", "tipo": "platform", "ref": null }, "geometry": { "type": "Point", "coordinates": [ -47.9342122, -15.8246061 ] } },
{ "type": "Feature", "properties": { "id_osm": 13356635643, "nome": "Polícia Federal", "tipo": "platform", "ref": null }, "geometry": { "type": "Point", "coordinates": [ -47.9316452, -15.8280828 ] } },
{ "type": "Feature", "properties": { "id_osm": 13356635644, "nome": "Polícia Federal/ Hospital Santa Lúcia", "tipo": "platform", "ref": null }, "geometry": { "type": "Point", "coordinates": [ -47.9316424, -15.8278789 ] } },
{ "type": "Feature", "properties": { "id_osm": 13386258661, "nome": null, "tipo": "bus_stop", "ref": null }, "geometry": { "type": "Point", "coordinates": [ -48.0224942, -15.8033 ] } },
{ "type": "Feature", "properties": { "id_osm": 13446467103, "nome": null, "tipo": "bus_stop", "ref": null }, "geometry": { "type": "Point", "coordinates": [ -48.1154798, -15.847718 ] } },
{ "type": "Feature", "properties": { "id_osm": 13446467104, "nome": null, "tipo": "bus_stop", "ref": null }, "geometry": { "type": "Point", "coordinates": [ -48.1173177, -15.8456751 ] } },
{ "type": "Feature", "properties": { "id_osm": 13446467401, "nome": null, "tipo": "bus_stop", "ref": null }, "geometry": { "type": "Point", "coordinates": [ -48.1156003, -15.8479299 ] } },
{ "type": "Feature", "properties": { "id_osm": 13446467601, "nome": null, "tipo": "bus_stop", "ref": null }, "geometry": { "type": "Point", "coordinates": [ -48.1172066, -15.8454512 ] } },
{ "type": "Feature", "properties": { "id_osm": 13446467602, "nome": null, "tipo": "bus_stop", "ref": null }, "geometry": { "type": "Point", "coordinates": [ -48.1189941, -15.8435102 ] } },
{ "type": "Feature", "properties": { "id_osm": 13446467701, "nome": null, "tipo": "bus_stop", "ref": null }, "geometry": { "type": "Point", "coordinates": [ -48.1188134, -15.8433564 ] } },
{ "type": "Feature", "properties": { "id_osm": 13542026632, "nome": null, "tipo": "platform", "ref": null }, "geometry": { "type": "Point", "coordinates": [ -48.2959809, -15.9283681 ] } },
{ "type": "Feature", "properties": { "id_osm": 13542026633, "nome": null, "tipo": "platform", "ref": null }, "geometry": { "type": "Point", "coordinates": [ -48.2954859, -15.9301109 ] } },
{ "type": "Feature", "properties": { "id_osm": 13542026634, "nome": null, "tipo": "platform", "ref": null }, "geometry": { "type": "Point", "coordinates": [ -48.2963056, -15.9334419 ] } },
{ "type": "Feature", "properties": { "id_osm": 13577564282, "nome": "Plataforma 01", "tipo": "platform", "ref": null }, "geometry": { "type": "Point", "coordinates": [ -47.9491554, -15.8296362 ] } },
{ "type": "Feature", "properties": { "id_osm": 13577564283, "nome": "Plataforma 02", "tipo": "platform", "ref": null }, "geometry": { "type": "Point", "coordinates": [ -47.949103, -15.8296646 ] } },
{ "type": "Feature", "properties": { "id_osm": 13577564284, "nome": "Plataforma 03", "tipo": "platform", "ref": null }, "geometry": { "type": "Point", "coordinates": [ -47.9490486, -15.8296981 ] } },
{ "type": "Feature", "properties": { "id_osm": 13577564285, "nome": "Plataforma 04", "tipo": "platform", "ref": null }, "geometry": { "type": "Point", "coordinates": [ -47.9489929, -15.8297469 ] } },
{ "type": "Feature", "properties": { "id_osm": 13577564286, "nome": "Plataforma 05", "tipo": "platform", "ref": null }, "geometry": { "type": "Point", "coordinates": [ -47.9489411, -15.8297929 ] } },
{ "type": "Feature", "properties": { "id_osm": 13577564287, "nome": "Plataforma 06", "tipo": "platform", "ref": null }, "geometry": { "type": "Point", "coordinates": [ -47.9488943, -15.829845 ] } },
{ "type": "Feature", "properties": { "id_osm": 13577564288, "nome": "Plataforma 07", "tipo": "platform", "ref": null }, "geometry": { "type": "Point", "coordinates": [ -47.9488515, -15.8298989 ] } },
{ "type": "Feature", "properties": { "id_osm": 13577564289, "nome": "Plataforma 08", "tipo": "platform", "ref": null }, "geometry": { "type": "Point", "coordinates": [ -47.948814, -15.8299459 ] } },
{ "type": "Feature", "properties": { "id_osm": 13577564290, "nome": "Plataforma 09", "tipo": "platform", "ref": null }, "geometry": { "type": "Point", "coordinates": [ -47.9487847, -15.8300018 ] } },
{ "type": "Feature", "properties": { "id_osm": 13577564291, "nome": "Plataforma 10", "tipo": "platform", "ref": null }, "geometry": { "type": "Point", "coordinates": [ -47.9487578, -15.8300547 ] } },
{ "type": "Feature", "properties": { "id_osm": 13577564292, "nome": "Plataforma 11", "tipo": "platform", "ref": null }, "geometry": { "type": "Point", "coordinates": [ -47.9487353, -15.8301164 ] } },
{ "type": "Feature", "properties": { "id_osm": 13577564293, "nome": "Plataforma 12", "tipo": "platform", "ref": null }, "geometry": { "type": "Point", "coordinates": [ -47.9487168, -15.83018 ] } },
{ "type": "Feature", "properties": { "id_osm": 13577564294, "nome": "Plataforma 13", "tipo": "platform", "ref": null }, "geometry": { "type": "Point", "coordinates": [ -47.9487007, -15.8302435 ] } },
{ "type": "Feature", "properties": { "id_osm": 13577564295, "nome": "Plataforma 14", "tipo": "platform", "ref": null }, "geometry": { "type": "Point", "coordinates": [ -47.9486915, -15.830306 ] } },
{ "type": "Feature", "properties": { "id_osm": 13577564296, "nome": "Plataforma 15", "tipo": "platform", "ref": null }, "geometry": { "type": "Point", "coordinates": [ -47.9486925, -15.8303767 ] } },
{ "type": "Feature", "properties": { "id_osm": 13577564297, "nome": "Plataforma 16", "tipo": "platform", "ref": null }, "geometry": { "type": "Point", "coordinates": [ -47.9486933, -15.830445 ] } },
{ "type": "Feature", "properties": { "id_osm": 13577564298, "nome": "Plataforma 17", "tipo": "platform", "ref": null }, "geometry": { "type": "Point", "coordinates": [ -47.9486968, -15.8305032 ] } },
{ "type": "Feature", "properties": { "id_osm": 13577564299, "nome": "Plataforma 18", "tipo": "platform", "ref": null }, "geometry": { "type": "Point", "coordinates": [ -47.9487049, -15.8305607 ] } },
{ "type": "Feature", "properties": { "id_osm": 13577564300, "nome": "Plataforma 19", "tipo": "platform", "ref": null }, "geometry": { "type": "Point", "coordinates": [ -47.9487226, -15.8306341 ] } },
{ "type": "Feature", "properties": { "id_osm": 13577567501, "nome": "Plataforma 20", "tipo": "platform", "ref": null }, "geometry": { "type": "Point", "coordinates": [ -47.9487409, -15.8306905 ] } },
{ "type": "Feature", "properties": { "id_osm": 13577567502, "nome": "Plataforma 21", "tipo": "platform", "ref": null }, "geometry": { "type": "Point", "coordinates": [ -47.9487662, -15.8307497 ] } },
{ "type": "Feature", "properties": { "id_osm": 13577567503, "nome": "Plataforma 22", "tipo": "platform", "ref": null }, "geometry": { "type": "Point", "coordinates": [ -47.9487982, -15.8308087 ] } },
{ "type": "Feature", "properties": { "id_osm": 13577567504, "nome": "Plataforma 23", "tipo": "platform", "ref": null }, "geometry": { "type": "Point", "coordinates": [ -47.9488331, -15.8308661 ] } },
{ "type": "Feature", "properties": { "id_osm": 13577567505, "nome": "Plataforma 24", "tipo": "platform", "ref": null }, "geometry": { "type": "Point", "coordinates": [ -47.9488803, -15.8309286 ] } },
{ "type": "Feature", "properties": { "id_osm": 13577567506, "nome": "Plataforma 25", "tipo": "platform", "ref": null }, "geometry": { "type": "Point", "coordinates": [ -47.9489147, -15.8309716 ] } },
{ "type": "Feature", "properties": { "id_osm": 13577567507, "nome": "Plataforma 26", "tipo": "platform", "ref": null }, "geometry": { "type": "Point", "coordinates": [ -47.9489593, -15.8310196 ] } },
{ "type": "Feature", "properties": { "id_osm": 13577567508, "nome": "Plataforma 27", "tipo": "platform", "ref": null }, "geometry": { "type": "Point", "coordinates": [ -47.9490082, -15.8310611 ] } },
{ "type": "Feature", "properties": { "id_osm": 13577567509, "nome": "Plataforma 28", "tipo": "platform", "ref": null }, "geometry": { "type": "Point", "coordinates": [ -47.9490565, -15.8310966 ] } },
{ "type": "Feature", "properties": { "id_osm": 13577567510, "nome": "Plataforma 29", "tipo": "platform", "ref": null }, "geometry": { "type": "Point", "coordinates": [ -47.9491215, -15.8311398 ] } },
{ "type": "Feature", "properties": { "id_osm": 13577567511, "nome": "Plataforma 30", "tipo": "platform", "ref": null }, "geometry": { "type": "Point", "coordinates": [ -47.9491799, -15.831167 ] } },
{ "type": "Feature", "properties": { "id_osm": 13577567512, "nome": "Plataforma 31", "tipo": "platform", "ref": null }, "geometry": { "type": "Point", "coordinates": [ -47.9492433, -15.8311962 ] } },
{ "type": "Feature", "properties": { "id_osm": 13577567513, "nome": "Plataforma 32", "tipo": "platform", "ref": null }, "geometry": { "type": "Point", "coordinates": [ -47.9493083, -15.8312158 ] } },
{ "type": "Feature", "properties": { "id_osm": 13633256976, "nome": "Via M4 - QNM 34 Conjunto M", "tipo": "bus_stop", "ref": null }, "geometry": { "type": "Point", "coordinates": [ -48.0906582, -15.8083953 ] } },
{ "type": "Feature", "properties": { "id_osm": 13731380762, "nome": null, "tipo": "stop_position", "ref": null }, "geometry": { "type": "Point", "coordinates": [ -48.1189299, -15.7985053 ] } },
{ "type": "Feature", "properties": { "id_osm": 13731380763, "nome": "Setor O Qno 2 Conjunto B", "tipo": "platform", "ref": null }, "geometry": { "type": "Point", "coordinates": [ -48.1189513, -15.7984657 ] } },
{ "type": "Feature", "properties": { "id_osm": 13731381362, "nome": null, "tipo": "platform", "ref": null }, "geometry": { "type": "Point", "coordinates": [ -48.116747, -15.797709 ] } },
{ "type": "Feature", "properties": { "id_osm": 13731381363, "nome": null, "tipo": "stop_position", "ref": null }, "geometry": { "type": "Point", "coordinates": [ -48.1224963, -15.8042917 ] } },
{ "type": "Feature", "properties": { "id_osm": 13731381364, "nome": null, "tipo": "stop_position", "ref": null }, "geometry": { "type": "Point", "coordinates": [ -48.1225151, -15.8042425 ] } },
{ "type": "Feature", "properties": { "id_osm": 13731381365, "nome": null, "tipo": "stop_position", "ref": null }, "geometry": { "type": "Point", "coordinates": [ -48.1277718, -15.7900536 ] } },
{ "type": "Feature", "properties": { "id_osm": 13731381366, "nome": null, "tipo": "stop_position", "ref": null }, "geometry": { "type": "Point", "coordinates": [ -48.1279557, -15.7900589 ] } },
{ "type": "Feature", "properties": { "id_osm": 13731381367, "nome": null, "tipo": "stop_position", "ref": null }, "geometry": { "type": "Point", "coordinates": [ -48.1267597, -15.7926981 ] } },
{ "type": "Feature", "properties": { "id_osm": 13731381368, "nome": null, "tipo": "stop_position", "ref": null }, "geometry": { "type": "Point", "coordinates": [ -48.1269229, -15.7927574 ] } },
{ "type": "Feature", "properties": { "id_osm": 13731381369, "nome": null, "tipo": "stop_position", "ref": null }, "geometry": { "type": "Point", "coordinates": [ -48.1258077, -15.795179 ] } },
{ "type": "Feature", "properties": { "id_osm": 13731381370, "nome": null, "tipo": "stop_position", "ref": null }, "geometry": { "type": "Point", "coordinates": [ -48.125978, -15.7952269 ] } },
{ "type": "Feature", "properties": { "id_osm": 13731381371, "nome": null, "tipo": "stop_position", "ref": null }, "geometry": { "type": "Point", "coordinates": [ -48.1247759, -15.7978639 ] } },
{ "type": "Feature", "properties": { "id_osm": 13731381372, "nome": null, "tipo": "stop_position", "ref": null }, "geometry": { "type": "Point", "coordinates": [ -48.1249383, -15.797929 ] } },
{ "type": "Feature", "properties": { "id_osm": 13731381373, "nome": null, "tipo": "stop_position", "ref": null }, "geometry": { "type": "Point", "coordinates": [ -48.1214006, -15.7998016 ] } },
{ "type": "Feature", "properties": { "id_osm": 13731381374, "nome": null, "tipo": "stop_position", "ref": null }, "geometry": { "type": "Point", "coordinates": [ -48.1214857, -15.800042 ] } },
{ "type": "Feature", "properties": { "id_osm": 13731381375, "nome": null, "tipo": "stop_position", "ref": null }, "geometry": { "type": "Point", "coordinates": [ -48.1207301, -15.7963287 ] } },
{ "type": "Feature", "properties": { "id_osm": 13731381376, "nome": null, "tipo": "stop_position", "ref": null }, "geometry": { "type": "Point", "coordinates": [ -48.1208696, -15.7964756 ] } },
{ "type": "Feature", "properties": { "id_osm": 13731381377, "nome": null, "tipo": "stop_position", "ref": null }, "geometry": { "type": "Point", "coordinates": [ -48.1217248, -15.7937639 ] } },
{ "type": "Feature", "properties": { "id_osm": 13731381378, "nome": null, "tipo": "stop_position", "ref": null }, "geometry": { "type": "Point", "coordinates": [ -48.1219156, -15.7937624 ] } },
{ "type": "Feature", "properties": { "id_osm": 13731381379, "nome": null, "tipo": "stop_position", "ref": null }, "geometry": { "type": "Point", "coordinates": [ -48.1227124, -15.7911894 ] } },
{ "type": "Feature", "properties": { "id_osm": 13731381380, "nome": null, "tipo": "stop_position", "ref": null }, "geometry": { "type": "Point", "coordinates": [ -48.1228536, -15.791294 ] } },
{ "type": "Feature", "properties": { "id_osm": 13731381381, "nome": null, "tipo": "stop_position", "ref": null }, "geometry": { "type": "Point", "coordinates": [ -48.1236544, -15.7887059 ] } },
{ "type": "Feature", "properties": { "id_osm": 13731381382, "nome": null, "tipo": "stop_position", "ref": null }, "geometry": { "type": "Point", "coordinates": [ -48.1237989, -15.788851 ] } },
{ "type": "Feature", "properties": { "id_osm": 13731381383, "nome": null, "tipo": "stop_position", "ref": null }, "geometry": { "type": "Point", "coordinates": [ -48.1247266, -15.785936 ] } },
{ "type": "Feature", "properties": { "id_osm": 13731381384, "nome": null, "tipo": "stop_position", "ref": null }, "geometry": { "type": "Point", "coordinates": [ -48.1247987, -15.7862075 ] } },
{ "type": "Feature", "properties": { "id_osm": 13731381385, "nome": null, "tipo": "stop_position", "ref": null }, "geometry": { "type": "Point", "coordinates": [ -48.125675, -15.7860255 ] } },
{ "type": "Feature", "properties": { "id_osm": 13731381386, "nome": null, "tipo": "stop_position", "ref": null }, "geometry": { "type": "Point", "coordinates": [ -48.1264821, -15.7863155 ] } },
{ "type": "Feature", "properties": { "id_osm": 13731381387, "nome": null, "tipo": "stop_position", "ref": null }, "geometry": { "type": "Point", "coordinates": [ -48.1284288, -15.7870186 ] } },
{ "type": "Feature", "properties": { "id_osm": 13731381388, "nome": null, "tipo": "stop_position", "ref": null }, "geometry": { "type": "Point", "coordinates": [ -48.1314132, -15.7880911 ] } },
{ "type": "Feature", "properties": { "id_osm": 13731381389, "nome": null, "tipo": "stop_position", "ref": null }, "geometry": { "type": "Point", "coordinates": [ -48.1328368, -15.7886028 ] } },
{ "type": "Feature", "properties": { "id_osm": 13731381390, "nome": null, "tipo": "stop_position", "ref": null }, "geometry": { "type": "Point", "coordinates": [ -48.1328904, -15.7889204 ] } },
{ "type": "Feature", "properties": { "id_osm": 13731381391, "nome": null, "tipo": "stop_position", "ref": null }, "geometry": { "type": "Point", "coordinates": [ -48.1323567, -15.7908195 ] } },
{ "type": "Feature", "properties": { "id_osm": 13731381392, "nome": null, "tipo": "stop_position", "ref": null }, "geometry": { "type": "Point", "coordinates": [ -48.1318935, -15.7915118 ] } },
{ "type": "Feature", "properties": { "id_osm": 13731381393, "nome": null, "tipo": "stop_position", "ref": null }, "geometry": { "type": "Point", "coordinates": [ -48.1316925, -15.7925457 ] } },
{ "type": "Feature", "properties": { "id_osm": 13731381394, "nome": null, "tipo": "stop_position", "ref": null }, "geometry": { "type": "Point", "coordinates": [ -48.1309012, -15.7940859 ] } },
{ "type": "Feature", "properties": { "id_osm": 13731381395, "nome": null, "tipo": "stop_position", "ref": null }, "geometry": { "type": "Point", "coordinates": [ -48.1298525, -15.7968216 ] } },
{ "type": "Feature", "properties": { "id_osm": 13731381396, "nome": null, "tipo": "stop_position", "ref": null }, "geometry": { "type": "Point", "coordinates": [ -48.1304792, -15.7956636 ] } },
{ "type": "Feature", "properties": { "id_osm": 13731381397, "nome": null, "tipo": "stop_position", "ref": null }, "geometry": { "type": "Point", "coordinates": [ -48.1289175, -15.7992716 ] } },
{ "type": "Feature", "properties": { "id_osm": 13731381398, "nome": null, "tipo": "stop_position", "ref": null }, "geometry": { "type": "Point", "coordinates": [ -48.1290257, -15.7995193 ] } },
{ "type": "Feature", "properties": { "id_osm": 13731381399, "nome": null, "tipo": "stop_position", "ref": null }, "geometry": { "type": "Point", "coordinates": [ -48.1188392, -15.7986559 ] } },
{ "type": "Feature", "properties": { "id_osm": 13731381400, "nome": null, "tipo": "stop_position", "ref": null }, "geometry": { "type": "Point", "coordinates": [ -48.127003, -15.8023393 ] } },
{ "type": "Feature", "properties": { "id_osm": 13731381401, "nome": null, "tipo": "stop_position", "ref": null }, "geometry": { "type": "Point", "coordinates": [ -48.1269308, -15.8024975 ] } },
{ "type": "Feature", "properties": { "id_osm": 13731381402, "nome": null, "tipo": "stop_position", "ref": null }, "geometry": { "type": "Point", "coordinates": [ -48.1254154, -15.8016967 ] } },
{ "type": "Feature", "properties": { "id_osm": 13731381403, "nome": null, "tipo": "stop_position", "ref": null }, "geometry": { "type": "Point", "coordinates": [ -48.1253676, -15.8018646 ] } },
{ "type": "Feature", "properties": { "id_osm": 13731381404, "nome": null, "tipo": "stop_position", "ref": null }, "geometry": { "type": "Point", "coordinates": [ -48.1238573, -15.8007558 ] } },
{ "type": "Feature", "properties": { "id_osm": 13731381405, "nome": null, "tipo": "stop_position", "ref": null }, "geometry": { "type": "Point", "coordinates": [ -48.1236999, -15.8006623 ] } },
{ "type": "Feature", "properties": { "id_osm": 13731381412, "nome": null, "tipo": "stop_position", "ref": null }, "geometry": { "type": "Point", "coordinates": [ -48.1171118, -15.7975532 ] } },
{ "type": "Feature", "properties": { "id_osm": 13731381413, "nome": null, "tipo": "stop_position", "ref": null }, "geometry": { "type": "Point", "coordinates": [ -48.1167977, -15.797588 ] } },
{ "type": "Feature", "properties": { "id_osm": 13731381733, "nome": "Av. Tocantins - EQNN 23/25 (Estação Ceilândia)", "tipo": "platform", "ref": null }, "geometry": { "type": "Point", "coordinates": [ -48.1225801, -15.8043202 ] } },
{ "type": "Feature", "properties": { "id_osm": 13731381734, "nome": "Av. Tancredo Neves - QNO 9, Conjunto E (Agência BRB/Centro Olímpico do Setor O)", "tipo": "platform", "ref": null }, "geometry": { "type": "Point", "coordinates": [ -48.1254315, -15.8016602 ] } },
{ "type": "Feature", "properties": { "id_osm": 13731381735, "nome": "Av. Tancredo Neves - QNN 25, Conjunto D (Agência BRB/Centro Olímpico do Setor O)", "tipo": "platform", "ref": null }, "geometry": { "type": "Point", "coordinates": [ -48.1253457, -15.8019144 ] } },
{ "type": "Feature", "properties": { "id_osm": 13731381736, "nome": "Av. Tancredo Neves - QNO 9, Conjunto A", "tipo": "platform", "ref": null }, "geometry": { "type": "Point", "coordinates": [ -48.1270205, -15.8023033 ] } },
{ "type": "Feature", "properties": { "id_osm": 13731381737, "nome": "Av. Tancredo Neves - QNN 25, Conjuntos E-F", "tipo": "platform", "ref": null }, "geometry": { "type": "Point", "coordinates": [ -48.12691, -15.8025462 ] } },
{ "type": "Feature", "properties": { "id_osm": 13731381738, "nome": "Av. Paraíba - EQNO 8/10 (Creche Capim Dourado/Skinão Móveis)", "tipo": "platform", "ref": null }, "geometry": { "type": "Point", "coordinates": [ -48.1290873, -15.7995402 ] } },
{ "type": "Feature", "properties": { "id_osm": 13731381739, "nome": "Av. Paraíba - EQNO 9/11 (Creche Capim Dourado/Skinão Móveis)", "tipo": "platform", "ref": null }, "geometry": { "type": "Point", "coordinates": [ -48.1288216, -15.7992451 ] } },
{ "type": "Feature", "properties": { "id_osm": 13731381740, "nome": "Av. Paraíba - QNO 11, Conjunto A, Lote 3", "tipo": "platform", "ref": null }, "geometry": { "type": "Point", "coordinates": [ -48.1297923, -15.7968063 ] } },
{ "type": "Feature", "properties": { "id_osm": 13731381741, "nome": "Av. Paraíba - QNO 10, AE D/E (Feira/Posto Saúde/24ª DP/PCDF)", "tipo": "platform", "ref": null }, "geometry": { "type": "Point", "coordinates": [ -48.1305364, -15.7956786 ] } },
{ "type": "Feature", "properties": { "id_osm": 13731381742, "nome": "Av. Paraíba - EQNO 11/13 (Feira/Posto Saúde/24ª DP/PCDF)", "tipo": "platform", "ref": null }, "geometry": { "type": "Point", "coordinates": [ -48.1308113, -15.7940567 ] } },
{ "type": "Feature", "properties": { "id_osm": 13731381743, "nome": "Av. Paraíba - QNO 12, AE D (Borges Landeiro Garden)", "tipo": "platform", "ref": null }, "geometry": { "type": "Point", "coordinates": [ -48.1317457, -15.7925678 ] } },
{ "type": "Feature", "properties": { "id_osm": 13731381744, "nome": "Av. Paraíba - QNO 13, Conjunto A, Lote 3 (Borges Landeiro Garden)", "tipo": "platform", "ref": null }, "geometry": { "type": "Point", "coordinates": [ -48.1318458, -15.7914896 ] } },
{ "type": "Feature", "properties": { "id_osm": 13731381745, "nome": "Av. Paraíba - QNO 12, AE G (CEE 2)", "tipo": "platform", "ref": null }, "geometry": { "type": "Point", "coordinates": [ -48.1324029, -15.7908343 ] } },
{ "type": "Feature", "properties": { "id_osm": 13731381746, "nome": "QNO 15, Conjunto A", "tipo": "platform", "ref": null }, "geometry": { "type": "Point", "coordinates": [ -48.1328513, -15.7885611 ] } },
{ "type": "Feature", "properties": { "id_osm": 13731381747, "nome": "Av. Paraíba - EQNO 13/15 (CEE 2)", "tipo": "platform", "ref": null }, "geometry": { "type": "Point", "coordinates": [ -48.1328005, -15.7888922 ] } },
{ "type": "Feature", "properties": { "id_osm": 13731381748, "nome": "EQNO 5/7", "tipo": "platform", "ref": null }, "geometry": { "type": "Point", "coordinates": [ -48.1284052, -15.78708 ] } },
{ "type": "Feature", "properties": { "id_osm": 13731381749, "nome": "QNO 7, Conjunto B", "tipo": "platform", "ref": null }, "geometry": { "type": "Point", "coordinates": [ -48.1284448, -15.7869793 ] } },
{ "type": "Feature", "properties": { "id_osm": 13731381750, "nome": "EQNO 5/7", "tipo": "platform", "ref": null }, "geometry": { "type": "Point", "coordinates": [ -48.1264579, -15.7863721 ] } },
{ "type": "Feature", "properties": { "id_osm": 13731381751, "nome": "QNO 7, Conjunto F", "tipo": "platform", "ref": null }, "geometry": { "type": "Point", "coordinates": [ -48.1256955, -15.7859688 ] } },
{ "type": "Feature", "properties": { "id_osm": 13731381752, "nome": "Av. Alagoas - Parque do Setor O", "tipo": "platform", "ref": null }, "geometry": { "type": "Point", "coordinates": [ -48.1246344, -15.7859082 ] } },
{ "type": "Feature", "properties": { "id_osm": 13731381753, "nome": "Av. Alagoas - EQNO 5/7 (Parque do Setor O)", "tipo": "platform", "ref": null }, "geometry": { "type": "Point", "coordinates": [ -48.1248845, -15.7862353 ] } },
{ "type": "Feature", "properties": { "id_osm": 13731381754, "nome": "Av. Alagoas - QNO 6, Conjunto B", "tipo": "platform", "ref": null }, "geometry": { "type": "Point", "coordinates": [ -48.1235937, -15.7886883 ] } },
{ "type": "Feature", "properties": { "id_osm": 13731381755, "nome": "Av. Alagoas - QNO 5, Conjunto P", "tipo": "platform", "ref": null }, "geometry": { "type": "Point", "coordinates": [ -48.1238391, -15.7888654 ] } },
{ "type": "Feature", "properties": { "id_osm": 13731381756, "nome": "Av. Alagoas - QNO 4, Conjunto A", "tipo": "platform", "ref": null }, "geometry": { "type": "Point", "coordinates": [ -48.1216662, -15.7937473 ] } },
{ "type": "Feature", "properties": { "id_osm": 13731381757, "nome": "Av. Alagoas - QNO 3, Conjunto O", "tipo": "platform", "ref": null }, "geometry": { "type": "Point", "coordinates": [ -48.1219585, -15.7937776 ] } },
{ "type": "Feature", "properties": { "id_osm": 13731381758, "nome": "Av. Alagoas - EQNO 3/5", "tipo": "platform", "ref": null }, "geometry": { "type": "Point", "coordinates": [ -48.1229362, -15.7913215 ] } },
{ "type": "Feature", "properties": { "id_osm": 13731381759, "nome": "Av. Alagoas - EQNO 2/4", "tipo": "platform", "ref": null }, "geometry": { "type": "Point", "coordinates": [ -48.1205906, -15.7962921 ] } },
{ "type": "Feature", "properties": { "id_osm": 13731381760, "nome": "Av. Tancredo Neves - QNO 2, Conjunto F", "tipo": "platform", "ref": null }, "geometry": { "type": "Point", "coordinates": [ -48.1171317, -15.7975067 ] } },
{ "type": "Feature", "properties": { "id_osm": 13731381761, "nome": "Av. Tancredo Neves - QNM 10, Conjuntos B-C", "tipo": "platform", "ref": null }, "geometry": { "type": "Point", "coordinates": [ -48.1188096, -15.7987049 ] } },
{ "type": "Feature", "properties": { "id_osm": 13731381762, "nome": "Av. Tancredo Neves - QNO 1, Conjunto E", "tipo": "platform", "ref": null }, "geometry": { "type": "Point", "coordinates": [ -48.1214269, -15.7997542 ] } },
{ "type": "Feature", "properties": { "id_osm": 13731381763, "nome": "Av. Tancredo Neves - QNN 9, Conjunto E", "tipo": "platform", "ref": null }, "geometry": { "type": "Point", "coordinates": [ -48.121458, -15.800092 ] } },
{ "type": "Feature", "properties": { "id_osm": 13731393854, "nome": "Av. Pernambuco - EQNO 13/15", "tipo": "platform", "ref": null }, "geometry": { "type": "Point", "coordinates": [ -48.1290044, -15.7876062 ] } },
{ "type": "Feature", "properties": { "id_osm": 13731393855, "nome": "Av. Pernambuco - EQNO 5/7 (Supermercado Caíque)", "tipo": "platform", "ref": null }, "geometry": { "type": "Point", "coordinates": [ -48.128653, -15.787512 ] } },
{ "type": "Feature", "properties": { "id_osm": 13731393856, "nome": "Setor O Qno 5 Conjunto A", "tipo": "platform", "ref": null }, "geometry": { "type": "Point", "coordinates": [ -48.1277159, -15.7900372 ] } },
{ "type": "Feature", "properties": { "id_osm": 13731393857, "nome": "Av. Pernambuco - QNO 13, Conjunto O", "tipo": "platform", "ref": null }, "geometry": { "type": "Point", "coordinates": [ -48.1280217, -15.790081 ] } },
{ "type": "Feature", "properties": { "id_osm": 13731393858, "nome": "Av. Pernambuco - EQNO 11/13 (Supermercado Veneza)", "tipo": "platform", "ref": null }, "geometry": { "type": "Point", "coordinates": [ -48.126996, -15.792783 ] } },
{ "type": "Feature", "properties": { "id_osm": 13731393859, "nome": "Av. Pernambuco - EQNO 3/5 (Supermercado Serve Mais)", "tipo": "platform", "ref": null }, "geometry": { "type": "Point", "coordinates": [ -48.1266604, -15.7926704 ] } },
{ "type": "Feature", "properties": { "id_osm": 13731393860, "nome": "Av. Pernambuco - QNO 3, Conjunto A", "tipo": "platform", "ref": null }, "geometry": { "type": "Point", "coordinates": [ -48.1257532, -15.7951604 ] } },
{ "type": "Feature", "properties": { "id_osm": 13731393861, "nome": "Av. Pernambuco - QNO 3, Conjunto A", "tipo": "platform", "ref": null }, "geometry": { "type": "Point", "coordinates": [ -48.1260368, -15.7952501 ] } },
{ "type": "Feature", "properties": { "id_osm": 13731393862, "nome": "Av. Pernambuco - EQNO 9/11", "tipo": "platform", "ref": null }, "geometry": { "type": "Point", "coordinates": [ -48.1250223, -15.7979571 ] } },
{ "type": "Feature", "properties": { "id_osm": 13731393863, "nome": "Av. Pernambuco - EQNO 1/3 (Supermercado Veneza)", "tipo": "platform", "ref": null }, "geometry": { "type": "Point", "coordinates": [ -48.1246997, -15.79784 ] } },
{ "type": "Feature", "properties": { "id_osm": 13731393865, "nome": "Av. Pernambuco - QNO 1 (Lado Oposto ao Centro Olímpico)", "tipo": "platform", "ref": null }, "geometry": { "type": "Point", "coordinates": [ -48.1236148, -15.8006454 ] } },
{ "type": "Feature", "properties": { "id_osm": 13773040191, "nome": null, "tipo": "platform", "ref": null }, "geometry": { "type": "Point", "coordinates": [ -48.0119769, -15.8152909 ] } },
{ "type": "Feature", "properties": { "id_osm": 13785494770, "nome": null, "tipo": "platform", "ref": null }, "geometry": { "type": "Point", "coordinates": [ -48.2962157, -15.9334809 ] } },
{ "type": "Feature", "properties": { "id_osm": 13785503801, "nome": null, "tipo": "platform", "ref": null }, "geometry": { "type": "Point", "coordinates": [ -48.2932949, -15.9331292 ] } },
{ "type": "Feature", "properties": { "id_osm": 13785503802, "nome": null, "tipo": "platform", "ref": null }, "geometry": { "type": "Point", "coordinates": [ -48.2933217, -15.9332917 ] } },
{ "type": "Feature", "properties": { "id_osm": 13785503803, "nome": null, "tipo": "platform", "ref": null }, "geometry": { "type": "Point", "coordinates": [ -48.294351, -15.932169 ] } },
{ "type": "Feature", "properties": { "id_osm": 13785503804, "nome": null, "tipo": "platform", "ref": null }, "geometry": { "type": "Point", "coordinates": [ -48.2944191, -15.9323552 ] } },
{ "type": "Feature", "properties": { "id_osm": 13785503805, "nome": null, "tipo": "platform", "ref": null }, "geometry": { "type": "Point", "coordinates": [ -48.2953069, -15.9303351 ] } },
{ "type": "Feature", "properties": { "id_osm": 13785503806, "nome": null, "tipo": "platform", "ref": null }, "geometry": { "type": "Point", "coordinates": [ -48.2958613, -15.92844 ] } },
{ "type": "Feature", "properties": { "id_osm": 13788474372, "nome": null, "tipo": "platform", "ref": null }, "geometry": { "type": "Point", "coordinates": [ -48.2895532, -15.9344263 ] } },
{ "type": "Feature", "properties": { "id_osm": 13788474373, "nome": null, "tipo": "platform", "ref": null }, "geometry": { "type": "Point", "coordinates": [ -48.2895228, -15.9342606 ] } },
{ "type": "Feature", "properties": { "id_osm": 13788474391, "nome": null, "tipo": "platform", "ref": null }, "geometry": { "type": "Point", "coordinates": [ -48.2857519, -15.9351297 ] } },
{ "type": "Feature", "properties": { "id_osm": 13788474392, "nome": null, "tipo": "platform", "ref": null }, "geometry": { "type": "Point", "coordinates": [ -48.2857668, -15.9348739 ] } },
{ "type": "Feature", "properties": { "id_osm": 13788474393, "nome": null, "tipo": "platform", "ref": null }, "geometry": { "type": "Point", "coordinates": [ -48.2811144, -15.9366727 ] } },
{ "type": "Feature", "properties": { "id_osm": 13788474394, "nome": null, "tipo": "platform", "ref": null }, "geometry": { "type": "Point", "coordinates": [ -48.2810293, -15.9364946 ] } },
{ "type": "Feature", "properties": { "id_osm": 13905623359, "nome": "Av. Areal - QS 5 próximo à Rua 100", "tipo": "platform", "ref": null }, "geometry": { "type": "Point", "coordinates": [ -48.0342442, -15.8537272 ] } }
]
}
